sourceId,metricId,period,windowId,status,reasonCode,firstRelease,admittedCount
PBOC_AFRE_STOCK_OFFICIAL_RELEASE,MACRO_AFRE_STOCK_BALANCE,2002-01,pbc-afre-stock-balance-2015-v1-backcast-search,MISSING,RELEASE_NOT_LOCATED,False,0
PBOC_AFRE_STOCK_OFFICIAL_RELEASE,MACRO_AFRE_STOCK_BALANCE,2002-02,pbc-afre-stock-balance-2015-v1-backcast-search,MISSING,RELEASE_NOT_LOCATED,False,0
PBOC_AFRE_STOCK_OFFICIAL_RELEASE,MACRO_AFRE_STOCK_BALANCE,2002-03,pbc-afre-stock-balance-2015-v1-backcast-search,MISSING,RELEASE_NOT_LOCATED,False,0
PBOC_AFRE_STOCK_OFFICIAL_RELEASE,MACRO_AFRE_STOCK_BALANCE,2002-04,pbc-afre-stock-balance-2015-v1-backcast-search,MISSING,RELEASE_NOT_LOCATED,False,0
PBOC_AFRE_STOCK_OFFICIAL_RELEASE,MACRO_AFRE_STOCK_BALANCE,2002-05,pbc-afre-stock-balance-2015-v1-backcast-search,MISSING,RELEASE_NOT_LOCATED,False,0
PBOC_AFRE_STOCK_OFFICIAL_RELEASE,MACRO_AFRE_STOCK_BALANCE,2002-06,pbc-afre-stock-balance-2015-v1-backcast-search,MISSING,RELEASE_NOT_LOCATED,False,0
PBOC_AFRE_STOCK_OFFICIAL_RELEASE,MACRO_AFRE_STOCK_BALANCE,2002-07,pbc-afre-stock-balance-2015-v1-backcast-search,MISSING,RELEASE_NOT_LOCATED,False,0
PBOC_AFRE_STOCK_OFFICIAL_RELEASE,MACRO_AFRE_STOCK_BALANCE,2002-08,pbc-afre-stock-balance-2015-v1-backcast-search,MISSING,RELEASE_NOT_LOCATED,False,0
PBOC_AFRE_STOCK_OFFICIAL_RELEASE,MACRO_AFRE_STOCK_BALANCE,2002-09,pbc-afre-stock-balance-2015-v1-backcast-search,MISSING,RELEASE_NOT_LOCATED,False,0
PBOC_AFRE_STOCK_OFFICIAL_RELEASE,MACRO_AFRE_STOCK_BALANCE,2002-10,pbc-afre-stock-balance-2015-v1-backcast-search,MISSING,RELEASE_NOT_LOCATED,False,0
PBOC_AFRE_STOCK_OFFICIAL_RELEASE,MACRO_AFRE_STOCK_BALANCE,2002-11,pbc-afre-stock-balance-2015-v1-backcast-search,MISSING,RELEASE_NOT_LOCATED,False,0
PBOC_AFRE_STOCK_OFFICIAL_RELEASE,MACRO_AFRE_STOCK_BALANCE,2002-12,pbc-afre-stock-balance-2015-v1-backcast-search,MISSING,RELEASE_NOT_LOCATED,False,0
PBOC_AFRE_STOCK_OFFICIAL_RELEASE,MACRO_AFRE_STOCK_BALANCE,2003-01,pbc-afre-stock-balance-2015-v1-backcast-search,MISSING,RELEASE_NOT_LOCATED,False,0
PBOC_AFRE_STOCK_OFFICIAL_RELEASE,MACRO_AFRE_STOCK_BALANCE,2003-02,pbc-afre-stock-balance-2015-v1-backcast-search,MISSING,RELEASE_NOT_LOCATED,False,0
PBOC_AFRE_STOCK_OFFICIAL_RELEASE,MACRO_AFRE_STOCK_BALANCE,2003-03,pbc-afre-stock-balance-2015-v1-backcast-search,MISSING,RELEASE_NOT_LOCATED,False,0
PBOC_AFRE_STOCK_OFFICIAL_RELEASE,MACRO_AFRE_STOCK_BALANCE,2003-04,pbc-afre-stock-balance-2015-v1-backcast-search,MISSING,RELEASE_NOT_LOCATED,False,0
PBOC_AFRE_STOCK_OFFICIAL_RELEASE,MACRO_AFRE_STOCK_BALANCE,2003-05,pbc-afre-stock-balance-2015-v1-backcast-search,MISSING,RELEASE_NOT_LOCATED,False,0
PBOC_AFRE_STOCK_OFFICIAL_RELEASE,MACRO_AFRE_STOCK_BALANCE,2003-06,pbc-afre-stock-balance-2015-v1-backcast-search,MISSING,RELEASE_NOT_LOCATED,False,0
PBOC_AFRE_STOCK_OFFICIAL_RELEASE,MACRO_AFRE_STOCK_BALANCE,2003-07,pbc-afre-stock-balance-2015-v1-backcast-search,MISSING,RELEASE_NOT_LOCATED,False,0
PBOC_AFRE_STOCK_OFFICIAL_RELEASE,MACRO_AFRE_STOCK_BALANCE,2003-08,pbc-afre-stock-balance-2015-v1-backcast-search,MISSING,RELEASE_NOT_LOCATED,False,0
PBOC_AFRE_STOCK_OFFICIAL_RELEASE,MACRO_AFRE_STOCK_BALANCE,2003-09,pbc-afre-stock-balance-2015-v1-backcast-search,MISSING,RELEASE_NOT_LOCATED,False,0
PBOC_AFRE_STOCK_OFFICIAL_RELEASE,MACRO_AFRE_STOCK_BALANCE,2003-10,pbc-afre-stock-balance-2015-v1-backcast-search,MISSING,RELEASE_NOT_LOCATED,False,0
PBOC_AFRE_STOCK_OFFICIAL_RELEASE,MACRO_AFRE_STOCK_BALANCE,2003-11,pbc-afre-stock-balance-2015-v1-backcast-search,MISSING,RELEASE_NOT_LOCATED,False,0
PBOC_AFRE_STOCK_OFFICIAL_RELEASE,MACRO_AFRE_STOCK_BALANCE,2003-12,pbc-afre-stock-balance-2015-v1-backcast-search,MISSING,RELEASE_NOT_LOCATED,False,0
PBOC_AFRE_STOCK_OFFICIAL_RELEASE,MACRO_AFRE_STOCK_BALANCE,2004-01,pbc-afre-stock-balance-2015-v1-backcast-search,MISSING,RELEASE_NOT_LOCATED,False,0
PBOC_AFRE_STOCK_OFFICIAL_RELEASE,MACRO_AFRE_STOCK_BALANCE,2004-02,pbc-afre-stock-balance-2015-v1-backcast-search,MISSING,RELEASE_NOT_LOCATED,False,0
PBOC_AFRE_STOCK_OFFICIAL_RELEASE,MACRO_AFRE_STOCK_BALANCE,2004-03,pbc-afre-stock-balance-2015-v1-backcast-search,MISSING,RELEASE_NOT_LOCATED,False,0
PBOC_AFRE_STOCK_OFFICIAL_RELEASE,MACRO_AFRE_STOCK_BALANCE,2004-04,pbc-afre-stock-balance-2015-v1-backcast-search,MISSING,RELEASE_NOT_LOCATED,False,0
PBOC_AFRE_STOCK_OFFICIAL_RELEASE,MACRO_AFRE_STOCK_BALANCE,2004-05,pbc-afre-stock-balance-2015-v1-backcast-search,MISSING,RELEASE_NOT_LOCATED,False,0
PBOC_AFRE_STOCK_OFFICIAL_RELEASE,MACRO_AFRE_STOCK_BALANCE,2004-06,pbc-afre-stock-balance-2015-v1-backcast-search,MISSING,RELEASE_NOT_LOCATED,False,0
PBOC_AFRE_STOCK_OFFICIAL_RELEASE,MACRO_AFRE_STOCK_BALANCE,2004-07,pbc-afre-stock-balance-2015-v1-backcast-search,MISSING,RELEASE_NOT_LOCATED,False,0
PBOC_AFRE_STOCK_OFFICIAL_RELEASE,MACRO_AFRE_STOCK_BALANCE,2004-08,pbc-afre-stock-balance-2015-v1-backcast-search,MISSING,RELEASE_NOT_LOCATED,False,0
PBOC_AFRE_STOCK_OFFICIAL_RELEASE,MACRO_AFRE_STOCK_BALANCE,2004-09,pbc-afre-stock-balance-2015-v1-backcast-search,MISSING,RELEASE_NOT_LOCATED,False,0
PBOC_AFRE_STOCK_OFFICIAL_RELEASE,MACRO_AFRE_STOCK_BALANCE,2004-10,pbc-afre-stock-balance-2015-v1-backcast-search,MISSING,RELEASE_NOT_LOCATED,False,0
PBOC_AFRE_STOCK_OFFICIAL_RELEASE,MACRO_AFRE_STOCK_BALANCE,2004-11,pbc-afre-stock-balance-2015-v1-backcast-search,MISSING,RELEASE_NOT_LOCATED,False,0
PBOC_AFRE_STOCK_OFFICIAL_RELEASE,MACRO_AFRE_STOCK_BALANCE,2004-12,pbc-afre-stock-balance-2015-v1-backcast-search,MISSING,RELEASE_NOT_LOCATED,False,0
PBOC_AFRE_STOCK_OFFICIAL_RELEASE,MACRO_AFRE_STOCK_BALANCE,2005-01,pbc-afre-stock-balance-2015-v1-backcast-search,MISSING,RELEASE_NOT_LOCATED,False,0
PBOC_AFRE_STOCK_OFFICIAL_RELEASE,MACRO_AFRE_STOCK_BALANCE,2005-02,pbc-afre-stock-balance-2015-v1-backcast-search,MISSING,RELEASE_NOT_LOCATED,False,0
PBOC_AFRE_STOCK_OFFICIAL_RELEASE,MACRO_AFRE_STOCK_BALANCE,2005-03,pbc-afre-stock-balance-2015-v1-backcast-search,MISSING,RELEASE_NOT_LOCATED,False,0
PBOC_AFRE_STOCK_OFFICIAL_RELEASE,MACRO_AFRE_STOCK_BALANCE,2005-04,pbc-afre-stock-balance-2015-v1-backcast-search,MISSING,RELEASE_NOT_LOCATED,False,0
PBOC_AFRE_STOCK_OFFICIAL_RELEASE,MACRO_AFRE_STOCK_BALANCE,2005-05,pbc-afre-stock-balance-2015-v1-backcast-search,MISSING,RELEASE_NOT_LOCATED,False,0
PBOC_AFRE_STOCK_OFFICIAL_RELEASE,MACRO_AFRE_STOCK_BALANCE,2005-06,pbc-afre-stock-balance-2015-v1-backcast-search,MISSING,RELEASE_NOT_LOCATED,False,0
PBOC_AFRE_STOCK_OFFICIAL_RELEASE,MACRO_AFRE_STOCK_BALANCE,2005-07,pbc-afre-stock-balance-2015-v1-backcast-search,MISSING,RELEASE_NOT_LOCATED,False,0
PBOC_AFRE_STOCK_OFFICIAL_RELEASE,MACRO_AFRE_STOCK_BALANCE,2005-08,pbc-afre-stock-balance-2015-v1-backcast-search,MISSING,RELEASE_NOT_LOCATED,False,0
PBOC_AFRE_STOCK_OFFICIAL_RELEASE,MACRO_AFRE_STOCK_BALANCE,2005-09,pbc-afre-stock-balance-2015-v1-backcast-search,MISSING,RELEASE_NOT_LOCATED,False,0
PBOC_AFRE_STOCK_OFFICIAL_RELEASE,MACRO_AFRE_STOCK_BALANCE,2005-10,pbc-afre-stock-balance-2015-v1-backcast-search,MISSING,RELEASE_NOT_LOCATED,False,0
PBOC_AFRE_STOCK_OFFICIAL_RELEASE,MACRO_AFRE_STOCK_BALANCE,2005-11,pbc-afre-stock-balance-2015-v1-backcast-search,MISSING,RELEASE_NOT_LOCATED,False,0
PBOC_AFRE_STOCK_OFFICIAL_RELEASE,MACRO_AFRE_STOCK_BALANCE,2005-12,pbc-afre-stock-balance-2015-v1-backcast-search,MISSING,RELEASE_NOT_LOCATED,False,0
PBOC_AFRE_STOCK_OFFICIAL_RELEASE,MACRO_AFRE_STOCK_BALANCE,2006-01,pbc-afre-stock-balance-2015-v1-backcast-search,MISSING,RELEASE_NOT_LOCATED,False,0
PBOC_AFRE_STOCK_OFFICIAL_RELEASE,MACRO_AFRE_STOCK_BALANCE,2006-02,pbc-afre-stock-balance-2015-v1-backcast-search,MISSING,RELEASE_NOT_LOCATED,False,0
PBOC_AFRE_STOCK_OFFICIAL_RELEASE,MACRO_AFRE_STOCK_BALANCE,2006-03,pbc-afre-stock-balance-2015-v1-backcast-search,MISSING,RELEASE_NOT_LOCATED,False,0
PBOC_AFRE_STOCK_OFFICIAL_RELEASE,MACRO_AFRE_STOCK_BALANCE,2006-04,pbc-afre-stock-balance-2015-v1-backcast-search,MISSING,RELEASE_NOT_LOCATED,False,0
PBOC_AFRE_STOCK_OFFICIAL_RELEASE,MACRO_AFRE_STOCK_BALANCE,2006-05,pbc-afre-stock-balance-2015-v1-backcast-search,MISSING,RELEASE_NOT_LOCATED,False,0
PBOC_AFRE_STOCK_OFFICIAL_RELEASE,MACRO_AFRE_STOCK_BALANCE,2006-06,pbc-afre-stock-balance-2015-v1-backcast-search,MISSING,RELEASE_NOT_LOCATED,False,0
PBOC_AFRE_STOCK_OFFICIAL_RELEASE,MACRO_AFRE_STOCK_BALANCE,2006-07,pbc-afre-stock-balance-2015-v1-backcast-search,MISSING,RELEASE_NOT_LOCATED,False,0
PBOC_AFRE_STOCK_OFFICIAL_RELEASE,MACRO_AFRE_STOCK_BALANCE,2006-08,pbc-afre-stock-balance-2015-v1-backcast-search,MISSING,RELEASE_NOT_LOCATED,False,0
PBOC_AFRE_STOCK_OFFICIAL_RELEASE,MACRO_AFRE_STOCK_BALANCE,2006-09,pbc-afre-stock-balance-2015-v1-backcast-search,MISSING,RELEASE_NOT_LOCATED,False,0
PBOC_AFRE_STOCK_OFFICIAL_RELEASE,MACRO_AFRE_STOCK_BALANCE,2006-10,pbc-afre-stock-balance-2015-v1-backcast-search,MISSING,RELEASE_NOT_LOCATED,False,0
PBOC_AFRE_STOCK_OFFICIAL_RELEASE,MACRO_AFRE_STOCK_BALANCE,2006-11,pbc-afre-stock-balance-2015-v1-backcast-search,MISSING,RELEASE_NOT_LOCATED,False,0
PBOC_AFRE_STOCK_OFFICIAL_RELEASE,MACRO_AFRE_STOCK_BALANCE,2006-12,pbc-afre-stock-balance-2015-v1-backcast-search,MISSING,RELEASE_NOT_LOCATED,False,0
PBOC_AFRE_STOCK_OFFICIAL_RELEASE,MACRO_AFRE_STOCK_BALANCE,2007-01,pbc-afre-stock-balance-2015-v1-backcast-search,MISSING,RELEASE_NOT_LOCATED,False,0
PBOC_AFRE_STOCK_OFFICIAL_RELEASE,MACRO_AFRE_STOCK_BALANCE,2007-02,pbc-afre-stock-balance-2015-v1-backcast-search,MISSING,RELEASE_NOT_LOCATED,False,0
PBOC_AFRE_STOCK_OFFICIAL_RELEASE,MACRO_AFRE_STOCK_BALANCE,2007-03,pbc-afre-stock-balance-2015-v1-backcast-search,MISSING,RELEASE_NOT_LOCATED,False,0
PBOC_AFRE_STOCK_OFFICIAL_RELEASE,MACRO_AFRE_STOCK_BALANCE,2007-04,pbc-afre-stock-balance-2015-v1-backcast-search,MISSING,RELEASE_NOT_LOCATED,False,0
PBOC_AFRE_STOCK_OFFICIAL_RELEASE,MACRO_AFRE_STOCK_BALANCE,2007-05,pbc-afre-stock-balance-2015-v1-backcast-search,MISSING,RELEASE_NOT_LOCATED,False,0
PBOC_AFRE_STOCK_OFFICIAL_RELEASE,MACRO_AFRE_STOCK_BALANCE,2007-06,pbc-afre-stock-balance-2015-v1-backcast-search,MISSING,RELEASE_NOT_LOCATED,False,0
PBOC_AFRE_STOCK_OFFICIAL_RELEASE,MACRO_AFRE_STOCK_BALANCE,2007-07,pbc-afre-stock-balance-2015-v1-backcast-search,MISSING,RELEASE_NOT_LOCATED,False,0
PBOC_AFRE_STOCK_OFFICIAL_RELEASE,MACRO_AFRE_STOCK_BALANCE,2007-08,pbc-afre-stock-balance-2015-v1-backcast-search,MISSING,RELEASE_NOT_LOCATED,False,0
PBOC_AFRE_STOCK_OFFICIAL_RELEASE,MACRO_AFRE_STOCK_BALANCE,2007-09,pbc-afre-stock-balance-2015-v1-backcast-search,MISSING,RELEASE_NOT_LOCATED,False,0
PBOC_AFRE_STOCK_OFFICIAL_RELEASE,MACRO_AFRE_STOCK_BALANCE,2007-10,pbc-afre-stock-balance-2015-v1-backcast-search,MISSING,RELEASE_NOT_LOCATED,False,0
PBOC_AFRE_STOCK_OFFICIAL_RELEASE,MACRO_AFRE_STOCK_BALANCE,2007-11,pbc-afre-stock-balance-2015-v1-backcast-search,MISSING,RELEASE_NOT_LOCATED,False,0
PBOC_AFRE_STOCK_OFFICIAL_RELEASE,MACRO_AFRE_STOCK_BALANCE,2007-12,pbc-afre-stock-balance-2015-v1-backcast-search,MISSING,RELEASE_NOT_LOCATED,False,0
PBOC_AFRE_STOCK_OFFICIAL_RELEASE,MACRO_AFRE_STOCK_BALANCE,2008-01,pbc-afre-stock-balance-2015-v1-backcast-search,MISSING,RELEASE_NOT_LOCATED,False,0
PBOC_AFRE_STOCK_OFFICIAL_RELEASE,MACRO_AFRE_STOCK_BALANCE,2008-02,pbc-afre-stock-balance-2015-v1-backcast-search,MISSING,RELEASE_NOT_LOCATED,False,0
PBOC_AFRE_STOCK_OFFICIAL_RELEASE,MACRO_AFRE_STOCK_BALANCE,2008-03,pbc-afre-stock-balance-2015-v1-backcast-search,MISSING,RELEASE_NOT_LOCATED,False,0
PBOC_AFRE_STOCK_OFFICIAL_RELEASE,MACRO_AFRE_STOCK_BALANCE,2008-04,pbc-afre-stock-balance-2015-v1-backcast-search,MISSING,RELEASE_NOT_LOCATED,False,0
PBOC_AFRE_STOCK_OFFICIAL_RELEASE,MACRO_AFRE_STOCK_BALANCE,2008-05,pbc-afre-stock-balance-2015-v1-backcast-search,MISSING,RELEASE_NOT_LOCATED,False,0
PBOC_AFRE_STOCK_OFFICIAL_RELEASE,MACRO_AFRE_STOCK_BALANCE,2008-06,pbc-afre-stock-balance-2015-v1-backcast-search,MISSING,RELEASE_NOT_LOCATED,False,0
PBOC_AFRE_STOCK_OFFICIAL_RELEASE,MACRO_AFRE_STOCK_BALANCE,2008-07,pbc-afre-stock-balance-2015-v1-backcast-search,MISSING,RELEASE_NOT_LOCATED,False,0
PBOC_AFRE_STOCK_OFFICIAL_RELEASE,MACRO_AFRE_STOCK_BALANCE,2008-08,pbc-afre-stock-balance-2015-v1-backcast-search,MISSING,RELEASE_NOT_LOCATED,False,0
PBOC_AFRE_STOCK_OFFICIAL_RELEASE,MACRO_AFRE_STOCK_BALANCE,2008-09,pbc-afre-stock-balance-2015-v1-backcast-search,MISSING,RELEASE_NOT_LOCATED,False,0
PBOC_AFRE_STOCK_OFFICIAL_RELEASE,MACRO_AFRE_STOCK_BALANCE,2008-10,pbc-afre-stock-balance-2015-v1-backcast-search,MISSING,RELEASE_NOT_LOCATED,False,0
PBOC_AFRE_STOCK_OFFICIAL_RELEASE,MACRO_AFRE_STOCK_BALANCE,2008-11,pbc-afre-stock-balance-2015-v1-backcast-search,MISSING,RELEASE_NOT_LOCATED,False,0
PBOC_AFRE_STOCK_OFFICIAL_RELEASE,MACRO_AFRE_STOCK_BALANCE,2008-12,pbc-afre-stock-balance-2015-v1-backcast-search,MISSING,RELEASE_NOT_LOCATED,False,0
PBOC_AFRE_STOCK_OFFICIAL_RELEASE,MACRO_AFRE_STOCK_BALANCE,2009-01,pbc-afre-stock-balance-2015-v1-backcast-search,MISSING,RELEASE_NOT_LOCATED,False,0
PBOC_AFRE_STOCK_OFFICIAL_RELEASE,MACRO_AFRE_STOCK_BALANCE,2009-02,pbc-afre-stock-balance-2015-v1-backcast-search,MISSING,RELEASE_NOT_LOCATED,False,0
PBOC_AFRE_STOCK_OFFICIAL_RELEASE,MACRO_AFRE_STOCK_BALANCE,2009-03,pbc-afre-stock-balance-2015-v1-backcast-search,MISSING,RELEASE_NOT_LOCATED,False,0
PBOC_AFRE_STOCK_OFFICIAL_RELEASE,MACRO_AFRE_STOCK_BALANCE,2009-04,pbc-afre-stock-balance-2015-v1-backcast-search,MISSING,RELEASE_NOT_LOCATED,False,0
PBOC_AFRE_STOCK_OFFICIAL_RELEASE,MACRO_AFRE_STOCK_BALANCE,2009-05,pbc-afre-stock-balance-2015-v1-backcast-search,MISSING,RELEASE_NOT_LOCATED,False,0
PBOC_AFRE_STOCK_OFFICIAL_RELEASE,MACRO_AFRE_STOCK_BALANCE,2009-06,pbc-afre-stock-balance-2015-v1-backcast-search,MISSING,RELEASE_NOT_LOCATED,False,0
PBOC_AFRE_STOCK_OFFICIAL_RELEASE,MACRO_AFRE_STOCK_BALANCE,2009-07,pbc-afre-stock-balance-2015-v1-backcast-search,MISSING,RELEASE_NOT_LOCATED,False,0
PBOC_AFRE_STOCK_OFFICIAL_RELEASE,MACRO_AFRE_STOCK_BALANCE,2009-08,pbc-afre-stock-balance-2015-v1-backcast-search,MISSING,RELEASE_NOT_LOCATED,False,0
PBOC_AFRE_STOCK_OFFICIAL_RELEASE,MACRO_AFRE_STOCK_BALANCE,2009-09,pbc-afre-stock-balance-2015-v1-backcast-search,MISSING,RELEASE_NOT_LOCATED,False,0
PBOC_AFRE_STOCK_OFFICIAL_RELEASE,MACRO_AFRE_STOCK_BALANCE,2009-10,pbc-afre-stock-balance-2015-v1-backcast-search,MISSING,RELEASE_NOT_LOCATED,False,0
PBOC_AFRE_STOCK_OFFICIAL_RELEASE,MACRO_AFRE_STOCK_BALANCE,2009-11,pbc-afre-stock-balance-2015-v1-backcast-search,MISSING,RELEASE_NOT_LOCATED,False,0
PBOC_AFRE_STOCK_OFFICIAL_RELEASE,MACRO_AFRE_STOCK_BALANCE,2009-12,pbc-afre-stock-balance-2015-v1-backcast-search,MISSING,RELEASE_NOT_LOCATED,False,0
PBOC_AFRE_STOCK_OFFICIAL_RELEASE,MACRO_AFRE_STOCK_BALANCE,2010-01,pbc-afre-stock-balance-2015-v1-backcast-search,MISSING,RELEASE_NOT_LOCATED,False,0
PBOC_AFRE_STOCK_OFFICIAL_RELEASE,MACRO_AFRE_STOCK_BALANCE,2010-02,pbc-afre-stock-balance-2015-v1-backcast-search,MISSING,RELEASE_NOT_LOCATED,False,0
PBOC_AFRE_STOCK_OFFICIAL_RELEASE,MACRO_AFRE_STOCK_BALANCE,2010-03,pbc-afre-stock-balance-2015-v1-backcast-search,MISSING,RELEASE_NOT_LOCATED,False,0
PBOC_AFRE_STOCK_OFFICIAL_RELEASE,MACRO_AFRE_STOCK_BALANCE,2010-04,pbc-afre-stock-balance-2015-v1-backcast-search,MISSING,RELEASE_NOT_LOCATED,False,0
PBOC_AFRE_STOCK_OFFICIAL_RELEASE,MACRO_AFRE_STOCK_BALANCE,2010-05,pbc-afre-stock-balance-2015-v1-backcast-search,MISSING,RELEASE_NOT_LOCATED,False,0
PBOC_AFRE_STOCK_OFFICIAL_RELEASE,MACRO_AFRE_STOCK_BALANCE,2010-06,pbc-afre-stock-balance-2015-v1-backcast-search,MISSING,RELEASE_NOT_LOCATED,False,0
PBOC_AFRE_STOCK_OFFICIAL_RELEASE,MACRO_AFRE_STOCK_BALANCE,2010-07,pbc-afre-stock-balance-2015-v1-backcast-search,MISSING,RELEASE_NOT_LOCATED,False,0
PBOC_AFRE_STOCK_OFFICIAL_RELEASE,MACRO_AFRE_STOCK_BALANCE,2010-08,pbc-afre-stock-balance-2015-v1-backcast-search,MISSING,RELEASE_NOT_LOCATED,False,0
PBOC_AFRE_STOCK_OFFICIAL_RELEASE,MACRO_AFRE_STOCK_BALANCE,2010-09,pbc-afre-stock-balance-2015-v1-backcast-search,MISSING,RELEASE_NOT_LOCATED,False,0
PBOC_AFRE_STOCK_OFFICIAL_RELEASE,MACRO_AFRE_STOCK_BALANCE,2010-10,pbc-afre-stock-balance-2015-v1-backcast-search,MISSING,RELEASE_NOT_LOCATED,False,0
PBOC_AFRE_STOCK_OFFICIAL_RELEASE,MACRO_AFRE_STOCK_BALANCE,2010-11,pbc-afre-stock-balance-2015-v1-backcast-search,MISSING,RELEASE_NOT_LOCATED,False,0
PBOC_AFRE_STOCK_OFFICIAL_RELEASE,MACRO_AFRE_STOCK_BALANCE,2010-12,pbc-afre-stock-balance-2015-v1-backcast-search,MISSING,RELEASE_NOT_LOCATED,False,0
PBOC_AFRE_STOCK_OFFICIAL_RELEASE,MACRO_AFRE_STOCK_BALANCE,2011-01,pbc-afre-stock-balance-2015-v1-backcast-search,MISSING,RELEASE_NOT_LOCATED,False,0
PBOC_AFRE_STOCK_OFFICIAL_RELEASE,MACRO_AFRE_STOCK_BALANCE,2011-02,pbc-afre-stock-balance-2015-v1-backcast-search,MISSING,RELEASE_NOT_LOCATED,False,0
PBOC_AFRE_STOCK_OFFICIAL_RELEASE,MACRO_AFRE_STOCK_BALANCE,2011-03,pbc-afre-stock-balance-2015-v1-backcast-search,MISSING,RELEASE_NOT_LOCATED,False,0
PBOC_AFRE_STOCK_OFFICIAL_RELEASE,MACRO_AFRE_STOCK_BALANCE,2011-04,pbc-afre-stock-balance-2015-v1-backcast-search,MISSING,RELEASE_NOT_LOCATED,False,0
PBOC_AFRE_STOCK_OFFICIAL_RELEASE,MACRO_AFRE_STOCK_BALANCE,2011-05,pbc-afre-stock-balance-2015-v1-backcast-search,MISSING,RELEASE_NOT_LOCATED,False,0
PBOC_AFRE_STOCK_OFFICIAL_RELEASE,MACRO_AFRE_STOCK_BALANCE,2011-06,pbc-afre-stock-balance-2015-v1-backcast-search,MISSING,RELEASE_NOT_LOCATED,False,0
PBOC_AFRE_STOCK_OFFICIAL_RELEASE,MACRO_AFRE_STOCK_BALANCE,2011-07,pbc-afre-stock-balance-2015-v1-backcast-search,MISSING,RELEASE_NOT_LOCATED,False,0
PBOC_AFRE_STOCK_OFFICIAL_RELEASE,MACRO_AFRE_STOCK_BALANCE,2011-08,pbc-afre-stock-balance-2015-v1-backcast-search,MISSING,RELEASE_NOT_LOCATED,False,0
PBOC_AFRE_STOCK_OFFICIAL_RELEASE,MACRO_AFRE_STOCK_BALANCE,2011-09,pbc-afre-stock-balance-2015-v1-backcast-search,MISSING,RELEASE_NOT_LOCATED,False,0
PBOC_AFRE_STOCK_OFFICIAL_RELEASE,MACRO_AFRE_STOCK_BALANCE,2011-10,pbc-afre-stock-balance-2015-v1-backcast-search,MISSING,RELEASE_NOT_LOCATED,False,0
PBOC_AFRE_STOCK_OFFICIAL_RELEASE,MACRO_AFRE_STOCK_BALANCE,2011-11,pbc-afre-stock-balance-2015-v1-backcast-search,MISSING,RELEASE_NOT_LOCATED,False,0
PBOC_AFRE_STOCK_OFFICIAL_RELEASE,MACRO_AFRE_STOCK_BALANCE,2011-12,pbc-afre-stock-balance-2015-v1-backcast-search,MISSING,RELEASE_NOT_LOCATED,False,0
PBOC_AFRE_STOCK_OFFICIAL_RELEASE,MACRO_AFRE_STOCK_BALANCE,2012-01,pbc-afre-stock-balance-2015-v1-backcast-search,MISSING,RELEASE_NOT_LOCATED,False,0
PBOC_AFRE_STOCK_OFFICIAL_RELEASE,MACRO_AFRE_STOCK_BALANCE,2012-02,pbc-afre-stock-balance-2015-v1-backcast-search,MISSING,RELEASE_NOT_LOCATED,False,0
PBOC_AFRE_STOCK_OFFICIAL_RELEASE,MACRO_AFRE_STOCK_BALANCE,2012-03,pbc-afre-stock-balance-2015-v1-backcast-search,MISSING,RELEASE_NOT_LOCATED,False,0
PBOC_AFRE_STOCK_OFFICIAL_RELEASE,MACRO_AFRE_STOCK_BALANCE,2012-04,pbc-afre-stock-balance-2015-v1-backcast-search,MISSING,RELEASE_NOT_LOCATED,False,0
PBOC_AFRE_STOCK_OFFICIAL_RELEASE,MACRO_AFRE_STOCK_BALANCE,2012-05,pbc-afre-stock-balance-2015-v1-backcast-search,MISSING,RELEASE_NOT_LOCATED,False,0
PBOC_AFRE_STOCK_OFFICIAL_RELEASE,MACRO_AFRE_STOCK_BALANCE,2012-06,pbc-afre-stock-balance-2015-v1-backcast-search,MISSING,RELEASE_NOT_LOCATED,False,0
PBOC_AFRE_STOCK_OFFICIAL_RELEASE,MACRO_AFRE_STOCK_BALANCE,2012-07,pbc-afre-stock-balance-2015-v1-backcast-search,MISSING,RELEASE_NOT_LOCATED,False,0
PBOC_AFRE_STOCK_OFFICIAL_RELEASE,MACRO_AFRE_STOCK_BALANCE,2012-08,pbc-afre-stock-balance-2015-v1-backcast-search,MISSING,RELEASE_NOT_LOCATED,False,0
PBOC_AFRE_STOCK_OFFICIAL_RELEASE,MACRO_AFRE_STOCK_BALANCE,2012-09,pbc-afre-stock-balance-2015-v1-backcast-search,MISSING,RELEASE_NOT_LOCATED,False,0
PBOC_AFRE_STOCK_OFFICIAL_RELEASE,MACRO_AFRE_STOCK_BALANCE,2012-10,pbc-afre-stock-balance-2015-v1-backcast-search,MISSING,RELEASE_NOT_LOCATED,False,0
PBOC_AFRE_STOCK_OFFICIAL_RELEASE,MACRO_AFRE_STOCK_BALANCE,2012-11,pbc-afre-stock-balance-2015-v1-backcast-search,MISSING,RELEASE_NOT_LOCATED,False,0
PBOC_AFRE_STOCK_OFFICIAL_RELEASE,MACRO_AFRE_STOCK_BALANCE,2012-12,pbc-afre-stock-balance-2015-v1-backcast-search,MISSING,RELEASE_NOT_LOCATED,False,0
PBOC_AFRE_STOCK_OFFICIAL_RELEASE,MACRO_AFRE_STOCK_BALANCE,2013-01,pbc-afre-stock-balance-2015-v1-backcast-search,MISSING,RELEASE_NOT_LOCATED,False,0
PBOC_AFRE_STOCK_OFFICIAL_RELEASE,MACRO_AFRE_STOCK_BALANCE,2013-02,pbc-afre-stock-balance-2015-v1-backcast-search,MISSING,RELEASE_NOT_LOCATED,False,0
PBOC_AFRE_STOCK_OFFICIAL_RELEASE,MACRO_AFRE_STOCK_BALANCE,2013-03,pbc-afre-stock-balance-2015-v1-backcast-search,MISSING,RELEASE_NOT_LOCATED,False,0
PBOC_AFRE_STOCK_OFFICIAL_RELEASE,MACRO_AFRE_STOCK_BALANCE,2013-04,pbc-afre-stock-balance-2015-v1-backcast-search,MISSING,RELEASE_NOT_LOCATED,False,0
PBOC_AFRE_STOCK_OFFICIAL_RELEASE,MACRO_AFRE_STOCK_BALANCE,2013-05,pbc-afre-stock-balance-2015-v1-backcast-search,MISSING,RELEASE_NOT_LOCATED,False,0
PBOC_AFRE_STOCK_OFFICIAL_RELEASE,MACRO_AFRE_STOCK_BALANCE,2013-06,pbc-afre-stock-balance-2015-v1-backcast-search,MISSING,RELEASE_NOT_LOCATED,False,0
PBOC_AFRE_STOCK_OFFICIAL_RELEASE,MACRO_AFRE_STOCK_BALANCE,2013-07,pbc-afre-stock-balance-2015-v1-backcast-search,MISSING,RELEASE_NOT_LOCATED,False,0
PBOC_AFRE_STOCK_OFFICIAL_RELEASE,MACRO_AFRE_STOCK_BALANCE,2013-08,pbc-afre-stock-balance-2015-v1-backcast-search,MISSING,RELEASE_NOT_LOCATED,False,0
PBOC_AFRE_STOCK_OFFICIAL_RELEASE,MACRO_AFRE_STOCK_BALANCE,2013-09,pbc-afre-stock-balance-2015-v1-backcast-search,MISSING,RELEASE_NOT_LOCATED,False,0
PBOC_AFRE_STOCK_OFFICIAL_RELEASE,MACRO_AFRE_STOCK_BALANCE,2013-10,pbc-afre-stock-balance-2015-v1-backcast-search,MISSING,RELEASE_NOT_LOCATED,False,0
PBOC_AFRE_STOCK_OFFICIAL_RELEASE,MACRO_AFRE_STOCK_BALANCE,2013-11,pbc-afre-stock-balance-2015-v1-backcast-search,MISSING,RELEASE_NOT_LOCATED,False,0
PBOC_AFRE_STOCK_OFFICIAL_RELEASE,MACRO_AFRE_STOCK_BALANCE,2013-12,pbc-afre-stock-balance-2015-v1-backcast-search,MISSING,RELEASE_NOT_LOCATED,False,0
PBOC_AFRE_STOCK_OFFICIAL_RELEASE,MACRO_AFRE_STOCK_BALANCE,2014-01,pbc-afre-stock-balance-2015-v1-backcast-search,MISSING,RELEASE_NOT_LOCATED,False,0
PBOC_AFRE_STOCK_OFFICIAL_RELEASE,MACRO_AFRE_STOCK_BALANCE,2014-02,pbc-afre-stock-balance-2015-v1-backcast-search,MISSING,RELEASE_NOT_LOCATED,False,0
PBOC_AFRE_STOCK_OFFICIAL_RELEASE,MACRO_AFRE_STOCK_BALANCE,2014-03,pbc-afre-stock-balance-2015-v1-backcast-search,MISSING,RELEASE_NOT_LOCATED,False,0
PBOC_AFRE_STOCK_OFFICIAL_RELEASE,MACRO_AFRE_STOCK_BALANCE,2014-04,pbc-afre-stock-balance-2015-v1-backcast-search,MISSING,RELEASE_NOT_LOCATED,False,0
PBOC_AFRE_STOCK_OFFICIAL_RELEASE,MACRO_AFRE_STOCK_BALANCE,2014-05,pbc-afre-stock-balance-2015-v1-backcast-search,MISSING,RELEASE_NOT_LOCATED,False,0
PBOC_AFRE_STOCK_OFFICIAL_RELEASE,MACRO_AFRE_STOCK_BALANCE,2014-06,pbc-afre-stock-balance-2015-v1-backcast-search,MISSING,RELEASE_NOT_LOCATED,False,0
PBOC_AFRE_STOCK_OFFICIAL_RELEASE,MACRO_AFRE_STOCK_BALANCE,2014-07,pbc-afre-stock-balance-2015-v1-backcast-search,MISSING,RELEASE_NOT_LOCATED,False,0
PBOC_AFRE_STOCK_OFFICIAL_RELEASE,MACRO_AFRE_STOCK_BALANCE,2014-08,pbc-afre-stock-balance-2015-v1-backcast-search,MISSING,RELEASE_NOT_LOCATED,False,0
PBOC_AFRE_STOCK_OFFICIAL_RELEASE,MACRO_AFRE_STOCK_BALANCE,2014-09,pbc-afre-stock-balance-2015-v1-backcast-search,MISSING,RELEASE_NOT_LOCATED,False,0
PBOC_AFRE_STOCK_OFFICIAL_RELEASE,MACRO_AFRE_STOCK_BALANCE,2014-10,pbc-afre-stock-balance-2015-v1-backcast-search,MISSING,RELEASE_NOT_LOCATED,False,0
PBOC_AFRE_STOCK_OFFICIAL_RELEASE,MACRO_AFRE_STOCK_BALANCE,2014-11,pbc-afre-stock-balance-2015-v1-backcast-search,MISSING,RELEASE_NOT_LOCATED,False,0
PBOC_AFRE_STOCK_OFFICIAL_RELEASE,MACRO_AFRE_STOCK_BALANCE,2014-12,pbc-afre-stock-balance-2015-v1-backcast-search,AVAILABLE,RAW_OFFICIAL_VINTAGE,False,1
PBOC_AFRE_STOCK_OFFICIAL_RELEASE,MACRO_AFRE_STOCK_BALANCE,2015-01,pbc-afre-stock-balance-2015-v1-main,MISSING,RELEASE_NOT_LOCATED,False,0
PBOC_AFRE_STOCK_OFFICIAL_RELEASE,MACRO_AFRE_STOCK_BALANCE,2015-02,pbc-afre-stock-balance-2015-v1-main,MISSING,RELEASE_NOT_LOCATED,False,0
PBOC_AFRE_STOCK_OFFICIAL_RELEASE,MACRO_AFRE_STOCK_BALANCE,2015-03,pbc-afre-stock-balance-2015-v1-main,AVAILABLE,RAW_OFFICIAL_VINTAGE,True,1
PBOC_AFRE_STOCK_OFFICIAL_RELEASE,MACRO_AFRE_STOCK_BALANCE,2015-04,pbc-afre-stock-balance-2015-v1-main,MISSING,RELEASE_NOT_LOCATED,False,0
PBOC_AFRE_STOCK_OFFICIAL_RELEASE,MACRO_AFRE_STOCK_BALANCE,2015-05,pbc-afre-stock-balance-2015-v1-main,MISSING,RELEASE_NOT_LOCATED,False,0
PBOC_AFRE_STOCK_OFFICIAL_RELEASE,MACRO_AFRE_STOCK_BALANCE,2015-06,pbc-afre-stock-balance-2015-v1-main,AVAILABLE,RAW_OFFICIAL_VINTAGE,True,1
PBOC_AFRE_STOCK_OFFICIAL_RELEASE,MACRO_AFRE_STOCK_BALANCE,2015-07,pbc-afre-stock-balance-2015-v1-main,MISSING,RELEASE_NOT_LOCATED,False,0
PBOC_AFRE_STOCK_OFFICIAL_RELEASE,MACRO_AFRE_STOCK_BALANCE,2015-08,pbc-afre-stock-balance-2015-v1-main,MISSING,RELEASE_NOT_LOCATED,False,0
PBOC_AFRE_STOCK_OFFICIAL_RELEASE,MACRO_AFRE_STOCK_BALANCE,2015-09,pbc-afre-stock-balance-2015-v1-main,AVAILABLE,RAW_OFFICIAL_VINTAGE,True,1
PBOC_AFRE_STOCK_OFFICIAL_RELEASE,MACRO_AFRE_STOCK_BALANCE,2015-10,pbc-afre-stock-balance-2015-v1-main,MISSING,RELEASE_NOT_LOCATED,False,0
PBOC_AFRE_STOCK_OFFICIAL_RELEASE,MACRO_AFRE_STOCK_BALANCE,2015-11,pbc-afre-stock-balance-2015-v1-main,MISSING,RELEASE_NOT_LOCATED,False,0
PBOC_AFRE_STOCK_OFFICIAL_RELEASE,MACRO_AFRE_STOCK_BALANCE,2015-12,pbc-afre-stock-balance-2015-v1-main,AVAILABLE,RAW_OFFICIAL_VINTAGE,True,1
PBOC_AFRE_STOCK_OFFICIAL_RELEASE,MACRO_AFRE_STOCK_BALANCE,2016-01,pbc-afre-stock-balance-2015-v1-main,AVAILABLE,RAW_OFFICIAL_VINTAGE,True,1
PBOC_AFRE_STOCK_OFFICIAL_RELEASE,MACRO_AFRE_STOCK_BALANCE,2016-02,pbc-afre-stock-balance-2015-v1-main,MISSING,RELEASE_NOT_LOCATED,False,0
PBOC_AFRE_STOCK_OFFICIAL_RELEASE,MACRO_AFRE_STOCK_BALANCE,2016-03,pbc-afre-stock-balance-2015-v1-main,AVAILABLE,RAW_OFFICIAL_VINTAGE,True,1
PBOC_AFRE_STOCK_OFFICIAL_RELEASE,MACRO_AFRE_STOCK_BALANCE,2016-04,pbc-afre-stock-balance-2015-v1-main,AVAILABLE,RAW_OFFICIAL_VINTAGE,True,1
PBOC_AFRE_STOCK_OFFICIAL_RELEASE,MACRO_AFRE_STOCK_BALANCE,2016-05,pbc-afre-stock-balance-2015-v1-main,AVAILABLE,RAW_OFFICIAL_VINTAGE,True,1
PBOC_AFRE_STOCK_OFFICIAL_RELEASE,MACRO_AFRE_STOCK_BALANCE,2016-06,pbc-afre-stock-balance-2015-v1-main,AVAILABLE,RAW_OFFICIAL_VINTAGE,True,1
PBOC_AFRE_STOCK_OFFICIAL_RELEASE,MACRO_AFRE_STOCK_BALANCE,2016-07,pbc-afre-stock-balance-2015-v1-main,AVAILABLE,RAW_OFFICIAL_VINTAGE,True,1
PBOC_AFRE_STOCK_OFFICIAL_RELEASE,MACRO_AFRE_STOCK_BALANCE,2016-08,pbc-afre-stock-balance-2015-v1-main,AVAILABLE,RAW_OFFICIAL_VINTAGE,True,1
PBOC_AFRE_STOCK_OFFICIAL_RELEASE,MACRO_AFRE_STOCK_BALANCE,2016-09,pbc-afre-stock-balance-2015-v1-main,AVAILABLE,RAW_OFFICIAL_VINTAGE,True,1
PBOC_AFRE_STOCK_OFFICIAL_RELEASE,MACRO_AFRE_STOCK_BALANCE,2016-10,pbc-afre-stock-balance-2015-v1-main,AVAILABLE,RAW_OFFICIAL_VINTAGE,True,1
PBOC_AFRE_STOCK_OFFICIAL_RELEASE,MACRO_AFRE_STOCK_BALANCE,2016-11,pbc-afre-stock-balance-2015-v1-main,AVAILABLE,RAW_OFFICIAL_VINTAGE,True,1
PBOC_AFRE_STOCK_OFFICIAL_RELEASE,MACRO_AFRE_STOCK_BALANCE,2016-12,pbc-afre-stock-balance-2015-v1-main,AVAILABLE,RAW_OFFICIAL_VINTAGE,True,1
PBOC_AFRE_STOCK_OFFICIAL_RELEASE,MACRO_AFRE_STOCK_BALANCE,2017-01,pbc-afre-stock-balance-2015-v1-main,AVAILABLE,RAW_OFFICIAL_VINTAGE,True,1
PBOC_AFRE_STOCK_OFFICIAL_RELEASE,MACRO_AFRE_STOCK_BALANCE,2017-02,pbc-afre-stock-balance-2015-v1-main,AVAILABLE,RAW_OFFICIAL_VINTAGE,True,1
PBOC_AFRE_STOCK_OFFICIAL_RELEASE,MACRO_AFRE_STOCK_BALANCE,2017-03,pbc-afre-stock-balance-2015-v1-main,AVAILABLE,RAW_OFFICIAL_VINTAGE,True,1
PBOC_AFRE_STOCK_OFFICIAL_RELEASE,MACRO_AFRE_STOCK_BALANCE,2017-04,pbc-afre-stock-balance-2015-v1-main,AVAILABLE,RAW_OFFICIAL_VINTAGE,True,1
PBOC_AFRE_STOCK_OFFICIAL_RELEASE,MACRO_AFRE_STOCK_BALANCE,2017-05,pbc-afre-stock-balance-2015-v1-main,AVAILABLE,RAW_OFFICIAL_VINTAGE,True,1
PBOC_AFRE_STOCK_OFFICIAL_RELEASE,MACRO_AFRE_STOCK_BALANCE,2017-06,pbc-afre-stock-balance-2015-v1-main,AVAILABLE,RAW_OFFICIAL_VINTAGE,True,1
PBOC_AFRE_STOCK_OFFICIAL_RELEASE,MACRO_AFRE_STOCK_BALANCE,2017-07,pbc-afre-stock-balance-2015-v1-main,AVAILABLE,RAW_OFFICIAL_VINTAGE,True,1
PBOC_AFRE_STOCK_OFFICIAL_RELEASE,MACRO_AFRE_STOCK_BALANCE,2017-08,pbc-afre-stock-balance-2015-v1-main,AVAILABLE,RAW_OFFICIAL_VINTAGE,True,1
PBOC_AFRE_STOCK_OFFICIAL_RELEASE,MACRO_AFRE_STOCK_BALANCE,2017-09,pbc-afre-stock-balance-2015-v1-main,AVAILABLE,RAW_OFFICIAL_VINTAGE,True,1
PBOC_AFRE_STOCK_OFFICIAL_RELEASE,MACRO_AFRE_STOCK_BALANCE,2017-10,pbc-afre-stock-balance-2015-v1-main,AVAILABLE,RAW_OFFICIAL_VINTAGE,True,1
PBOC_AFRE_STOCK_OFFICIAL_RELEASE,MACRO_AFRE_STOCK_BALANCE,2017-11,pbc-afre-stock-balance-2015-v1-main,AVAILABLE,RAW_OFFICIAL_VINTAGE,True,1
PBOC_AFRE_STOCK_OFFICIAL_RELEASE,MACRO_AFRE_STOCK_BALANCE,2017-12,pbc-afre-stock-balance-2015-v1-main,AVAILABLE,RAW_OFFICIAL_VINTAGE,True,1
PBOC_AFRE_STOCK_OFFICIAL_RELEASE,MACRO_AFRE_STOCK_BALANCE,2018-01,pbc-afre-stock-balance-2015-v1-main,AVAILABLE,RAW_OFFICIAL_VINTAGE,True,1
PBOC_AFRE_STOCK_OFFICIAL_RELEASE,MACRO_AFRE_STOCK_BALANCE,2018-02,pbc-afre-stock-balance-2015-v1-main,AVAILABLE,RAW_OFFICIAL_VINTAGE,True,1
PBOC_AFRE_STOCK_OFFICIAL_RELEASE,MACRO_AFRE_STOCK_BALANCE,2018-03,pbc-afre-stock-balance-2015-v1-main,AVAILABLE,RAW_OFFICIAL_VINTAGE,True,1
PBOC_AFRE_STOCK_OFFICIAL_RELEASE,MACRO_AFRE_STOCK_BALANCE,2018-04,pbc-afre-stock-balance-2015-v1-main,AVAILABLE,RAW_OFFICIAL_VINTAGE,True,1
PBOC_AFRE_STOCK_OFFICIAL_RELEASE,MACRO_AFRE_STOCK_BALANCE,2018-05,pbc-afre-stock-balance-2015-v1-main,AVAILABLE,RAW_OFFICIAL_VINTAGE,True,1
PBOC_AFRE_STOCK_OFFICIAL_RELEASE,MACRO_AFRE_STOCK_BALANCE,2018-06,pbc-afre-stock-balance-2015-v1-main,AVAILABLE,RAW_OFFICIAL_VINTAGE,True,1
PBOC_AFRE_STOCK_OFFICIAL_RELEASE,MACRO_AFRE_STOCK_BALANCE,2018-07,pbc-afre-stock-balance-2018-07-v2-main,AVAILABLE,RAW_OFFICIAL_VINTAGE,True,1
PBOC_AFRE_STOCK_OFFICIAL_RELEASE,MACRO_AFRE_STOCK_BALANCE,2018-08,pbc-afre-stock-balance-2018-07-v2-main,AVAILABLE,RAW_OFFICIAL_VINTAGE,True,1
PBOC_AFRE_STOCK_OFFICIAL_RELEASE,MACRO_AFRE_STOCK_BALANCE,2018-09,pbc-afre-stock-balance-2018-09-v3-main,AVAILABLE,RAW_OFFICIAL_VINTAGE,True,1
PBOC_AFRE_STOCK_OFFICIAL_RELEASE,MACRO_AFRE_STOCK_BALANCE,2018-10,pbc-afre-stock-balance-2018-09-v3-main,AVAILABLE,RAW_OFFICIAL_VINTAGE,True,1
PBOC_AFRE_STOCK_OFFICIAL_RELEASE,MACRO_AFRE_STOCK_BALANCE,2018-11,pbc-afre-stock-balance-2018-09-v3-main,AVAILABLE,RAW_OFFICIAL_VINTAGE,True,1
PBOC_AFRE_STOCK_OFFICIAL_RELEASE,MACRO_AFRE_STOCK_BALANCE,2018-12,pbc-afre-stock-balance-2018-09-v3-main,AVAILABLE,RAW_OFFICIAL_VINTAGE,True,1
PBOC_AFRE_STOCK_OFFICIAL_RELEASE,MACRO_AFRE_STOCK_BALANCE,2019-01,pbc-afre-stock-balance-2018-09-v3-main,AVAILABLE,RAW_OFFICIAL_VINTAGE,True,1
PBOC_AFRE_STOCK_OFFICIAL_RELEASE,MACRO_AFRE_STOCK_BALANCE,2019-02,pbc-afre-stock-balance-2018-09-v3-main,AVAILABLE,RAW_OFFICIAL_VINTAGE,True,1
PBOC_AFRE_STOCK_OFFICIAL_RELEASE,MACRO_AFRE_STOCK_BALANCE,2019-03,pbc-afre-stock-balance-2018-09-v3-main,AVAILABLE,RAW_OFFICIAL_VINTAGE,True,1
PBOC_AFRE_STOCK_OFFICIAL_RELEASE,MACRO_AFRE_STOCK_BALANCE,2019-04,pbc-afre-stock-balance-2018-09-v3-main,AVAILABLE,RAW_OFFICIAL_VINTAGE,True,1
PBOC_AFRE_STOCK_OFFICIAL_RELEASE,MACRO_AFRE_STOCK_BALANCE,2019-05,pbc-afre-stock-balance-2018-09-v3-main,AVAILABLE,RAW_OFFICIAL_VINTAGE,True,1
PBOC_AFRE_STOCK_OFFICIAL_RELEASE,MACRO_AFRE_STOCK_BALANCE,2019-06,pbc-afre-stock-balance-2018-09-v3-main,AVAILABLE,RAW_OFFICIAL_VINTAGE,True,1
PBOC_AFRE_STOCK_OFFICIAL_RELEASE,MACRO_AFRE_STOCK_BALANCE,2019-07,pbc-afre-stock-balance-2018-09-v3-main,AVAILABLE,RAW_OFFICIAL_VINTAGE,True,1
PBOC_AFRE_STOCK_OFFICIAL_RELEASE,MACRO_AFRE_STOCK_BALANCE,2019-08,pbc-afre-stock-balance-2018-09-v3-main,AVAILABLE,RAW_OFFICIAL_VINTAGE,True,1
PBOC_AFRE_STOCK_OFFICIAL_RELEASE,MACRO_AFRE_STOCK_BALANCE,2019-09,pbc-afre-stock-balance-2019-09-v4-main,AVAILABLE,RAW_OFFICIAL_VINTAGE,True,1
PBOC_AFRE_STOCK_OFFICIAL_RELEASE,MACRO_AFRE_STOCK_BALANCE,2019-10,pbc-afre-stock-balance-2019-09-v4-main,AVAILABLE,RAW_OFFICIAL_VINTAGE,True,1
PBOC_AFRE_STOCK_OFFICIAL_RELEASE,MACRO_AFRE_STOCK_BALANCE,2019-11,pbc-afre-stock-balance-2019-09-v4-main,AVAILABLE,RAW_OFFICIAL_VINTAGE,True,1
PBOC_AFRE_STOCK_OFFICIAL_RELEASE,MACRO_AFRE_STOCK_BALANCE,2019-12,pbc-afre-stock-balance-2019-12-v5-main,AVAILABLE,RAW_OFFICIAL_VINTAGE,True,1
PBOC_AFRE_STOCK_OFFICIAL_RELEASE,MACRO_AFRE_STOCK_BALANCE,2020-01,pbc-afre-stock-balance-2019-12-v5-main,AVAILABLE,RAW_OFFICIAL_VINTAGE,True,1
PBOC_AFRE_STOCK_OFFICIAL_RELEASE,MACRO_AFRE_STOCK_BALANCE,2020-02,pbc-afre-stock-balance-2019-12-v5-main,AVAILABLE,RAW_OFFICIAL_VINTAGE,True,1
PBOC_AFRE_STOCK_OFFICIAL_RELEASE,MACRO_AFRE_STOCK_BALANCE,2020-03,pbc-afre-stock-balance-2019-12-v5-main,AVAILABLE,RAW_OFFICIAL_VINTAGE,True,1
PBOC_AFRE_STOCK_OFFICIAL_RELEASE,MACRO_AFRE_STOCK_BALANCE,2020-04,pbc-afre-stock-balance-2019-12-v5-main,AVAILABLE,RAW_OFFICIAL_VINTAGE,True,1
PBOC_AFRE_STOCK_OFFICIAL_RELEASE,MACRO_AFRE_STOCK_BALANCE,2020-05,pbc-afre-stock-balance-2019-12-v5-main,AVAILABLE,RAW_OFFICIAL_VINTAGE,True,1
PBOC_AFRE_STOCK_OFFICIAL_RELEASE,MACRO_AFRE_STOCK_BALANCE,2020-06,pbc-afre-stock-balance-2019-12-v5-main,AVAILABLE,RAW_OFFICIAL_VINTAGE,True,1
PBOC_AFRE_STOCK_OFFICIAL_RELEASE,MACRO_AFRE_STOCK_BALANCE,2020-07,pbc-afre-stock-balance-2019-12-v5-main,AVAILABLE,RAW_OFFICIAL_VINTAGE,True,1
PBOC_AFRE_STOCK_OFFICIAL_RELEASE,MACRO_AFRE_STOCK_BALANCE,2020-08,pbc-afre-stock-balance-2019-12-v5-main,AVAILABLE,RAW_OFFICIAL_VINTAGE,True,1
PBOC_AFRE_STOCK_OFFICIAL_RELEASE,MACRO_AFRE_STOCK_BALANCE,2020-09,pbc-afre-stock-balance-2019-12-v5-main,AVAILABLE,RAW_OFFICIAL_VINTAGE,True,1
PBOC_AFRE_STOCK_OFFICIAL_RELEASE,MACRO_AFRE_STOCK_BALANCE,2020-10,pbc-afre-stock-balance-2019-12-v5-main,AVAILABLE,RAW_OFFICIAL_VINTAGE,True,1
PBOC_AFRE_STOCK_OFFICIAL_RELEASE,MACRO_AFRE_STOCK_BALANCE,2020-11,pbc-afre-stock-balance-2019-12-v5-main,AVAILABLE,RAW_OFFICIAL_VINTAGE,True,1
PBOC_AFRE_STOCK_OFFICIAL_RELEASE,MACRO_AFRE_STOCK_BALANCE,2020-12,pbc-afre-stock-balance-2019-12-v5-main,AVAILABLE,RAW_OFFICIAL_VINTAGE,True,1
PBOC_AFRE_STOCK_OFFICIAL_RELEASE,MACRO_AFRE_STOCK_BALANCE,2021-01,pbc-afre-stock-balance-2019-12-v5-main,AVAILABLE,RAW_OFFICIAL_VINTAGE,True,1
PBOC_AFRE_STOCK_OFFICIAL_RELEASE,MACRO_AFRE_STOCK_BALANCE,2021-02,pbc-afre-stock-balance-2019-12-v5-main,AVAILABLE,RAW_OFFICIAL_VINTAGE,True,1
PBOC_AFRE_STOCK_OFFICIAL_RELEASE,MACRO_AFRE_STOCK_BALANCE,2021-03,pbc-afre-stock-balance-2019-12-v5-main,AVAILABLE,RAW_OFFICIAL_VINTAGE,True,1
PBOC_AFRE_STOCK_OFFICIAL_RELEASE,MACRO_AFRE_STOCK_BALANCE,2021-04,pbc-afre-stock-balance-2019-12-v5-main,AVAILABLE,RAW_OFFICIAL_VINTAGE,True,1
PBOC_AFRE_STOCK_OFFICIAL_RELEASE,MACRO_AFRE_STOCK_BALANCE,2021-05,pbc-afre-stock-balance-2019-12-v5-main,AVAILABLE,RAW_OFFICIAL_VINTAGE,True,1
PBOC_AFRE_STOCK_OFFICIAL_RELEASE,MACRO_AFRE_STOCK_BALANCE,2021-06,pbc-afre-stock-balance-2019-12-v5-main,AVAILABLE,RAW_OFFICIAL_VINTAGE,True,1
PBOC_AFRE_STOCK_OFFICIAL_RELEASE,MACRO_AFRE_STOCK_BALANCE,2021-07,pbc-afre-stock-balance-2019-12-v5-main,AVAILABLE,RAW_OFFICIAL_VINTAGE,True,1
PBOC_AFRE_STOCK_OFFICIAL_RELEASE,MACRO_AFRE_STOCK_BALANCE,2021-08,pbc-afre-stock-balance-2019-12-v5-main,AVAILABLE,RAW_OFFICIAL_VINTAGE,True,1
PBOC_AFRE_STOCK_OFFICIAL_RELEASE,MACRO_AFRE_STOCK_BALANCE,2021-09,pbc-afre-stock-balance-2019-12-v5-main,AVAILABLE,RAW_OFFICIAL_VINTAGE,True,1
PBOC_AFRE_STOCK_OFFICIAL_RELEASE,MACRO_AFRE_STOCK_BALANCE,2021-10,pbc-afre-stock-balance-2019-12-v5-main,AVAILABLE,RAW_OFFICIAL_VINTAGE,True,1
PBOC_AFRE_STOCK_OFFICIAL_RELEASE,MACRO_AFRE_STOCK_BALANCE,2021-11,pbc-afre-stock-balance-2019-12-v5-main,AVAILABLE,RAW_OFFICIAL_VINTAGE,True,1
PBOC_AFRE_STOCK_OFFICIAL_RELEASE,MACRO_AFRE_STOCK_BALANCE,2021-12,pbc-afre-stock-balance-2019-12-v5-main,AVAILABLE,RAW_OFFICIAL_VINTAGE,True,1
PBOC_AFRE_STOCK_OFFICIAL_RELEASE,MACRO_AFRE_STOCK_BALANCE,2022-01,pbc-afre-stock-balance-2019-12-v5-main,AVAILABLE,RAW_OFFICIAL_VINTAGE,True,1
PBOC_AFRE_STOCK_OFFICIAL_RELEASE,MACRO_AFRE_STOCK_BALANCE,2022-02,pbc-afre-stock-balance-2019-12-v5-main,AVAILABLE,RAW_OFFICIAL_VINTAGE,True,1
PBOC_AFRE_STOCK_OFFICIAL_RELEASE,MACRO_AFRE_STOCK_BALANCE,2022-03,pbc-afre-stock-balance-2019-12-v5-main,AVAILABLE,RAW_OFFICIAL_VINTAGE,True,1
PBOC_AFRE_STOCK_OFFICIAL_RELEASE,MACRO_AFRE_STOCK_BALANCE,2022-04,pbc-afre-stock-balance-2019-12-v5-main,AVAILABLE,RAW_OFFICIAL_VINTAGE,True,1
PBOC_AFRE_STOCK_OFFICIAL_RELEASE,MACRO_AFRE_STOCK_BALANCE,2022-05,pbc-afre-stock-balance-2019-12-v5-main,AVAILABLE,RAW_OFFICIAL_VINTAGE,True,1
PBOC_AFRE_STOCK_OFFICIAL_RELEASE,MACRO_AFRE_STOCK_BALANCE,2022-06,pbc-afre-stock-balance-2019-12-v5-main,AVAILABLE,RAW_OFFICIAL_VINTAGE,True,1
PBOC_AFRE_STOCK_OFFICIAL_RELEASE,MACRO_AFRE_STOCK_BALANCE,2022-07,pbc-afre-stock-balance-2019-12-v5-main,AVAILABLE,RAW_OFFICIAL_VINTAGE,True,1
PBOC_AFRE_STOCK_OFFICIAL_RELEASE,MACRO_AFRE_STOCK_BALANCE,2022-08,pbc-afre-stock-balance-2019-12-v5-main,AVAILABLE,RAW_OFFICIAL_VINTAGE,True,1
PBOC_AFRE_STOCK_OFFICIAL_RELEASE,MACRO_AFRE_STOCK_BALANCE,2022-09,pbc-afre-stock-balance-2019-12-v5-main,AVAILABLE,RAW_OFFICIAL_VINTAGE,True,1
PBOC_AFRE_STOCK_OFFICIAL_RELEASE,MACRO_AFRE_STOCK_BALANCE,2022-10,pbc-afre-stock-balance-2019-12-v5-main,AVAILABLE,RAW_OFFICIAL_VINTAGE,True,1
PBOC_AFRE_STOCK_OFFICIAL_RELEASE,MACRO_AFRE_STOCK_BALANCE,2022-11,pbc-afre-stock-balance-2019-12-v5-main,AVAILABLE,RAW_OFFICIAL_VINTAGE,True,1
PBOC_AFRE_STOCK_OFFICIAL_RELEASE,MACRO_AFRE_STOCK_BALANCE,2022-12,pbc-afre-stock-balance-2019-12-v5-main,AVAILABLE,RAW_OFFICIAL_VINTAGE,True,1
PBOC_AFRE_STOCK_OFFICIAL_RELEASE,MACRO_AFRE_STOCK_BALANCE,2023-01,pbc-afre-stock-balance-2023-01-v6-main,AVAILABLE,RAW_OFFICIAL_VINTAGE,True,1
PBOC_AFRE_STOCK_OFFICIAL_RELEASE,MACRO_AFRE_STOCK_BALANCE,2023-02,pbc-afre-stock-balance-2023-01-v6-main,AVAILABLE,RAW_OFFICIAL_VINTAGE,True,1
PBOC_AFRE_STOCK_OFFICIAL_RELEASE,MACRO_AFRE_STOCK_BALANCE,2023-03,pbc-afre-stock-balance-2023-01-v6-main,AVAILABLE,RAW_OFFICIAL_VINTAGE,True,1
PBOC_AFRE_STOCK_OFFICIAL_RELEASE,MACRO_AFRE_STOCK_BALANCE,2023-04,pbc-afre-stock-balance-2023-01-v6-main,AVAILABLE,RAW_OFFICIAL_VINTAGE,True,1
PBOC_AFRE_STOCK_OFFICIAL_RELEASE,MACRO_AFRE_STOCK_BALANCE,2023-05,pbc-afre-stock-balance-2023-01-v6-main,AVAILABLE,RAW_OFFICIAL_VINTAGE,True,1
PBOC_AFRE_STOCK_OFFICIAL_RELEASE,MACRO_AFRE_STOCK_BALANCE,2023-06,pbc-afre-stock-balance-2023-01-v6-main,AVAILABLE,RAW_OFFICIAL_VINTAGE,True,1
PBOC_AFRE_STOCK_OFFICIAL_RELEASE,MACRO_AFRE_STOCK_BALANCE,2023-07,pbc-afre-stock-balance-2023-01-v6-main,AVAILABLE,RAW_OFFICIAL_VINTAGE,True,1
PBOC_AFRE_STOCK_OFFICIAL_RELEASE,MACRO_AFRE_STOCK_BALANCE,2023-08,pbc-afre-stock-balance-2023-01-v6-main,AVAILABLE,RAW_OFFICIAL_VINTAGE,True,1
PBOC_AFRE_STOCK_OFFICIAL_RELEASE,MACRO_AFRE_STOCK_BALANCE,2023-09,pbc-afre-stock-balance-2023-01-v6-main,AVAILABLE,RAW_OFFICIAL_VINTAGE,True,1
PBOC_AFRE_STOCK_OFFICIAL_RELEASE,MACRO_AFRE_STOCK_BALANCE,2023-10,pbc-afre-stock-balance-2023-01-v6-main,AVAILABLE,RAW_OFFICIAL_VINTAGE,True,1
PBOC_AFRE_STOCK_OFFICIAL_RELEASE,MACRO_AFRE_STOCK_BALANCE,2023-11,pbc-afre-stock-balance-2023-01-v6-main,AVAILABLE,RAW_OFFICIAL_VINTAGE,True,1
PBOC_AFRE_STOCK_OFFICIAL_RELEASE,MACRO_AFRE_STOCK_BALANCE,2023-12,pbc-afre-stock-balance-2023-01-v6-main,AVAILABLE,RAW_OFFICIAL_VINTAGE,True,1
PBOC_AFRE_STOCK_OFFICIAL_RELEASE,MACRO_AFRE_STOCK_BALANCE,2024-01,pbc-afre-stock-balance-2023-01-v6-main,AVAILABLE,RAW_OFFICIAL_VINTAGE,True,1
PBOC_AFRE_STOCK_OFFICIAL_RELEASE,MACRO_AFRE_STOCK_BALANCE,2024-02,pbc-afre-stock-balance-2023-01-v6-main,AVAILABLE,RAW_OFFICIAL_VINTAGE,True,1
PBOC_AFRE_STOCK_OFFICIAL_RELEASE,MACRO_AFRE_STOCK_BALANCE,2024-03,pbc-afre-stock-balance-2023-01-v6-main,AVAILABLE,RAW_OFFICIAL_VINTAGE,True,1
PBOC_AFRE_STOCK_OFFICIAL_RELEASE,MACRO_AFRE_STOCK_BALANCE,2024-04,pbc-afre-stock-balance-2023-01-v6-main,AVAILABLE,RAW_OFFICIAL_VINTAGE,True,1
PBOC_AFRE_STOCK_OFFICIAL_RELEASE,MACRO_AFRE_STOCK_BALANCE,2024-05,pbc-afre-stock-balance-2023-01-v6-main,AVAILABLE,RAW_OFFICIAL_VINTAGE,True,1
PBOC_AFRE_STOCK_OFFICIAL_RELEASE,MACRO_AFRE_STOCK_BALANCE,2024-06,pbc-afre-stock-balance-2023-01-v6-main,AVAILABLE,RAW_OFFICIAL_VINTAGE,True,1
PBOC_AFRE_STOCK_OFFICIAL_RELEASE,MACRO_AFRE_STOCK_BALANCE,2024-07,pbc-afre-stock-balance-2023-01-v6-main,AVAILABLE,RAW_OFFICIAL_VINTAGE,True,1
PBOC_AFRE_STOCK_OFFICIAL_RELEASE,MACRO_AFRE_STOCK_BALANCE,2024-08,pbc-afre-stock-balance-2023-01-v6-main,AVAILABLE,RAW_OFFICIAL_VINTAGE,True,1
PBOC_AFRE_STOCK_OFFICIAL_RELEASE,MACRO_AFRE_STOCK_BALANCE,2024-09,pbc-afre-stock-balance-2023-01-v6-main,AVAILABLE,RAW_OFFICIAL_VINTAGE,True,1
PBOC_AFRE_STOCK_OFFICIAL_RELEASE,MACRO_AFRE_STOCK_BALANCE,2024-10,pbc-afre-stock-balance-2023-01-v6-main,AVAILABLE,RAW_OFFICIAL_VINTAGE,True,1
PBOC_AFRE_STOCK_OFFICIAL_RELEASE,MACRO_AFRE_STOCK_BALANCE,2024-11,pbc-afre-stock-balance-2023-01-v6-main,AVAILABLE,RAW_OFFICIAL_VINTAGE,True,1
PBOC_AFRE_STOCK_OFFICIAL_RELEASE,MACRO_AFRE_STOCK_BALANCE,2024-12,pbc-afre-stock-balance-2023-01-v6-main,AVAILABLE,RAW_OFFICIAL_VINTAGE,True,1
PBOC_AFRE_STOCK_OFFICIAL_RELEASE,MACRO_AFRE_STOCK_BALANCE,2025-01,pbc-afre-stock-balance-2023-01-v6-main,MISSING,RELEASE_NOT_LOCATED,False,0
PBOC_AFRE_STOCK_OFFICIAL_RELEASE,MACRO_AFRE_STOCK_BALANCE,2025-02,pbc-afre-stock-balance-2023-01-v6-main,AVAILABLE,RAW_OFFICIAL_VINTAGE,True,1
PBOC_AFRE_STOCK_OFFICIAL_RELEASE,MACRO_AFRE_STOCK_BALANCE,2025-03,pbc-afre-stock-balance-2023-01-v6-main,AVAILABLE,RAW_OFFICIAL_VINTAGE,True,1
PBOC_AFRE_STOCK_OFFICIAL_RELEASE,MACRO_AFRE_STOCK_BALANCE,2025-04,pbc-afre-stock-balance-2023-01-v6-main,AVAILABLE,RAW_OFFICIAL_VINTAGE,True,1
PBOC_AFRE_STOCK_OFFICIAL_RELEASE,MACRO_AFRE_STOCK_BALANCE,2025-05,pbc-afre-stock-balance-2023-01-v6-main,AVAILABLE,RAW_OFFICIAL_VINTAGE,True,1
PBOC_AFRE_STOCK_OFFICIAL_RELEASE,MACRO_AFRE_STOCK_BALANCE,2025-06,pbc-afre-stock-balance-2023-01-v6-main,AVAILABLE,RAW_OFFICIAL_VINTAGE,True,1
PBOC_AFRE_STOCK_OFFICIAL_RELEASE,MACRO_AFRE_STOCK_BALANCE,2025-07,pbc-afre-stock-balance-2023-01-v6-main,AVAILABLE,RAW_OFFICIAL_VINTAGE,True,1
PBOC_AFRE_STOCK_OFFICIAL_RELEASE,MACRO_AFRE_STOCK_BALANCE,2025-08,pbc-afre-stock-balance-2023-01-v6-main,AVAILABLE,RAW_OFFICIAL_VINTAGE,True,1
PBOC_AFRE_STOCK_OFFICIAL_RELEASE,MACRO_AFRE_STOCK_BALANCE,2025-09,pbc-afre-stock-balance-2023-01-v6-main,AVAILABLE,RAW_OFFICIAL_VINTAGE,True,1
PBOC_AFRE_STOCK_OFFICIAL_RELEASE,MACRO_AFRE_STOCK_BALANCE,2025-10,pbc-afre-stock-balance-2023-01-v6-main,AVAILABLE,RAW_OFFICIAL_VINTAGE,True,1
PBOC_AFRE_STOCK_OFFICIAL_RELEASE,MACRO_AFRE_STOCK_BALANCE,2025-11,pbc-afre-stock-balance-2023-01-v6-main,AVAILABLE,RAW_OFFICIAL_VINTAGE,True,1
PBOC_AFRE_STOCK_OFFICIAL_RELEASE,MACRO_AFRE_STOCK_BALANCE,2025-12,pbc-afre-stock-balance-2023-01-v6-main,AVAILABLE,RAW_OFFICIAL_VINTAGE,True,1
PBOC_AFRE_STOCK_OFFICIAL_RELEASE,MACRO_AFRE_STOCK_BALANCE,2026-01,pbc-afre-stock-balance-2023-01-v6-main,AVAILABLE,RAW_OFFICIAL_VINTAGE,True,1
PBOC_AFRE_STOCK_OFFICIAL_RELEASE,MACRO_AFRE_STOCK_BALANCE,2026-02,pbc-afre-stock-balance-2023-01-v6-main,AVAILABLE,RAW_OFFICIAL_VINTAGE,True,1
PBOC_AFRE_STOCK_OFFICIAL_RELEASE,MACRO_AFRE_STOCK_BALANCE,2026-03,pbc-afre-stock-balance-2023-01-v6-main,AVAILABLE,RAW_OFFICIAL_VINTAGE,True,1
PBOC_AFRE_STOCK_OFFICIAL_RELEASE,MACRO_AFRE_STOCK_BALANCE,2026-04,pbc-afre-stock-balance-2023-01-v6-main,AVAILABLE,RAW_OFFICIAL_VINTAGE,True,1
PBOC_AFRE_STOCK_OFFICIAL_RELEASE,MACRO_AFRE_STOCK_BALANCE,2026-05,pbc-afre-stock-balance-2023-01-v6-main,AVAILABLE,RAW_OFFICIAL_VINTAGE,True,1
PBOC_AFRE_STOCK_OFFICIAL_RELEASE,MACRO_AFRE_STOCK_BALANCE,2026-06,pbc-afre-stock-balance-2023-01-v6-main,AVAILABLE,RAW_OFFICIAL_VINTAGE,True,1
PBOC_AFRE_STOCK_OFFICIAL_RELEASE,MACRO_AFRE_STOCK_BALANCE,2026-07,pbc-afre-stock-balance-2023-01-v6-main,AVAILABLE,RAW_OFFICIAL_VINTAGE,True,1
PBOC_AFRE_STOCK_OFFICIAL_RELEASE,MACRO_AFRE_STOCK_BALANCE,2026-08,pbc-afre-stock-balance-2023-01-v6-main,MISSING,RELEASE_NOT_LOCATED,False,0
PBOC_AFRE_STOCK_OFFICIAL_RELEASE,MACRO_AFRE_STOCK_YOY,2002-01,pbc-afre-stock-yoy-2015-v1-backcast-search,MISSING,RELEASE_NOT_LOCATED,False,0
PBOC_AFRE_STOCK_OFFICIAL_RELEASE,MACRO_AFRE_STOCK_YOY,2002-02,pbc-afre-stock-yoy-2015-v1-backcast-search,MISSING,RELEASE_NOT_LOCATED,False,0
PBOC_AFRE_STOCK_OFFICIAL_RELEASE,MACRO_AFRE_STOCK_YOY,2002-03,pbc-afre-stock-yoy-2015-v1-backcast-search,MISSING,RELEASE_NOT_LOCATED,False,0
PBOC_AFRE_STOCK_OFFICIAL_RELEASE,MACRO_AFRE_STOCK_YOY,2002-04,pbc-afre-stock-yoy-2015-v1-backcast-search,MISSING,RELEASE_NOT_LOCATED,False,0
PBOC_AFRE_STOCK_OFFICIAL_RELEASE,MACRO_AFRE_STOCK_YOY,2002-05,pbc-afre-stock-yoy-2015-v1-backcast-search,MISSING,RELEASE_NOT_LOCATED,False,0
PBOC_AFRE_STOCK_OFFICIAL_RELEASE,MACRO_AFRE_STOCK_YOY,2002-06,pbc-afre-stock-yoy-2015-v1-backcast-search,MISSING,RELEASE_NOT_LOCATED,False,0
PBOC_AFRE_STOCK_OFFICIAL_RELEASE,MACRO_AFRE_STOCK_YOY,2002-07,pbc-afre-stock-yoy-2015-v1-backcast-search,MISSING,RELEASE_NOT_LOCATED,False,0
PBOC_AFRE_STOCK_OFFICIAL_RELEASE,MACRO_AFRE_STOCK_YOY,2002-08,pbc-afre-stock-yoy-2015-v1-backcast-search,MISSING,RELEASE_NOT_LOCATED,False,0
PBOC_AFRE_STOCK_OFFICIAL_RELEASE,MACRO_AFRE_STOCK_YOY,2002-09,pbc-afre-stock-yoy-2015-v1-backcast-search,MISSING,RELEASE_NOT_LOCATED,False,0
PBOC_AFRE_STOCK_OFFICIAL_RELEASE,MACRO_AFRE_STOCK_YOY,2002-10,pbc-afre-stock-yoy-2015-v1-backcast-search,MISSING,RELEASE_NOT_LOCATED,False,0
PBOC_AFRE_STOCK_OFFICIAL_RELEASE,MACRO_AFRE_STOCK_YOY,2002-11,pbc-afre-stock-yoy-2015-v1-backcast-search,MISSING,RELEASE_NOT_LOCATED,False,0
PBOC_AFRE_STOCK_OFFICIAL_RELEASE,MACRO_AFRE_STOCK_YOY,2002-12,pbc-afre-stock-yoy-2015-v1-backcast-search,MISSING,RELEASE_NOT_LOCATED,False,0
PBOC_AFRE_STOCK_OFFICIAL_RELEASE,MACRO_AFRE_STOCK_YOY,2003-01,pbc-afre-stock-yoy-2015-v1-backcast-search,MISSING,RELEASE_NOT_LOCATED,False,0
PBOC_AFRE_STOCK_OFFICIAL_RELEASE,MACRO_AFRE_STOCK_YOY,2003-02,pbc-afre-stock-yoy-2015-v1-backcast-search,MISSING,RELEASE_NOT_LOCATED,False,0
PBOC_AFRE_STOCK_OFFICIAL_RELEASE,MACRO_AFRE_STOCK_YOY,2003-03,pbc-afre-stock-yoy-2015-v1-backcast-search,MISSING,RELEASE_NOT_LOCATED,False,0
PBOC_AFRE_STOCK_OFFICIAL_RELEASE,MACRO_AFRE_STOCK_YOY,2003-04,pbc-afre-stock-yoy-2015-v1-backcast-search,MISSING,RELEASE_NOT_LOCATED,False,0
PBOC_AFRE_STOCK_OFFICIAL_RELEASE,MACRO_AFRE_STOCK_YOY,2003-05,pbc-afre-stock-yoy-2015-v1-backcast-search,MISSING,RELEASE_NOT_LOCATED,False,0
PBOC_AFRE_STOCK_OFFICIAL_RELEASE,MACRO_AFRE_STOCK_YOY,2003-06,pbc-afre-stock-yoy-2015-v1-backcast-search,MISSING,RELEASE_NOT_LOCATED,False,0
PBOC_AFRE_STOCK_OFFICIAL_RELEASE,MACRO_AFRE_STOCK_YOY,2003-07,pbc-afre-stock-yoy-2015-v1-backcast-search,MISSING,RELEASE_NOT_LOCATED,False,0
PBOC_AFRE_STOCK_OFFICIAL_RELEASE,MACRO_AFRE_STOCK_YOY,2003-08,pbc-afre-stock-yoy-2015-v1-backcast-search,MISSING,RELEASE_NOT_LOCATED,False,0
PBOC_AFRE_STOCK_OFFICIAL_RELEASE,MACRO_AFRE_STOCK_YOY,2003-09,pbc-afre-stock-yoy-2015-v1-backcast-search,MISSING,RELEASE_NOT_LOCATED,False,0
PBOC_AFRE_STOCK_OFFICIAL_RELEASE,MACRO_AFRE_STOCK_YOY,2003-10,pbc-afre-stock-yoy-2015-v1-backcast-search,MISSING,RELEASE_NOT_LOCATED,False,0
PBOC_AFRE_STOCK_OFFICIAL_RELEASE,MACRO_AFRE_STOCK_YOY,2003-11,pbc-afre-stock-yoy-2015-v1-backcast-search,MISSING,RELEASE_NOT_LOCATED,False,0
PBOC_AFRE_STOCK_OFFICIAL_RELEASE,MACRO_AFRE_STOCK_YOY,2003-12,pbc-afre-stock-yoy-2015-v1-backcast-search,MISSING,RELEASE_NOT_LOCATED,False,0
PBOC_AFRE_STOCK_OFFICIAL_RELEASE,MACRO_AFRE_STOCK_YOY,2004-01,pbc-afre-stock-yoy-2015-v1-backcast-search,MISSING,RELEASE_NOT_LOCATED,False,0
PBOC_AFRE_STOCK_OFFICIAL_RELEASE,MACRO_AFRE_STOCK_YOY,2004-02,pbc-afre-stock-yoy-2015-v1-backcast-search,MISSING,RELEASE_NOT_LOCATED,False,0
PBOC_AFRE_STOCK_OFFICIAL_RELEASE,MACRO_AFRE_STOCK_YOY,2004-03,pbc-afre-stock-yoy-2015-v1-backcast-search,MISSING,RELEASE_NOT_LOCATED,False,0
PBOC_AFRE_STOCK_OFFICIAL_RELEASE,MACRO_AFRE_STOCK_YOY,2004-04,pbc-afre-stock-yoy-2015-v1-backcast-search,MISSING,RELEASE_NOT_LOCATED,False,0
PBOC_AFRE_STOCK_OFFICIAL_RELEASE,MACRO_AFRE_STOCK_YOY,2004-05,pbc-afre-stock-yoy-2015-v1-backcast-search,MISSING,RELEASE_NOT_LOCATED,False,0
PBOC_AFRE_STOCK_OFFICIAL_RELEASE,MACRO_AFRE_STOCK_YOY,2004-06,pbc-afre-stock-yoy-2015-v1-backcast-search,MISSING,RELEASE_NOT_LOCATED,False,0
PBOC_AFRE_STOCK_OFFICIAL_RELEASE,MACRO_AFRE_STOCK_YOY,2004-07,pbc-afre-stock-yoy-2015-v1-backcast-search,MISSING,RELEASE_NOT_LOCATED,False,0
PBOC_AFRE_STOCK_OFFICIAL_RELEASE,MACRO_AFRE_STOCK_YOY,2004-08,pbc-afre-stock-yoy-2015-v1-backcast-search,MISSING,RELEASE_NOT_LOCATED,False,0
PBOC_AFRE_STOCK_OFFICIAL_RELEASE,MACRO_AFRE_STOCK_YOY,2004-09,pbc-afre-stock-yoy-2015-v1-backcast-search,MISSING,RELEASE_NOT_LOCATED,False,0
PBOC_AFRE_STOCK_OFFICIAL_RELEASE,MACRO_AFRE_STOCK_YOY,2004-10,pbc-afre-stock-yoy-2015-v1-backcast-search,MISSING,RELEASE_NOT_LOCATED,False,0
PBOC_AFRE_STOCK_OFFICIAL_RELEASE,MACRO_AFRE_STOCK_YOY,2004-11,pbc-afre-stock-yoy-2015-v1-backcast-search,MISSING,RELEASE_NOT_LOCATED,False,0
PBOC_AFRE_STOCK_OFFICIAL_RELEASE,MACRO_AFRE_STOCK_YOY,2004-12,pbc-afre-stock-yoy-2015-v1-backcast-search,MISSING,RELEASE_NOT_LOCATED,False,0
PBOC_AFRE_STOCK_OFFICIAL_RELEASE,MACRO_AFRE_STOCK_YOY,2005-01,pbc-afre-stock-yoy-2015-v1-backcast-search,MISSING,RELEASE_NOT_LOCATED,False,0
PBOC_AFRE_STOCK_OFFICIAL_RELEASE,MACRO_AFRE_STOCK_YOY,2005-02,pbc-afre-stock-yoy-2015-v1-backcast-search,MISSING,RELEASE_NOT_LOCATED,False,0
PBOC_AFRE_STOCK_OFFICIAL_RELEASE,MACRO_AFRE_STOCK_YOY,2005-03,pbc-afre-stock-yoy-2015-v1-backcast-search,MISSING,RELEASE_NOT_LOCATED,False,0
PBOC_AFRE_STOCK_OFFICIAL_RELEASE,MACRO_AFRE_STOCK_YOY,2005-04,pbc-afre-stock-yoy-2015-v1-backcast-search,MISSING,RELEASE_NOT_LOCATED,False,0
PBOC_AFRE_STOCK_OFFICIAL_RELEASE,MACRO_AFRE_STOCK_YOY,2005-05,pbc-afre-stock-yoy-2015-v1-backcast-search,MISSING,RELEASE_NOT_LOCATED,False,0
PBOC_AFRE_STOCK_OFFICIAL_RELEASE,MACRO_AFRE_STOCK_YOY,2005-06,pbc-afre-stock-yoy-2015-v1-backcast-search,MISSING,RELEASE_NOT_LOCATED,False,0
PBOC_AFRE_STOCK_OFFICIAL_RELEASE,MACRO_AFRE_STOCK_YOY,2005-07,pbc-afre-stock-yoy-2015-v1-backcast-search,MISSING,RELEASE_NOT_LOCATED,False,0
PBOC_AFRE_STOCK_OFFICIAL_RELEASE,MACRO_AFRE_STOCK_YOY,2005-08,pbc-afre-stock-yoy-2015-v1-backcast-search,MISSING,RELEASE_NOT_LOCATED,False,0
PBOC_AFRE_STOCK_OFFICIAL_RELEASE,MACRO_AFRE_STOCK_YOY,2005-09,pbc-afre-stock-yoy-2015-v1-backcast-search,MISSING,RELEASE_NOT_LOCATED,False,0
PBOC_AFRE_STOCK_OFFICIAL_RELEASE,MACRO_AFRE_STOCK_YOY,2005-10,pbc-afre-stock-yoy-2015-v1-backcast-search,MISSING,RELEASE_NOT_LOCATED,False,0
PBOC_AFRE_STOCK_OFFICIAL_RELEASE,MACRO_AFRE_STOCK_YOY,2005-11,pbc-afre-stock-yoy-2015-v1-backcast-search,MISSING,RELEASE_NOT_LOCATED,False,0
PBOC_AFRE_STOCK_OFFICIAL_RELEASE,MACRO_AFRE_STOCK_YOY,2005-12,pbc-afre-stock-yoy-2015-v1-backcast-search,MISSING,RELEASE_NOT_LOCATED,False,0
PBOC_AFRE_STOCK_OFFICIAL_RELEASE,MACRO_AFRE_STOCK_YOY,2006-01,pbc-afre-stock-yoy-2015-v1-backcast-search,MISSING,RELEASE_NOT_LOCATED,False,0
PBOC_AFRE_STOCK_OFFICIAL_RELEASE,MACRO_AFRE_STOCK_YOY,2006-02,pbc-afre-stock-yoy-2015-v1-backcast-search,MISSING,RELEASE_NOT_LOCATED,False,0
PBOC_AFRE_STOCK_OFFICIAL_RELEASE,MACRO_AFRE_STOCK_YOY,2006-03,pbc-afre-stock-yoy-2015-v1-backcast-search,MISSING,RELEASE_NOT_LOCATED,False,0
PBOC_AFRE_STOCK_OFFICIAL_RELEASE,MACRO_AFRE_STOCK_YOY,2006-04,pbc-afre-stock-yoy-2015-v1-backcast-search,MISSING,RELEASE_NOT_LOCATED,False,0
PBOC_AFRE_STOCK_OFFICIAL_RELEASE,MACRO_AFRE_STOCK_YOY,2006-05,pbc-afre-stock-yoy-2015-v1-backcast-search,MISSING,RELEASE_NOT_LOCATED,False,0
PBOC_AFRE_STOCK_OFFICIAL_RELEASE,MACRO_AFRE_STOCK_YOY,2006-06,pbc-afre-stock-yoy-2015-v1-backcast-search,MISSING,RELEASE_NOT_LOCATED,False,0
PBOC_AFRE_STOCK_OFFICIAL_RELEASE,MACRO_AFRE_STOCK_YOY,2006-07,pbc-afre-stock-yoy-2015-v1-backcast-search,MISSING,RELEASE_NOT_LOCATED,False,0
PBOC_AFRE_STOCK_OFFICIAL_RELEASE,MACRO_AFRE_STOCK_YOY,2006-08,pbc-afre-stock-yoy-2015-v1-backcast-search,MISSING,RELEASE_NOT_LOCATED,False,0
PBOC_AFRE_STOCK_OFFICIAL_RELEASE,MACRO_AFRE_STOCK_YOY,2006-09,pbc-afre-stock-yoy-2015-v1-backcast-search,MISSING,RELEASE_NOT_LOCATED,False,0
PBOC_AFRE_STOCK_OFFICIAL_RELEASE,MACRO_AFRE_STOCK_YOY,2006-10,pbc-afre-stock-yoy-2015-v1-backcast-search,MISSING,RELEASE_NOT_LOCATED,False,0
PBOC_AFRE_STOCK_OFFICIAL_RELEASE,MACRO_AFRE_STOCK_YOY,2006-11,pbc-afre-stock-yoy-2015-v1-backcast-search,MISSING,RELEASE_NOT_LOCATED,False,0
PBOC_AFRE_STOCK_OFFICIAL_RELEASE,MACRO_AFRE_STOCK_YOY,2006-12,pbc-afre-stock-yoy-2015-v1-backcast-search,MISSING,RELEASE_NOT_LOCATED,False,0
PBOC_AFRE_STOCK_OFFICIAL_RELEASE,MACRO_AFRE_STOCK_YOY,2007-01,pbc-afre-stock-yoy-2015-v1-backcast-search,MISSING,RELEASE_NOT_LOCATED,False,0
PBOC_AFRE_STOCK_OFFICIAL_RELEASE,MACRO_AFRE_STOCK_YOY,2007-02,pbc-afre-stock-yoy-2015-v1-backcast-search,MISSING,RELEASE_NOT_LOCATED,False,0
PBOC_AFRE_STOCK_OFFICIAL_RELEASE,MACRO_AFRE_STOCK_YOY,2007-03,pbc-afre-stock-yoy-2015-v1-backcast-search,MISSING,RELEASE_NOT_LOCATED,False,0
PBOC_AFRE_STOCK_OFFICIAL_RELEASE,MACRO_AFRE_STOCK_YOY,2007-04,pbc-afre-stock-yoy-2015-v1-backcast-search,MISSING,RELEASE_NOT_LOCATED,False,0
PBOC_AFRE_STOCK_OFFICIAL_RELEASE,MACRO_AFRE_STOCK_YOY,2007-05,pbc-afre-stock-yoy-2015-v1-backcast-search,MISSING,RELEASE_NOT_LOCATED,False,0
PBOC_AFRE_STOCK_OFFICIAL_RELEASE,MACRO_AFRE_STOCK_YOY,2007-06,pbc-afre-stock-yoy-2015-v1-backcast-search,MISSING,RELEASE_NOT_LOCATED,False,0
PBOC_AFRE_STOCK_OFFICIAL_RELEASE,MACRO_AFRE_STOCK_YOY,2007-07,pbc-afre-stock-yoy-2015-v1-backcast-search,MISSING,RELEASE_NOT_LOCATED,False,0
PBOC_AFRE_STOCK_OFFICIAL_RELEASE,MACRO_AFRE_STOCK_YOY,2007-08,pbc-afre-stock-yoy-2015-v1-backcast-search,MISSING,RELEASE_NOT_LOCATED,False,0
PBOC_AFRE_STOCK_OFFICIAL_RELEASE,MACRO_AFRE_STOCK_YOY,2007-09,pbc-afre-stock-yoy-2015-v1-backcast-search,MISSING,RELEASE_NOT_LOCATED,False,0
PBOC_AFRE_STOCK_OFFICIAL_RELEASE,MACRO_AFRE_STOCK_YOY,2007-10,pbc-afre-stock-yoy-2015-v1-backcast-search,MISSING,RELEASE_NOT_LOCATED,False,0
PBOC_AFRE_STOCK_OFFICIAL_RELEASE,MACRO_AFRE_STOCK_YOY,2007-11,pbc-afre-stock-yoy-2015-v1-backcast-search,MISSING,RELEASE_NOT_LOCATED,False,0
PBOC_AFRE_STOCK_OFFICIAL_RELEASE,MACRO_AFRE_STOCK_YOY,2007-12,pbc-afre-stock-yoy-2015-v1-backcast-search,MISSING,RELEASE_NOT_LOCATED,False,0
PBOC_AFRE_STOCK_OFFICIAL_RELEASE,MACRO_AFRE_STOCK_YOY,2008-01,pbc-afre-stock-yoy-2015-v1-backcast-search,MISSING,RELEASE_NOT_LOCATED,False,0
PBOC_AFRE_STOCK_OFFICIAL_RELEASE,MACRO_AFRE_STOCK_YOY,2008-02,pbc-afre-stock-yoy-2015-v1-backcast-search,MISSING,RELEASE_NOT_LOCATED,False,0
PBOC_AFRE_STOCK_OFFICIAL_RELEASE,MACRO_AFRE_STOCK_YOY,2008-03,pbc-afre-stock-yoy-2015-v1-backcast-search,MISSING,RELEASE_NOT_LOCATED,False,0
PBOC_AFRE_STOCK_OFFICIAL_RELEASE,MACRO_AFRE_STOCK_YOY,2008-04,pbc-afre-stock-yoy-2015-v1-backcast-search,MISSING,RELEASE_NOT_LOCATED,False,0
PBOC_AFRE_STOCK_OFFICIAL_RELEASE,MACRO_AFRE_STOCK_YOY,2008-05,pbc-afre-stock-yoy-2015-v1-backcast-search,MISSING,RELEASE_NOT_LOCATED,False,0
PBOC_AFRE_STOCK_OFFICIAL_RELEASE,MACRO_AFRE_STOCK_YOY,2008-06,pbc-afre-stock-yoy-2015-v1-backcast-search,MISSING,RELEASE_NOT_LOCATED,False,0
PBOC_AFRE_STOCK_OFFICIAL_RELEASE,MACRO_AFRE_STOCK_YOY,2008-07,pbc-afre-stock-yoy-2015-v1-backcast-search,MISSING,RELEASE_NOT_LOCATED,False,0
PBOC_AFRE_STOCK_OFFICIAL_RELEASE,MACRO_AFRE_STOCK_YOY,2008-08,pbc-afre-stock-yoy-2015-v1-backcast-search,MISSING,RELEASE_NOT_LOCATED,False,0
PBOC_AFRE_STOCK_OFFICIAL_RELEASE,MACRO_AFRE_STOCK_YOY,2008-09,pbc-afre-stock-yoy-2015-v1-backcast-search,MISSING,RELEASE_NOT_LOCATED,False,0
PBOC_AFRE_STOCK_OFFICIAL_RELEASE,MACRO_AFRE_STOCK_YOY,2008-10,pbc-afre-stock-yoy-2015-v1-backcast-search,MISSING,RELEASE_NOT_LOCATED,False,0
PBOC_AFRE_STOCK_OFFICIAL_RELEASE,MACRO_AFRE_STOCK_YOY,2008-11,pbc-afre-stock-yoy-2015-v1-backcast-search,MISSING,RELEASE_NOT_LOCATED,False,0
PBOC_AFRE_STOCK_OFFICIAL_RELEASE,MACRO_AFRE_STOCK_YOY,2008-12,pbc-afre-stock-yoy-2015-v1-backcast-search,MISSING,RELEASE_NOT_LOCATED,False,0
PBOC_AFRE_STOCK_OFFICIAL_RELEASE,MACRO_AFRE_STOCK_YOY,2009-01,pbc-afre-stock-yoy-2015-v1-backcast-search,MISSING,RELEASE_NOT_LOCATED,False,0
PBOC_AFRE_STOCK_OFFICIAL_RELEASE,MACRO_AFRE_STOCK_YOY,2009-02,pbc-afre-stock-yoy-2015-v1-backcast-search,MISSING,RELEASE_NOT_LOCATED,False,0
PBOC_AFRE_STOCK_OFFICIAL_RELEASE,MACRO_AFRE_STOCK_YOY,2009-03,pbc-afre-stock-yoy-2015-v1-backcast-search,MISSING,RELEASE_NOT_LOCATED,False,0
PBOC_AFRE_STOCK_OFFICIAL_RELEASE,MACRO_AFRE_STOCK_YOY,2009-04,pbc-afre-stock-yoy-2015-v1-backcast-search,MISSING,RELEASE_NOT_LOCATED,False,0
PBOC_AFRE_STOCK_OFFICIAL_RELEASE,MACRO_AFRE_STOCK_YOY,2009-05,pbc-afre-stock-yoy-2015-v1-backcast-search,MISSING,RELEASE_NOT_LOCATED,False,0
PBOC_AFRE_STOCK_OFFICIAL_RELEASE,MACRO_AFRE_STOCK_YOY,2009-06,pbc-afre-stock-yoy-2015-v1-backcast-search,MISSING,RELEASE_NOT_LOCATED,False,0
PBOC_AFRE_STOCK_OFFICIAL_RELEASE,MACRO_AFRE_STOCK_YOY,2009-07,pbc-afre-stock-yoy-2015-v1-backcast-search,MISSING,RELEASE_NOT_LOCATED,False,0
PBOC_AFRE_STOCK_OFFICIAL_RELEASE,MACRO_AFRE_STOCK_YOY,2009-08,pbc-afre-stock-yoy-2015-v1-backcast-search,MISSING,RELEASE_NOT_LOCATED,False,0
PBOC_AFRE_STOCK_OFFICIAL_RELEASE,MACRO_AFRE_STOCK_YOY,2009-09,pbc-afre-stock-yoy-2015-v1-backcast-search,MISSING,RELEASE_NOT_LOCATED,False,0
PBOC_AFRE_STOCK_OFFICIAL_RELEASE,MACRO_AFRE_STOCK_YOY,2009-10,pbc-afre-stock-yoy-2015-v1-backcast-search,MISSING,RELEASE_NOT_LOCATED,False,0
PBOC_AFRE_STOCK_OFFICIAL_RELEASE,MACRO_AFRE_STOCK_YOY,2009-11,pbc-afre-stock-yoy-2015-v1-backcast-search,MISSING,RELEASE_NOT_LOCATED,False,0
PBOC_AFRE_STOCK_OFFICIAL_RELEASE,MACRO_AFRE_STOCK_YOY,2009-12,pbc-afre-stock-yoy-2015-v1-backcast-search,MISSING,RELEASE_NOT_LOCATED,False,0
PBOC_AFRE_STOCK_OFFICIAL_RELEASE,MACRO_AFRE_STOCK_YOY,2010-01,pbc-afre-stock-yoy-2015-v1-backcast-search,MISSING,RELEASE_NOT_LOCATED,False,0
PBOC_AFRE_STOCK_OFFICIAL_RELEASE,MACRO_AFRE_STOCK_YOY,2010-02,pbc-afre-stock-yoy-2015-v1-backcast-search,MISSING,RELEASE_NOT_LOCATED,False,0
PBOC_AFRE_STOCK_OFFICIAL_RELEASE,MACRO_AFRE_STOCK_YOY,2010-03,pbc-afre-stock-yoy-2015-v1-backcast-search,MISSING,RELEASE_NOT_LOCATED,False,0
PBOC_AFRE_STOCK_OFFICIAL_RELEASE,MACRO_AFRE_STOCK_YOY,2010-04,pbc-afre-stock-yoy-2015-v1-backcast-search,MISSING,RELEASE_NOT_LOCATED,False,0
PBOC_AFRE_STOCK_OFFICIAL_RELEASE,MACRO_AFRE_STOCK_YOY,2010-05,pbc-afre-stock-yoy-2015-v1-backcast-search,MISSING,RELEASE_NOT_LOCATED,False,0
PBOC_AFRE_STOCK_OFFICIAL_RELEASE,MACRO_AFRE_STOCK_YOY,2010-06,pbc-afre-stock-yoy-2015-v1-backcast-search,MISSING,RELEASE_NOT_LOCATED,False,0
PBOC_AFRE_STOCK_OFFICIAL_RELEASE,MACRO_AFRE_STOCK_YOY,2010-07,pbc-afre-stock-yoy-2015-v1-backcast-search,MISSING,RELEASE_NOT_LOCATED,False,0
PBOC_AFRE_STOCK_OFFICIAL_RELEASE,MACRO_AFRE_STOCK_YOY,2010-08,pbc-afre-stock-yoy-2015-v1-backcast-search,MISSING,RELEASE_NOT_LOCATED,False,0
PBOC_AFRE_STOCK_OFFICIAL_RELEASE,MACRO_AFRE_STOCK_YOY,2010-09,pbc-afre-stock-yoy-2015-v1-backcast-search,MISSING,RELEASE_NOT_LOCATED,False,0
PBOC_AFRE_STOCK_OFFICIAL_RELEASE,MACRO_AFRE_STOCK_YOY,2010-10,pbc-afre-stock-yoy-2015-v1-backcast-search,MISSING,RELEASE_NOT_LOCATED,False,0
PBOC_AFRE_STOCK_OFFICIAL_RELEASE,MACRO_AFRE_STOCK_YOY,2010-11,pbc-afre-stock-yoy-2015-v1-backcast-search,MISSING,RELEASE_NOT_LOCATED,False,0
PBOC_AFRE_STOCK_OFFICIAL_RELEASE,MACRO_AFRE_STOCK_YOY,2010-12,pbc-afre-stock-yoy-2015-v1-backcast-search,MISSING,RELEASE_NOT_LOCATED,False,0
PBOC_AFRE_STOCK_OFFICIAL_RELEASE,MACRO_AFRE_STOCK_YOY,2011-01,pbc-afre-stock-yoy-2015-v1-backcast-search,MISSING,RELEASE_NOT_LOCATED,False,0
PBOC_AFRE_STOCK_OFFICIAL_RELEASE,MACRO_AFRE_STOCK_YOY,2011-02,pbc-afre-stock-yoy-2015-v1-backcast-search,MISSING,RELEASE_NOT_LOCATED,False,0
PBOC_AFRE_STOCK_OFFICIAL_RELEASE,MACRO_AFRE_STOCK_YOY,2011-03,pbc-afre-stock-yoy-2015-v1-backcast-search,MISSING,RELEASE_NOT_LOCATED,False,0
PBOC_AFRE_STOCK_OFFICIAL_RELEASE,MACRO_AFRE_STOCK_YOY,2011-04,pbc-afre-stock-yoy-2015-v1-backcast-search,MISSING,RELEASE_NOT_LOCATED,False,0
PBOC_AFRE_STOCK_OFFICIAL_RELEASE,MACRO_AFRE_STOCK_YOY,2011-05,pbc-afre-stock-yoy-2015-v1-backcast-search,MISSING,RELEASE_NOT_LOCATED,False,0
PBOC_AFRE_STOCK_OFFICIAL_RELEASE,MACRO_AFRE_STOCK_YOY,2011-06,pbc-afre-stock-yoy-2015-v1-backcast-search,MISSING,RELEASE_NOT_LOCATED,False,0
PBOC_AFRE_STOCK_OFFICIAL_RELEASE,MACRO_AFRE_STOCK_YOY,2011-07,pbc-afre-stock-yoy-2015-v1-backcast-search,MISSING,RELEASE_NOT_LOCATED,False,0
PBOC_AFRE_STOCK_OFFICIAL_RELEASE,MACRO_AFRE_STOCK_YOY,2011-08,pbc-afre-stock-yoy-2015-v1-backcast-search,MISSING,RELEASE_NOT_LOCATED,False,0
PBOC_AFRE_STOCK_OFFICIAL_RELEASE,MACRO_AFRE_STOCK_YOY,2011-09,pbc-afre-stock-yoy-2015-v1-backcast-search,MISSING,RELEASE_NOT_LOCATED,False,0
PBOC_AFRE_STOCK_OFFICIAL_RELEASE,MACRO_AFRE_STOCK_YOY,2011-10,pbc-afre-stock-yoy-2015-v1-backcast-search,MISSING,RELEASE_NOT_LOCATED,False,0
PBOC_AFRE_STOCK_OFFICIAL_RELEASE,MACRO_AFRE_STOCK_YOY,2011-11,pbc-afre-stock-yoy-2015-v1-backcast-search,MISSING,RELEASE_NOT_LOCATED,False,0
PBOC_AFRE_STOCK_OFFICIAL_RELEASE,MACRO_AFRE_STOCK_YOY,2011-12,pbc-afre-stock-yoy-2015-v1-backcast-search,MISSING,RELEASE_NOT_LOCATED,False,0
PBOC_AFRE_STOCK_OFFICIAL_RELEASE,MACRO_AFRE_STOCK_YOY,2012-01,pbc-afre-stock-yoy-2015-v1-backcast-search,MISSING,RELEASE_NOT_LOCATED,False,0
PBOC_AFRE_STOCK_OFFICIAL_RELEASE,MACRO_AFRE_STOCK_YOY,2012-02,pbc-afre-stock-yoy-2015-v1-backcast-search,MISSING,RELEASE_NOT_LOCATED,False,0
PBOC_AFRE_STOCK_OFFICIAL_RELEASE,MACRO_AFRE_STOCK_YOY,2012-03,pbc-afre-stock-yoy-2015-v1-backcast-search,MISSING,RELEASE_NOT_LOCATED,False,0
PBOC_AFRE_STOCK_OFFICIAL_RELEASE,MACRO_AFRE_STOCK_YOY,2012-04,pbc-afre-stock-yoy-2015-v1-backcast-search,MISSING,RELEASE_NOT_LOCATED,False,0
PBOC_AFRE_STOCK_OFFICIAL_RELEASE,MACRO_AFRE_STOCK_YOY,2012-05,pbc-afre-stock-yoy-2015-v1-backcast-search,MISSING,RELEASE_NOT_LOCATED,False,0
PBOC_AFRE_STOCK_OFFICIAL_RELEASE,MACRO_AFRE_STOCK_YOY,2012-06,pbc-afre-stock-yoy-2015-v1-backcast-search,MISSING,RELEASE_NOT_LOCATED,False,0
PBOC_AFRE_STOCK_OFFICIAL_RELEASE,MACRO_AFRE_STOCK_YOY,2012-07,pbc-afre-stock-yoy-2015-v1-backcast-search,MISSING,RELEASE_NOT_LOCATED,False,0
PBOC_AFRE_STOCK_OFFICIAL_RELEASE,MACRO_AFRE_STOCK_YOY,2012-08,pbc-afre-stock-yoy-2015-v1-backcast-search,MISSING,RELEASE_NOT_LOCATED,False,0
PBOC_AFRE_STOCK_OFFICIAL_RELEASE,MACRO_AFRE_STOCK_YOY,2012-09,pbc-afre-stock-yoy-2015-v1-backcast-search,MISSING,RELEASE_NOT_LOCATED,False,0
PBOC_AFRE_STOCK_OFFICIAL_RELEASE,MACRO_AFRE_STOCK_YOY,2012-10,pbc-afre-stock-yoy-2015-v1-backcast-search,MISSING,RELEASE_NOT_LOCATED,False,0
PBOC_AFRE_STOCK_OFFICIAL_RELEASE,MACRO_AFRE_STOCK_YOY,2012-11,pbc-afre-stock-yoy-2015-v1-backcast-search,MISSING,RELEASE_NOT_LOCATED,False,0
PBOC_AFRE_STOCK_OFFICIAL_RELEASE,MACRO_AFRE_STOCK_YOY,2012-12,pbc-afre-stock-yoy-2015-v1-backcast-search,MISSING,RELEASE_NOT_LOCATED,False,0
PBOC_AFRE_STOCK_OFFICIAL_RELEASE,MACRO_AFRE_STOCK_YOY,2013-01,pbc-afre-stock-yoy-2015-v1-backcast-search,MISSING,RELEASE_NOT_LOCATED,False,0
PBOC_AFRE_STOCK_OFFICIAL_RELEASE,MACRO_AFRE_STOCK_YOY,2013-02,pbc-afre-stock-yoy-2015-v1-backcast-search,MISSING,RELEASE_NOT_LOCATED,False,0
PBOC_AFRE_STOCK_OFFICIAL_RELEASE,MACRO_AFRE_STOCK_YOY,2013-03,pbc-afre-stock-yoy-2015-v1-backcast-search,MISSING,RELEASE_NOT_LOCATED,False,0
PBOC_AFRE_STOCK_OFFICIAL_RELEASE,MACRO_AFRE_STOCK_YOY,2013-04,pbc-afre-stock-yoy-2015-v1-backcast-search,MISSING,RELEASE_NOT_LOCATED,False,0
PBOC_AFRE_STOCK_OFFICIAL_RELEASE,MACRO_AFRE_STOCK_YOY,2013-05,pbc-afre-stock-yoy-2015-v1-backcast-search,MISSING,RELEASE_NOT_LOCATED,False,0
PBOC_AFRE_STOCK_OFFICIAL_RELEASE,MACRO_AFRE_STOCK_YOY,2013-06,pbc-afre-stock-yoy-2015-v1-backcast-search,MISSING,RELEASE_NOT_LOCATED,False,0
PBOC_AFRE_STOCK_OFFICIAL_RELEASE,MACRO_AFRE_STOCK_YOY,2013-07,pbc-afre-stock-yoy-2015-v1-backcast-search,MISSING,RELEASE_NOT_LOCATED,False,0
PBOC_AFRE_STOCK_OFFICIAL_RELEASE,MACRO_AFRE_STOCK_YOY,2013-08,pbc-afre-stock-yoy-2015-v1-backcast-search,MISSING,RELEASE_NOT_LOCATED,False,0
PBOC_AFRE_STOCK_OFFICIAL_RELEASE,MACRO_AFRE_STOCK_YOY,2013-09,pbc-afre-stock-yoy-2015-v1-backcast-search,MISSING,RELEASE_NOT_LOCATED,False,0
PBOC_AFRE_STOCK_OFFICIAL_RELEASE,MACRO_AFRE_STOCK_YOY,2013-10,pbc-afre-stock-yoy-2015-v1-backcast-search,MISSING,RELEASE_NOT_LOCATED,False,0
PBOC_AFRE_STOCK_OFFICIAL_RELEASE,MACRO_AFRE_STOCK_YOY,2013-11,pbc-afre-stock-yoy-2015-v1-backcast-search,MISSING,RELEASE_NOT_LOCATED,False,0
PBOC_AFRE_STOCK_OFFICIAL_RELEASE,MACRO_AFRE_STOCK_YOY,2013-12,pbc-afre-stock-yoy-2015-v1-backcast-search,MISSING,RELEASE_NOT_LOCATED,False,0
PBOC_AFRE_STOCK_OFFICIAL_RELEASE,MACRO_AFRE_STOCK_YOY,2014-01,pbc-afre-stock-yoy-2015-v1-backcast-search,MISSING,RELEASE_NOT_LOCATED,False,0
PBOC_AFRE_STOCK_OFFICIAL_RELEASE,MACRO_AFRE_STOCK_YOY,2014-02,pbc-afre-stock-yoy-2015-v1-backcast-search,MISSING,RELEASE_NOT_LOCATED,False,0
PBOC_AFRE_STOCK_OFFICIAL_RELEASE,MACRO_AFRE_STOCK_YOY,2014-03,pbc-afre-stock-yoy-2015-v1-backcast-search,MISSING,RELEASE_NOT_LOCATED,False,0
PBOC_AFRE_STOCK_OFFICIAL_RELEASE,MACRO_AFRE_STOCK_YOY,2014-04,pbc-afre-stock-yoy-2015-v1-backcast-search,MISSING,RELEASE_NOT_LOCATED,False,0
PBOC_AFRE_STOCK_OFFICIAL_RELEASE,MACRO_AFRE_STOCK_YOY,2014-05,pbc-afre-stock-yoy-2015-v1-backcast-search,MISSING,RELEASE_NOT_LOCATED,False,0
PBOC_AFRE_STOCK_OFFICIAL_RELEASE,MACRO_AFRE_STOCK_YOY,2014-06,pbc-afre-stock-yoy-2015-v1-backcast-search,MISSING,RELEASE_NOT_LOCATED,False,0
PBOC_AFRE_STOCK_OFFICIAL_RELEASE,MACRO_AFRE_STOCK_YOY,2014-07,pbc-afre-stock-yoy-2015-v1-backcast-search,MISSING,RELEASE_NOT_LOCATED,False,0
PBOC_AFRE_STOCK_OFFICIAL_RELEASE,MACRO_AFRE_STOCK_YOY,2014-08,pbc-afre-stock-yoy-2015-v1-backcast-search,MISSING,RELEASE_NOT_LOCATED,False,0
PBOC_AFRE_STOCK_OFFICIAL_RELEASE,MACRO_AFRE_STOCK_YOY,2014-09,pbc-afre-stock-yoy-2015-v1-backcast-search,MISSING,RELEASE_NOT_LOCATED,False,0
PBOC_AFRE_STOCK_OFFICIAL_RELEASE,MACRO_AFRE_STOCK_YOY,2014-10,pbc-afre-stock-yoy-2015-v1-backcast-search,MISSING,RELEASE_NOT_LOCATED,False,0
PBOC_AFRE_STOCK_OFFICIAL_RELEASE,MACRO_AFRE_STOCK_YOY,2014-11,pbc-afre-stock-yoy-2015-v1-backcast-search,MISSING,RELEASE_NOT_LOCATED,False,0
PBOC_AFRE_STOCK_OFFICIAL_RELEASE,MACRO_AFRE_STOCK_YOY,2014-12,pbc-afre-stock-yoy-2015-v1-backcast-search,AVAILABLE,RAW_OFFICIAL_VINTAGE,False,1
PBOC_AFRE_STOCK_OFFICIAL_RELEASE,MACRO_AFRE_STOCK_YOY,2015-01,pbc-afre-stock-yoy-2015-v1-main,MISSING,RELEASE_NOT_LOCATED,False,0
PBOC_AFRE_STOCK_OFFICIAL_RELEASE,MACRO_AFRE_STOCK_YOY,2015-02,pbc-afre-stock-yoy-2015-v1-main,MISSING,RELEASE_NOT_LOCATED,False,0
PBOC_AFRE_STOCK_OFFICIAL_RELEASE,MACRO_AFRE_STOCK_YOY,2015-03,pbc-afre-stock-yoy-2015-v1-main,AVAILABLE,RAW_OFFICIAL_VINTAGE,True,1
PBOC_AFRE_STOCK_OFFICIAL_RELEASE,MACRO_AFRE_STOCK_YOY,2015-04,pbc-afre-stock-yoy-2015-v1-main,MISSING,RELEASE_NOT_LOCATED,False,0
PBOC_AFRE_STOCK_OFFICIAL_RELEASE,MACRO_AFRE_STOCK_YOY,2015-05,pbc-afre-stock-yoy-2015-v1-main,MISSING,RELEASE_NOT_LOCATED,False,0
PBOC_AFRE_STOCK_OFFICIAL_RELEASE,MACRO_AFRE_STOCK_YOY,2015-06,pbc-afre-stock-yoy-2015-v1-main,AVAILABLE,RAW_OFFICIAL_VINTAGE,True,1
PBOC_AFRE_STOCK_OFFICIAL_RELEASE,MACRO_AFRE_STOCK_YOY,2015-07,pbc-afre-stock-yoy-2015-v1-main,MISSING,RELEASE_NOT_LOCATED,False,0
PBOC_AFRE_STOCK_OFFICIAL_RELEASE,MACRO_AFRE_STOCK_YOY,2015-08,pbc-afre-stock-yoy-2015-v1-main,MISSING,RELEASE_NOT_LOCATED,False,0
PBOC_AFRE_STOCK_OFFICIAL_RELEASE,MACRO_AFRE_STOCK_YOY,2015-09,pbc-afre-stock-yoy-2015-v1-main,AVAILABLE,RAW_OFFICIAL_VINTAGE,True,1
PBOC_AFRE_STOCK_OFFICIAL_RELEASE,MACRO_AFRE_STOCK_YOY,2015-10,pbc-afre-stock-yoy-2015-v1-main,MISSING,RELEASE_NOT_LOCATED,False,0
PBOC_AFRE_STOCK_OFFICIAL_RELEASE,MACRO_AFRE_STOCK_YOY,2015-11,pbc-afre-stock-yoy-2015-v1-main,MISSING,RELEASE_NOT_LOCATED,False,0
PBOC_AFRE_STOCK_OFFICIAL_RELEASE,MACRO_AFRE_STOCK_YOY,2015-12,pbc-afre-stock-yoy-2015-v1-main,AVAILABLE,RAW_OFFICIAL_VINTAGE,True,1
PBOC_AFRE_STOCK_OFFICIAL_RELEASE,MACRO_AFRE_STOCK_YOY,2016-01,pbc-afre-stock-yoy-2015-v1-main,AVAILABLE,RAW_OFFICIAL_VINTAGE,True,1
PBOC_AFRE_STOCK_OFFICIAL_RELEASE,MACRO_AFRE_STOCK_YOY,2016-02,pbc-afre-stock-yoy-2015-v1-main,MISSING,RELEASE_NOT_LOCATED,False,0
PBOC_AFRE_STOCK_OFFICIAL_RELEASE,MACRO_AFRE_STOCK_YOY,2016-03,pbc-afre-stock-yoy-2015-v1-main,AVAILABLE,RAW_OFFICIAL_VINTAGE,True,1
PBOC_AFRE_STOCK_OFFICIAL_RELEASE,MACRO_AFRE_STOCK_YOY,2016-04,pbc-afre-stock-yoy-2015-v1-main,AVAILABLE,RAW_OFFICIAL_VINTAGE,True,1
PBOC_AFRE_STOCK_OFFICIAL_RELEASE,MACRO_AFRE_STOCK_YOY,2016-05,pbc-afre-stock-yoy-2015-v1-main,AVAILABLE,RAW_OFFICIAL_VINTAGE,True,1
PBOC_AFRE_STOCK_OFFICIAL_RELEASE,MACRO_AFRE_STOCK_YOY,2016-06,pbc-afre-stock-yoy-2015-v1-main,AVAILABLE,RAW_OFFICIAL_VINTAGE,True,1
PBOC_AFRE_STOCK_OFFICIAL_RELEASE,MACRO_AFRE_STOCK_YOY,2016-07,pbc-afre-stock-yoy-2015-v1-main,AVAILABLE,RAW_OFFICIAL_VINTAGE,True,1
PBOC_AFRE_STOCK_OFFICIAL_RELEASE,MACRO_AFRE_STOCK_YOY,2016-08,pbc-afre-stock-yoy-2015-v1-main,AVAILABLE,RAW_OFFICIAL_VINTAGE,True,1
PBOC_AFRE_STOCK_OFFICIAL_RELEASE,MACRO_AFRE_STOCK_YOY,2016-09,pbc-afre-stock-yoy-2015-v1-main,AVAILABLE,RAW_OFFICIAL_VINTAGE,True,1
PBOC_AFRE_STOCK_OFFICIAL_RELEASE,MACRO_AFRE_STOCK_YOY,2016-10,pbc-afre-stock-yoy-2015-v1-main,AVAILABLE,RAW_OFFICIAL_VINTAGE,True,1
PBOC_AFRE_STOCK_OFFICIAL_RELEASE,MACRO_AFRE_STOCK_YOY,2016-11,pbc-afre-stock-yoy-2015-v1-main,AVAILABLE,RAW_OFFICIAL_VINTAGE,True,1
PBOC_AFRE_STOCK_OFFICIAL_RELEASE,MACRO_AFRE_STOCK_YOY,2016-12,pbc-afre-stock-yoy-2015-v1-main,AVAILABLE,RAW_OFFICIAL_VINTAGE,True,1
PBOC_AFRE_STOCK_OFFICIAL_RELEASE,MACRO_AFRE_STOCK_YOY,2017-01,pbc-afre-stock-yoy-2015-v1-main,AVAILABLE,RAW_OFFICIAL_VINTAGE,True,1
PBOC_AFRE_STOCK_OFFICIAL_RELEASE,MACRO_AFRE_STOCK_YOY,2017-02,pbc-afre-stock-yoy-2015-v1-main,DEFINITION_UNRESOLVED,COMPARABLE_STOCK_YOY_BASIS_UNPROVEN,False,0
PBOC_AFRE_STOCK_OFFICIAL_RELEASE,MACRO_AFRE_STOCK_YOY,2017-03,pbc-afre-stock-yoy-2015-v1-main,AVAILABLE,RAW_OFFICIAL_VINTAGE,True,1
PBOC_AFRE_STOCK_OFFICIAL_RELEASE,MACRO_AFRE_STOCK_YOY,2017-04,pbc-afre-stock-yoy-2015-v1-main,AVAILABLE,RAW_OFFICIAL_VINTAGE,True,1
PBOC_AFRE_STOCK_OFFICIAL_RELEASE,MACRO_AFRE_STOCK_YOY,2017-05,pbc-afre-stock-yoy-2015-v1-main,AVAILABLE,RAW_OFFICIAL_VINTAGE,True,1
PBOC_AFRE_STOCK_OFFICIAL_RELEASE,MACRO_AFRE_STOCK_YOY,2017-06,pbc-afre-stock-yoy-2015-v1-main,AVAILABLE,RAW_OFFICIAL_VINTAGE,True,1
PBOC_AFRE_STOCK_OFFICIAL_RELEASE,MACRO_AFRE_STOCK_YOY,2017-07,pbc-afre-stock-yoy-2015-v1-main,AVAILABLE,RAW_OFFICIAL_VINTAGE,True,1
PBOC_AFRE_STOCK_OFFICIAL_RELEASE,MACRO_AFRE_STOCK_YOY,2017-08,pbc-afre-stock-yoy-2015-v1-main,AVAILABLE,RAW_OFFICIAL_VINTAGE,True,1
PBOC_AFRE_STOCK_OFFICIAL_RELEASE,MACRO_AFRE_STOCK_YOY,2017-09,pbc-afre-stock-yoy-2015-v1-main,AVAILABLE,RAW_OFFICIAL_VINTAGE,True,1
PBOC_AFRE_STOCK_OFFICIAL_RELEASE,MACRO_AFRE_STOCK_YOY,2017-10,pbc-afre-stock-yoy-2015-v1-main,AVAILABLE,RAW_OFFICIAL_VINTAGE,True,1
PBOC_AFRE_STOCK_OFFICIAL_RELEASE,MACRO_AFRE_STOCK_YOY,2017-11,pbc-afre-stock-yoy-2015-v1-main,AVAILABLE,RAW_OFFICIAL_VINTAGE,True,1
PBOC_AFRE_STOCK_OFFICIAL_RELEASE,MACRO_AFRE_STOCK_YOY,2017-12,pbc-afre-stock-yoy-2015-v1-main,AVAILABLE,RAW_OFFICIAL_VINTAGE,True,1
PBOC_AFRE_STOCK_OFFICIAL_RELEASE,MACRO_AFRE_STOCK_YOY,2018-01,pbc-afre-stock-yoy-2015-v1-main,AVAILABLE,RAW_OFFICIAL_VINTAGE,True,1
PBOC_AFRE_STOCK_OFFICIAL_RELEASE,MACRO_AFRE_STOCK_YOY,2018-02,pbc-afre-stock-yoy-2015-v1-main,AVAILABLE,RAW_OFFICIAL_VINTAGE,True,1
PBOC_AFRE_STOCK_OFFICIAL_RELEASE,MACRO_AFRE_STOCK_YOY,2018-03,pbc-afre-stock-yoy-2015-v1-main,AVAILABLE,RAW_OFFICIAL_VINTAGE,True,1
PBOC_AFRE_STOCK_OFFICIAL_RELEASE,MACRO_AFRE_STOCK_YOY,2018-04,pbc-afre-stock-yoy-2015-v1-main,AVAILABLE,RAW_OFFICIAL_VINTAGE,True,1
PBOC_AFRE_STOCK_OFFICIAL_RELEASE,MACRO_AFRE_STOCK_YOY,2018-05,pbc-afre-stock-yoy-2015-v1-main,AVAILABLE,RAW_OFFICIAL_VINTAGE,True,1
PBOC_AFRE_STOCK_OFFICIAL_RELEASE,MACRO_AFRE_STOCK_YOY,2018-06,pbc-afre-stock-yoy-2015-v1-main,AVAILABLE,RAW_OFFICIAL_VINTAGE,True,1
PBOC_AFRE_STOCK_OFFICIAL_RELEASE,MACRO_AFRE_STOCK_YOY,2018-07,pbc-afre-stock-yoy-2018-07-v2-main,AVAILABLE,RAW_OFFICIAL_VINTAGE,True,1
PBOC_AFRE_STOCK_OFFICIAL_RELEASE,MACRO_AFRE_STOCK_YOY,2018-08,pbc-afre-stock-yoy-2018-07-v2-main,AVAILABLE,RAW_OFFICIAL_VINTAGE,True,1
PBOC_AFRE_STOCK_OFFICIAL_RELEASE,MACRO_AFRE_STOCK_YOY,2018-09,pbc-afre-stock-yoy-2018-09-v3-main,AVAILABLE,RAW_OFFICIAL_VINTAGE,True,1
PBOC_AFRE_STOCK_OFFICIAL_RELEASE,MACRO_AFRE_STOCK_YOY,2018-10,pbc-afre-stock-yoy-2018-09-v3-main,AVAILABLE,RAW_OFFICIAL_VINTAGE,True,1
PBOC_AFRE_STOCK_OFFICIAL_RELEASE,MACRO_AFRE_STOCK_YOY,2018-11,pbc-afre-stock-yoy-2018-09-v3-main,AVAILABLE,RAW_OFFICIAL_VINTAGE,True,1
PBOC_AFRE_STOCK_OFFICIAL_RELEASE,MACRO_AFRE_STOCK_YOY,2018-12,pbc-afre-stock-yoy-2018-09-v3-main,AVAILABLE,RAW_OFFICIAL_VINTAGE,True,1
PBOC_AFRE_STOCK_OFFICIAL_RELEASE,MACRO_AFRE_STOCK_YOY,2019-01,pbc-afre-stock-yoy-2018-09-v3-main,AVAILABLE,RAW_OFFICIAL_VINTAGE,True,1
PBOC_AFRE_STOCK_OFFICIAL_RELEASE,MACRO_AFRE_STOCK_YOY,2019-02,pbc-afre-stock-yoy-2018-09-v3-main,AVAILABLE,RAW_OFFICIAL_VINTAGE,True,1
PBOC_AFRE_STOCK_OFFICIAL_RELEASE,MACRO_AFRE_STOCK_YOY,2019-03,pbc-afre-stock-yoy-2018-09-v3-main,AVAILABLE,RAW_OFFICIAL_VINTAGE,True,1
PBOC_AFRE_STOCK_OFFICIAL_RELEASE,MACRO_AFRE_STOCK_YOY,2019-04,pbc-afre-stock-yoy-2018-09-v3-main,AVAILABLE,RAW_OFFICIAL_VINTAGE,True,1
PBOC_AFRE_STOCK_OFFICIAL_RELEASE,MACRO_AFRE_STOCK_YOY,2019-05,pbc-afre-stock-yoy-2018-09-v3-main,AVAILABLE,RAW_OFFICIAL_VINTAGE,True,1
PBOC_AFRE_STOCK_OFFICIAL_RELEASE,MACRO_AFRE_STOCK_YOY,2019-06,pbc-afre-stock-yoy-2018-09-v3-main,AVAILABLE,RAW_OFFICIAL_VINTAGE,True,1
PBOC_AFRE_STOCK_OFFICIAL_RELEASE,MACRO_AFRE_STOCK_YOY,2019-07,pbc-afre-stock-yoy-2018-09-v3-main,AVAILABLE,RAW_OFFICIAL_VINTAGE,True,1
PBOC_AFRE_STOCK_OFFICIAL_RELEASE,MACRO_AFRE_STOCK_YOY,2019-08,pbc-afre-stock-yoy-2018-09-v3-main,AVAILABLE,RAW_OFFICIAL_VINTAGE,True,1
PBOC_AFRE_STOCK_OFFICIAL_RELEASE,MACRO_AFRE_STOCK_YOY,2019-09,pbc-afre-stock-yoy-2019-09-v4-main,AVAILABLE,RAW_OFFICIAL_VINTAGE,True,1
PBOC_AFRE_STOCK_OFFICIAL_RELEASE,MACRO_AFRE_STOCK_YOY,2019-10,pbc-afre-stock-yoy-2019-09-v4-main,AVAILABLE,RAW_OFFICIAL_VINTAGE,True,1
PBOC_AFRE_STOCK_OFFICIAL_RELEASE,MACRO_AFRE_STOCK_YOY,2019-11,pbc-afre-stock-yoy-2019-09-v4-main,AVAILABLE,RAW_OFFICIAL_VINTAGE,True,1
PBOC_AFRE_STOCK_OFFICIAL_RELEASE,MACRO_AFRE_STOCK_YOY,2019-12,pbc-afre-stock-yoy-2019-12-v5-main,AVAILABLE,RAW_OFFICIAL_VINTAGE,True,1
PBOC_AFRE_STOCK_OFFICIAL_RELEASE,MACRO_AFRE_STOCK_YOY,2020-01,pbc-afre-stock-yoy-2019-12-v5-main,AVAILABLE,RAW_OFFICIAL_VINTAGE,True,1
PBOC_AFRE_STOCK_OFFICIAL_RELEASE,MACRO_AFRE_STOCK_YOY,2020-02,pbc-afre-stock-yoy-2019-12-v5-main,AVAILABLE,RAW_OFFICIAL_VINTAGE,True,1
PBOC_AFRE_STOCK_OFFICIAL_RELEASE,MACRO_AFRE_STOCK_YOY,2020-03,pbc-afre-stock-yoy-2019-12-v5-main,AVAILABLE,RAW_OFFICIAL_VINTAGE,True,1
PBOC_AFRE_STOCK_OFFICIAL_RELEASE,MACRO_AFRE_STOCK_YOY,2020-04,pbc-afre-stock-yoy-2019-12-v5-main,AVAILABLE,RAW_OFFICIAL_VINTAGE,True,1
PBOC_AFRE_STOCK_OFFICIAL_RELEASE,MACRO_AFRE_STOCK_YOY,2020-05,pbc-afre-stock-yoy-2019-12-v5-main,AVAILABLE,RAW_OFFICIAL_VINTAGE,True,1
PBOC_AFRE_STOCK_OFFICIAL_RELEASE,MACRO_AFRE_STOCK_YOY,2020-06,pbc-afre-stock-yoy-2019-12-v5-main,AVAILABLE,RAW_OFFICIAL_VINTAGE,True,1
PBOC_AFRE_STOCK_OFFICIAL_RELEASE,MACRO_AFRE_STOCK_YOY,2020-07,pbc-afre-stock-yoy-2019-12-v5-main,AVAILABLE,RAW_OFFICIAL_VINTAGE,True,1
PBOC_AFRE_STOCK_OFFICIAL_RELEASE,MACRO_AFRE_STOCK_YOY,2020-08,pbc-afre-stock-yoy-2019-12-v5-main,AVAILABLE,RAW_OFFICIAL_VINTAGE,True,1
PBOC_AFRE_STOCK_OFFICIAL_RELEASE,MACRO_AFRE_STOCK_YOY,2020-09,pbc-afre-stock-yoy-2019-12-v5-main,AVAILABLE,RAW_OFFICIAL_VINTAGE,True,1
PBOC_AFRE_STOCK_OFFICIAL_RELEASE,MACRO_AFRE_STOCK_YOY,2020-10,pbc-afre-stock-yoy-2019-12-v5-main,AVAILABLE,RAW_OFFICIAL_VINTAGE,True,1
PBOC_AFRE_STOCK_OFFICIAL_RELEASE,MACRO_AFRE_STOCK_YOY,2020-11,pbc-afre-stock-yoy-2019-12-v5-main,AVAILABLE,RAW_OFFICIAL_VINTAGE,True,1
PBOC_AFRE_STOCK_OFFICIAL_RELEASE,MACRO_AFRE_STOCK_YOY,2020-12,pbc-afre-stock-yoy-2019-12-v5-main,AVAILABLE,RAW_OFFICIAL_VINTAGE,True,1
PBOC_AFRE_STOCK_OFFICIAL_RELEASE,MACRO_AFRE_STOCK_YOY,2021-01,pbc-afre-stock-yoy-2019-12-v5-main,AVAILABLE,RAW_OFFICIAL_VINTAGE,True,1
PBOC_AFRE_STOCK_OFFICIAL_RELEASE,MACRO_AFRE_STOCK_YOY,2021-02,pbc-afre-stock-yoy-2019-12-v5-main,AVAILABLE,RAW_OFFICIAL_VINTAGE,True,1
PBOC_AFRE_STOCK_OFFICIAL_RELEASE,MACRO_AFRE_STOCK_YOY,2021-03,pbc-afre-stock-yoy-2019-12-v5-main,AVAILABLE,RAW_OFFICIAL_VINTAGE,True,1
PBOC_AFRE_STOCK_OFFICIAL_RELEASE,MACRO_AFRE_STOCK_YOY,2021-04,pbc-afre-stock-yoy-2019-12-v5-main,AVAILABLE,RAW_OFFICIAL_VINTAGE,True,1
PBOC_AFRE_STOCK_OFFICIAL_RELEASE,MACRO_AFRE_STOCK_YOY,2021-05,pbc-afre-stock-yoy-2019-12-v5-main,AVAILABLE,RAW_OFFICIAL_VINTAGE,True,1
PBOC_AFRE_STOCK_OFFICIAL_RELEASE,MACRO_AFRE_STOCK_YOY,2021-06,pbc-afre-stock-yoy-2019-12-v5-main,AVAILABLE,RAW_OFFICIAL_VINTAGE,True,1
PBOC_AFRE_STOCK_OFFICIAL_RELEASE,MACRO_AFRE_STOCK_YOY,2021-07,pbc-afre-stock-yoy-2019-12-v5-main,AVAILABLE,RAW_OFFICIAL_VINTAGE,True,1
PBOC_AFRE_STOCK_OFFICIAL_RELEASE,MACRO_AFRE_STOCK_YOY,2021-08,pbc-afre-stock-yoy-2019-12-v5-main,AVAILABLE,RAW_OFFICIAL_VINTAGE,True,1
PBOC_AFRE_STOCK_OFFICIAL_RELEASE,MACRO_AFRE_STOCK_YOY,2021-09,pbc-afre-stock-yoy-2019-12-v5-main,AVAILABLE,RAW_OFFICIAL_VINTAGE,True,1
PBOC_AFRE_STOCK_OFFICIAL_RELEASE,MACRO_AFRE_STOCK_YOY,2021-10,pbc-afre-stock-yoy-2019-12-v5-main,AVAILABLE,RAW_OFFICIAL_VINTAGE,True,1
PBOC_AFRE_STOCK_OFFICIAL_RELEASE,MACRO_AFRE_STOCK_YOY,2021-11,pbc-afre-stock-yoy-2019-12-v5-main,AVAILABLE,RAW_OFFICIAL_VINTAGE,True,1
PBOC_AFRE_STOCK_OFFICIAL_RELEASE,MACRO_AFRE_STOCK_YOY,2021-12,pbc-afre-stock-yoy-2019-12-v5-main,AVAILABLE,RAW_OFFICIAL_VINTAGE,True,1
PBOC_AFRE_STOCK_OFFICIAL_RELEASE,MACRO_AFRE_STOCK_YOY,2022-01,pbc-afre-stock-yoy-2019-12-v5-main,AVAILABLE,RAW_OFFICIAL_VINTAGE,True,1
PBOC_AFRE_STOCK_OFFICIAL_RELEASE,MACRO_AFRE_STOCK_YOY,2022-02,pbc-afre-stock-yoy-2019-12-v5-main,AVAILABLE,RAW_OFFICIAL_VINTAGE,True,1
PBOC_AFRE_STOCK_OFFICIAL_RELEASE,MACRO_AFRE_STOCK_YOY,2022-03,pbc-afre-stock-yoy-2019-12-v5-main,AVAILABLE,RAW_OFFICIAL_VINTAGE,True,1
PBOC_AFRE_STOCK_OFFICIAL_RELEASE,MACRO_AFRE_STOCK_YOY,2022-04,pbc-afre-stock-yoy-2019-12-v5-main,AVAILABLE,RAW_OFFICIAL_VINTAGE,True,1
PBOC_AFRE_STOCK_OFFICIAL_RELEASE,MACRO_AFRE_STOCK_YOY,2022-05,pbc-afre-stock-yoy-2019-12-v5-main,AVAILABLE,RAW_OFFICIAL_VINTAGE,True,1
PBOC_AFRE_STOCK_OFFICIAL_RELEASE,MACRO_AFRE_STOCK_YOY,2022-06,pbc-afre-stock-yoy-2019-12-v5-main,AVAILABLE,RAW_OFFICIAL_VINTAGE,True,1
PBOC_AFRE_STOCK_OFFICIAL_RELEASE,MACRO_AFRE_STOCK_YOY,2022-07,pbc-afre-stock-yoy-2019-12-v5-main,AVAILABLE,RAW_OFFICIAL_VINTAGE,True,1
PBOC_AFRE_STOCK_OFFICIAL_RELEASE,MACRO_AFRE_STOCK_YOY,2022-08,pbc-afre-stock-yoy-2019-12-v5-main,AVAILABLE,RAW_OFFICIAL_VINTAGE,True,1
PBOC_AFRE_STOCK_OFFICIAL_RELEASE,MACRO_AFRE_STOCK_YOY,2022-09,pbc-afre-stock-yoy-2019-12-v5-main,AVAILABLE,RAW_OFFICIAL_VINTAGE,True,1
PBOC_AFRE_STOCK_OFFICIAL_RELEASE,MACRO_AFRE_STOCK_YOY,2022-10,pbc-afre-stock-yoy-2019-12-v5-main,AVAILABLE,RAW_OFFICIAL_VINTAGE,True,1
PBOC_AFRE_STOCK_OFFICIAL_RELEASE,MACRO_AFRE_STOCK_YOY,2022-11,pbc-afre-stock-yoy-2019-12-v5-main,AVAILABLE,RAW_OFFICIAL_VINTAGE,True,1
PBOC_AFRE_STOCK_OFFICIAL_RELEASE,MACRO_AFRE_STOCK_YOY,2022-12,pbc-afre-stock-yoy-2019-12-v5-main,AVAILABLE,RAW_OFFICIAL_VINTAGE,True,1
PBOC_AFRE_STOCK_OFFICIAL_RELEASE,MACRO_AFRE_STOCK_YOY,2023-01,pbc-afre-stock-yoy-2023-01-v6-main,AVAILABLE,RAW_OFFICIAL_VINTAGE,True,1
PBOC_AFRE_STOCK_OFFICIAL_RELEASE,MACRO_AFRE_STOCK_YOY,2023-02,pbc-afre-stock-yoy-2023-01-v6-main,AVAILABLE,RAW_OFFICIAL_VINTAGE,True,1
PBOC_AFRE_STOCK_OFFICIAL_RELEASE,MACRO_AFRE_STOCK_YOY,2023-03,pbc-afre-stock-yoy-2023-01-v6-main,AVAILABLE,RAW_OFFICIAL_VINTAGE,True,1
PBOC_AFRE_STOCK_OFFICIAL_RELEASE,MACRO_AFRE_STOCK_YOY,2023-04,pbc-afre-stock-yoy-2023-01-v6-main,AVAILABLE,RAW_OFFICIAL_VINTAGE,True,1
PBOC_AFRE_STOCK_OFFICIAL_RELEASE,MACRO_AFRE_STOCK_YOY,2023-05,pbc-afre-stock-yoy-2023-01-v6-main,AVAILABLE,RAW_OFFICIAL_VINTAGE,True,1
PBOC_AFRE_STOCK_OFFICIAL_RELEASE,MACRO_AFRE_STOCK_YOY,2023-06,pbc-afre-stock-yoy-2023-01-v6-main,AVAILABLE,RAW_OFFICIAL_VINTAGE,True,1
PBOC_AFRE_STOCK_OFFICIAL_RELEASE,MACRO_AFRE_STOCK_YOY,2023-07,pbc-afre-stock-yoy-2023-01-v6-main,AVAILABLE,RAW_OFFICIAL_VINTAGE,True,1
PBOC_AFRE_STOCK_OFFICIAL_RELEASE,MACRO_AFRE_STOCK_YOY,2023-08,pbc-afre-stock-yoy-2023-01-v6-main,AVAILABLE,RAW_OFFICIAL_VINTAGE,True,1
PBOC_AFRE_STOCK_OFFICIAL_RELEASE,MACRO_AFRE_STOCK_YOY,2023-09,pbc-afre-stock-yoy-2023-01-v6-main,AVAILABLE,RAW_OFFICIAL_VINTAGE,True,1
PBOC_AFRE_STOCK_OFFICIAL_RELEASE,MACRO_AFRE_STOCK_YOY,2023-10,pbc-afre-stock-yoy-2023-01-v6-main,AVAILABLE,RAW_OFFICIAL_VINTAGE,True,1
PBOC_AFRE_STOCK_OFFICIAL_RELEASE,MACRO_AFRE_STOCK_YOY,2023-11,pbc-afre-stock-yoy-2023-01-v6-main,AVAILABLE,RAW_OFFICIAL_VINTAGE,True,1
PBOC_AFRE_STOCK_OFFICIAL_RELEASE,MACRO_AFRE_STOCK_YOY,2023-12,pbc-afre-stock-yoy-2023-01-v6-main,AVAILABLE,RAW_OFFICIAL_VINTAGE,True,1
PBOC_AFRE_STOCK_OFFICIAL_RELEASE,MACRO_AFRE_STOCK_YOY,2024-01,pbc-afre-stock-yoy-2023-01-v6-main,AVAILABLE,RAW_OFFICIAL_VINTAGE,True,1
PBOC_AFRE_STOCK_OFFICIAL_RELEASE,MACRO_AFRE_STOCK_YOY,2024-02,pbc-afre-stock-yoy-2023-01-v6-main,AVAILABLE,RAW_OFFICIAL_VINTAGE,True,1
PBOC_AFRE_STOCK_OFFICIAL_RELEASE,MACRO_AFRE_STOCK_YOY,2024-03,pbc-afre-stock-yoy-2023-01-v6-main,AVAILABLE,RAW_OFFICIAL_VINTAGE,True,1
PBOC_AFRE_STOCK_OFFICIAL_RELEASE,MACRO_AFRE_STOCK_YOY,2024-04,pbc-afre-stock-yoy-2023-01-v6-main,AVAILABLE,RAW_OFFICIAL_VINTAGE,True,1
PBOC_AFRE_STOCK_OFFICIAL_RELEASE,MACRO_AFRE_STOCK_YOY,2024-05,pbc-afre-stock-yoy-2023-01-v6-main,AVAILABLE,RAW_OFFICIAL_VINTAGE,True,1
PBOC_AFRE_STOCK_OFFICIAL_RELEASE,MACRO_AFRE_STOCK_YOY,2024-06,pbc-afre-stock-yoy-2023-01-v6-main,AVAILABLE,RAW_OFFICIAL_VINTAGE,True,1
PBOC_AFRE_STOCK_OFFICIAL_RELEASE,MACRO_AFRE_STOCK_YOY,2024-07,pbc-afre-stock-yoy-2023-01-v6-main,AVAILABLE,RAW_OFFICIAL_VINTAGE,True,1
PBOC_AFRE_STOCK_OFFICIAL_RELEASE,MACRO_AFRE_STOCK_YOY,2024-08,pbc-afre-stock-yoy-2023-01-v6-main,AVAILABLE,RAW_OFFICIAL_VINTAGE,True,1
PBOC_AFRE_STOCK_OFFICIAL_RELEASE,MACRO_AFRE_STOCK_YOY,2024-09,pbc-afre-stock-yoy-2023-01-v6-main,AVAILABLE,RAW_OFFICIAL_VINTAGE,True,1
PBOC_AFRE_STOCK_OFFICIAL_RELEASE,MACRO_AFRE_STOCK_YOY,2024-10,pbc-afre-stock-yoy-2023-01-v6-main,AVAILABLE,RAW_OFFICIAL_VINTAGE,True,1
PBOC_AFRE_STOCK_OFFICIAL_RELEASE,MACRO_AFRE_STOCK_YOY,2024-11,pbc-afre-stock-yoy-2023-01-v6-main,AVAILABLE,RAW_OFFICIAL_VINTAGE,True,1
PBOC_AFRE_STOCK_OFFICIAL_RELEASE,MACRO_AFRE_STOCK_YOY,2024-12,pbc-afre-stock-yoy-2023-01-v6-main,AVAILABLE,RAW_OFFICIAL_VINTAGE,True,1
PBOC_AFRE_STOCK_OFFICIAL_RELEASE,MACRO_AFRE_STOCK_YOY,2025-01,pbc-afre-stock-yoy-2023-01-v6-main,MISSING,RELEASE_NOT_LOCATED,False,0
PBOC_AFRE_STOCK_OFFICIAL_RELEASE,MACRO_AFRE_STOCK_YOY,2025-02,pbc-afre-stock-yoy-2023-01-v6-main,DEFINITION_UNRESOLVED,COMPARABLE_STOCK_YOY_BASIS_UNPROVEN,False,0
PBOC_AFRE_STOCK_OFFICIAL_RELEASE,MACRO_AFRE_STOCK_YOY,2025-03,pbc-afre-stock-yoy-2023-01-v6-main,DEFINITION_UNRESOLVED,COMPARABLE_STOCK_YOY_BASIS_UNPROVEN,False,0
PBOC_AFRE_STOCK_OFFICIAL_RELEASE,MACRO_AFRE_STOCK_YOY,2025-04,pbc-afre-stock-yoy-2023-01-v6-main,DEFINITION_UNRESOLVED,COMPARABLE_STOCK_YOY_BASIS_UNPROVEN,False,0
PBOC_AFRE_STOCK_OFFICIAL_RELEASE,MACRO_AFRE_STOCK_YOY,2025-05,pbc-afre-stock-yoy-2023-01-v6-main,DEFINITION_UNRESOLVED,COMPARABLE_STOCK_YOY_BASIS_UNPROVEN,False,0
PBOC_AFRE_STOCK_OFFICIAL_RELEASE,MACRO_AFRE_STOCK_YOY,2025-06,pbc-afre-stock-yoy-2023-01-v6-main,DEFINITION_UNRESOLVED,COMPARABLE_STOCK_YOY_BASIS_UNPROVEN,False,0
PBOC_AFRE_STOCK_OFFICIAL_RELEASE,MACRO_AFRE_STOCK_YOY,2025-07,pbc-afre-stock-yoy-2023-01-v6-main,DEFINITION_UNRESOLVED,COMPARABLE_STOCK_YOY_BASIS_UNPROVEN,False,0
PBOC_AFRE_STOCK_OFFICIAL_RELEASE,MACRO_AFRE_STOCK_YOY,2025-08,pbc-afre-stock-yoy-2023-01-v6-main,DEFINITION_UNRESOLVED,COMPARABLE_STOCK_YOY_BASIS_UNPROVEN,False,0
PBOC_AFRE_STOCK_OFFICIAL_RELEASE,MACRO_AFRE_STOCK_YOY,2025-09,pbc-afre-stock-yoy-2023-01-v6-main,DEFINITION_UNRESOLVED,COMPARABLE_STOCK_YOY_BASIS_UNPROVEN,False,0
PBOC_AFRE_STOCK_OFFICIAL_RELEASE,MACRO_AFRE_STOCK_YOY,2025-10,pbc-afre-stock-yoy-2023-01-v6-main,DEFINITION_UNRESOLVED,COMPARABLE_STOCK_YOY_BASIS_UNPROVEN,False,0
PBOC_AFRE_STOCK_OFFICIAL_RELEASE,MACRO_AFRE_STOCK_YOY,2025-11,pbc-afre-stock-yoy-2023-01-v6-main,DEFINITION_UNRESOLVED,COMPARABLE_STOCK_YOY_BASIS_UNPROVEN,False,0
PBOC_AFRE_STOCK_OFFICIAL_RELEASE,MACRO_AFRE_STOCK_YOY,2025-12,pbc-afre-stock-yoy-2023-01-v6-main,DEFINITION_UNRESOLVED,COMPARABLE_STOCK_YOY_BASIS_UNPROVEN,False,0
PBOC_AFRE_STOCK_OFFICIAL_RELEASE,MACRO_AFRE_STOCK_YOY,2026-01,pbc-afre-stock-yoy-2023-01-v6-main,DEFINITION_UNRESOLVED,COMPARABLE_STOCK_YOY_BASIS_UNPROVEN,False,0
PBOC_AFRE_STOCK_OFFICIAL_RELEASE,MACRO_AFRE_STOCK_YOY,2026-02,pbc-afre-stock-yoy-2023-01-v6-main,DEFINITION_UNRESOLVED,COMPARABLE_STOCK_YOY_BASIS_UNPROVEN,False,0
PBOC_AFRE_STOCK_OFFICIAL_RELEASE,MACRO_AFRE_STOCK_YOY,2026-03,pbc-afre-stock-yoy-2023-01-v6-main,DEFINITION_UNRESOLVED,COMPARABLE_STOCK_YOY_BASIS_UNPROVEN,False,0
PBOC_AFRE_STOCK_OFFICIAL_RELEASE,MACRO_AFRE_STOCK_YOY,2026-04,pbc-afre-stock-yoy-2023-01-v6-main,DEFINITION_UNRESOLVED,COMPARABLE_STOCK_YOY_BASIS_UNPROVEN,False,0
PBOC_AFRE_STOCK_OFFICIAL_RELEASE,MACRO_AFRE_STOCK_YOY,2026-05,pbc-afre-stock-yoy-2023-01-v6-main,DEFINITION_UNRESOLVED,COMPARABLE_STOCK_YOY_BASIS_UNPROVEN,False,0
PBOC_AFRE_STOCK_OFFICIAL_RELEASE,MACRO_AFRE_STOCK_YOY,2026-06,pbc-afre-stock-yoy-2023-01-v6-main,DEFINITION_UNRESOLVED,COMPARABLE_STOCK_YOY_BASIS_UNPROVEN,False,0
PBOC_AFRE_STOCK_OFFICIAL_RELEASE,MACRO_AFRE_STOCK_YOY,2026-07,pbc-afre-stock-yoy-2023-01-v6-main,DEFINITION_UNRESOLVED,COMPARABLE_STOCK_YOY_BASIS_UNPROVEN,False,0
PBOC_AFRE_STOCK_OFFICIAL_RELEASE,MACRO_AFRE_STOCK_YOY,2026-08,pbc-afre-stock-yoy-2023-01-v6-main,MISSING,RELEASE_NOT_LOCATED,False,0
PBOC_M2_OFFICIAL_RELEASE,MACRO_M2_BALANCE,2005-01,pbc-m2-balance-pre-2011-v1-main,AVAILABLE,RAW_OFFICIAL_VINTAGE,True,1
PBOC_M2_OFFICIAL_RELEASE,MACRO_M2_BALANCE,2005-02,pbc-m2-balance-pre-2011-v1-main,AVAILABLE,RAW_OFFICIAL_VINTAGE,True,1
PBOC_M2_OFFICIAL_RELEASE,MACRO_M2_BALANCE,2005-03,pbc-m2-balance-pre-2011-v1-main,AVAILABLE,RAW_OFFICIAL_VINTAGE,True,1
PBOC_M2_OFFICIAL_RELEASE,MACRO_M2_BALANCE,2005-04,pbc-m2-balance-pre-2011-v1-main,AVAILABLE,RAW_OFFICIAL_VINTAGE,True,1
PBOC_M2_OFFICIAL_RELEASE,MACRO_M2_BALANCE,2005-05,pbc-m2-balance-pre-2011-v1-main,AVAILABLE,RAW_OFFICIAL_VINTAGE,True,1
PBOC_M2_OFFICIAL_RELEASE,MACRO_M2_BALANCE,2005-06,pbc-m2-balance-pre-2011-v1-main,AVAILABLE,RAW_OFFICIAL_VINTAGE,True,1
PBOC_M2_OFFICIAL_RELEASE,MACRO_M2_BALANCE,2005-07,pbc-m2-balance-pre-2011-v1-main,AVAILABLE,RAW_OFFICIAL_VINTAGE,True,1
PBOC_M2_OFFICIAL_RELEASE,MACRO_M2_BALANCE,2005-08,pbc-m2-balance-pre-2011-v1-main,AVAILABLE,RAW_OFFICIAL_VINTAGE,True,1
PBOC_M2_OFFICIAL_RELEASE,MACRO_M2_BALANCE,2005-09,pbc-m2-balance-pre-2011-v1-main,AVAILABLE,RAW_OFFICIAL_VINTAGE,True,1
PBOC_M2_OFFICIAL_RELEASE,MACRO_M2_BALANCE,2005-10,pbc-m2-balance-pre-2011-v1-main,AVAILABLE,RAW_OFFICIAL_VINTAGE,True,1
PBOC_M2_OFFICIAL_RELEASE,MACRO_M2_BALANCE,2005-11,pbc-m2-balance-pre-2011-v1-main,AVAILABLE,RAW_OFFICIAL_VINTAGE,True,1
PBOC_M2_OFFICIAL_RELEASE,MACRO_M2_BALANCE,2005-12,pbc-m2-balance-pre-2011-v1-main,AVAILABLE,RAW_OFFICIAL_VINTAGE,True,1
PBOC_M2_OFFICIAL_RELEASE,MACRO_M2_BALANCE,2006-01,pbc-m2-balance-pre-2011-v1-main,AVAILABLE,RAW_OFFICIAL_VINTAGE,True,1
PBOC_M2_OFFICIAL_RELEASE,MACRO_M2_BALANCE,2006-02,pbc-m2-balance-pre-2011-v1-main,AVAILABLE,RAW_OFFICIAL_VINTAGE,True,1
PBOC_M2_OFFICIAL_RELEASE,MACRO_M2_BALANCE,2006-03,pbc-m2-balance-pre-2011-v1-main,AVAILABLE,RAW_OFFICIAL_VINTAGE,True,1
PBOC_M2_OFFICIAL_RELEASE,MACRO_M2_BALANCE,2006-04,pbc-m2-balance-pre-2011-v1-main,AVAILABLE,RAW_OFFICIAL_VINTAGE,True,1
PBOC_M2_OFFICIAL_RELEASE,MACRO_M2_BALANCE,2006-05,pbc-m2-balance-pre-2011-v1-main,AVAILABLE,RAW_OFFICIAL_VINTAGE,True,1
PBOC_M2_OFFICIAL_RELEASE,MACRO_M2_BALANCE,2006-06,pbc-m2-balance-pre-2011-v1-main,AVAILABLE,RAW_OFFICIAL_VINTAGE,True,1
PBOC_M2_OFFICIAL_RELEASE,MACRO_M2_BALANCE,2006-07,pbc-m2-balance-pre-2011-v1-main,AVAILABLE,RAW_OFFICIAL_VINTAGE,True,1
PBOC_M2_OFFICIAL_RELEASE,MACRO_M2_BALANCE,2006-08,pbc-m2-balance-pre-2011-v1-main,AVAILABLE,RAW_OFFICIAL_VINTAGE,True,1
PBOC_M2_OFFICIAL_RELEASE,MACRO_M2_BALANCE,2006-09,pbc-m2-balance-pre-2011-v1-main,AVAILABLE,RAW_OFFICIAL_VINTAGE,True,1
PBOC_M2_OFFICIAL_RELEASE,MACRO_M2_BALANCE,2006-10,pbc-m2-balance-pre-2011-v1-main,AVAILABLE,RAW_OFFICIAL_VINTAGE,True,1
PBOC_M2_OFFICIAL_RELEASE,MACRO_M2_BALANCE,2006-11,pbc-m2-balance-pre-2011-v1-main,AVAILABLE,RAW_OFFICIAL_VINTAGE,True,1
PBOC_M2_OFFICIAL_RELEASE,MACRO_M2_BALANCE,2006-12,pbc-m2-balance-pre-2011-v1-main,MISSING,RELEASE_NOT_LOCATED,False,0
PBOC_M2_OFFICIAL_RELEASE,MACRO_M2_BALANCE,2007-01,pbc-m2-balance-pre-2011-v1-main,AVAILABLE,RAW_OFFICIAL_VINTAGE,True,1
PBOC_M2_OFFICIAL_RELEASE,MACRO_M2_BALANCE,2007-02,pbc-m2-balance-pre-2011-v1-main,AVAILABLE,RAW_OFFICIAL_VINTAGE,True,1
PBOC_M2_OFFICIAL_RELEASE,MACRO_M2_BALANCE,2007-03,pbc-m2-balance-pre-2011-v1-main,AVAILABLE,RAW_OFFICIAL_VINTAGE,True,1
PBOC_M2_OFFICIAL_RELEASE,MACRO_M2_BALANCE,2007-04,pbc-m2-balance-pre-2011-v1-main,AVAILABLE,RAW_OFFICIAL_VINTAGE,True,1
PBOC_M2_OFFICIAL_RELEASE,MACRO_M2_BALANCE,2007-05,pbc-m2-balance-pre-2011-v1-main,AVAILABLE,RAW_OFFICIAL_VINTAGE,True,1
PBOC_M2_OFFICIAL_RELEASE,MACRO_M2_BALANCE,2007-06,pbc-m2-balance-pre-2011-v1-main,AVAILABLE,RAW_OFFICIAL_VINTAGE,True,1
PBOC_M2_OFFICIAL_RELEASE,MACRO_M2_BALANCE,2007-07,pbc-m2-balance-pre-2011-v1-main,AVAILABLE,RAW_OFFICIAL_VINTAGE,True,1
PBOC_M2_OFFICIAL_RELEASE,MACRO_M2_BALANCE,2007-08,pbc-m2-balance-pre-2011-v1-main,AVAILABLE,RAW_OFFICIAL_VINTAGE,True,1
PBOC_M2_OFFICIAL_RELEASE,MACRO_M2_BALANCE,2007-09,pbc-m2-balance-pre-2011-v1-main,AVAILABLE,RAW_OFFICIAL_VINTAGE,True,1
PBOC_M2_OFFICIAL_RELEASE,MACRO_M2_BALANCE,2007-10,pbc-m2-balance-pre-2011-v1-main,AVAILABLE,RAW_OFFICIAL_VINTAGE,True,1
PBOC_M2_OFFICIAL_RELEASE,MACRO_M2_BALANCE,2007-11,pbc-m2-balance-pre-2011-v1-main,AVAILABLE,RAW_OFFICIAL_VINTAGE,True,1
PBOC_M2_OFFICIAL_RELEASE,MACRO_M2_BALANCE,2007-12,pbc-m2-balance-pre-2011-v1-main,AVAILABLE,RAW_OFFICIAL_VINTAGE,True,1
PBOC_M2_OFFICIAL_RELEASE,MACRO_M2_BALANCE,2008-01,pbc-m2-balance-pre-2011-v1-main,AVAILABLE,RAW_OFFICIAL_VINTAGE,True,1
PBOC_M2_OFFICIAL_RELEASE,MACRO_M2_BALANCE,2008-02,pbc-m2-balance-pre-2011-v1-main,AVAILABLE,RAW_OFFICIAL_VINTAGE,True,1
PBOC_M2_OFFICIAL_RELEASE,MACRO_M2_BALANCE,2008-03,pbc-m2-balance-pre-2011-v1-main,AVAILABLE,RAW_OFFICIAL_VINTAGE,True,1
PBOC_M2_OFFICIAL_RELEASE,MACRO_M2_BALANCE,2008-04,pbc-m2-balance-pre-2011-v1-main,AVAILABLE,RAW_OFFICIAL_VINTAGE,True,1
PBOC_M2_OFFICIAL_RELEASE,MACRO_M2_BALANCE,2008-05,pbc-m2-balance-pre-2011-v1-main,AVAILABLE,RAW_OFFICIAL_VINTAGE,True,1
PBOC_M2_OFFICIAL_RELEASE,MACRO_M2_BALANCE,2008-06,pbc-m2-balance-pre-2011-v1-main,AVAILABLE,RAW_OFFICIAL_VINTAGE,True,1
PBOC_M2_OFFICIAL_RELEASE,MACRO_M2_BALANCE,2008-07,pbc-m2-balance-pre-2011-v1-main,AVAILABLE,RAW_OFFICIAL_VINTAGE,True,1
PBOC_M2_OFFICIAL_RELEASE,MACRO_M2_BALANCE,2008-08,pbc-m2-balance-pre-2011-v1-main,AVAILABLE,RAW_OFFICIAL_VINTAGE,True,1
PBOC_M2_OFFICIAL_RELEASE,MACRO_M2_BALANCE,2008-09,pbc-m2-balance-pre-2011-v1-main,AVAILABLE,RAW_OFFICIAL_VINTAGE,True,1
PBOC_M2_OFFICIAL_RELEASE,MACRO_M2_BALANCE,2008-10,pbc-m2-balance-pre-2011-v1-main,AVAILABLE,RAW_OFFICIAL_VINTAGE,True,1
PBOC_M2_OFFICIAL_RELEASE,MACRO_M2_BALANCE,2008-11,pbc-m2-balance-pre-2011-v1-main,AVAILABLE,RAW_OFFICIAL_VINTAGE,True,1
PBOC_M2_OFFICIAL_RELEASE,MACRO_M2_BALANCE,2008-12,pbc-m2-balance-pre-2011-v1-main,AVAILABLE,RAW_OFFICIAL_VINTAGE,True,1
PBOC_M2_OFFICIAL_RELEASE,MACRO_M2_BALANCE,2009-01,pbc-m2-balance-pre-2011-v1-main,AVAILABLE,RAW_OFFICIAL_VINTAGE,True,1
PBOC_M2_OFFICIAL_RELEASE,MACRO_M2_BALANCE,2009-02,pbc-m2-balance-pre-2011-v1-main,AVAILABLE,RAW_OFFICIAL_VINTAGE,True,1
PBOC_M2_OFFICIAL_RELEASE,MACRO_M2_BALANCE,2009-03,pbc-m2-balance-pre-2011-v1-main,AVAILABLE,RAW_OFFICIAL_VINTAGE,True,1
PBOC_M2_OFFICIAL_RELEASE,MACRO_M2_BALANCE,2009-04,pbc-m2-balance-pre-2011-v1-main,AVAILABLE,RAW_OFFICIAL_VINTAGE,True,1
PBOC_M2_OFFICIAL_RELEASE,MACRO_M2_BALANCE,2009-05,pbc-m2-balance-pre-2011-v1-main,AVAILABLE,RAW_OFFICIAL_VINTAGE,True,1
PBOC_M2_OFFICIAL_RELEASE,MACRO_M2_BALANCE,2009-06,pbc-m2-balance-pre-2011-v1-main,AVAILABLE,RAW_OFFICIAL_VINTAGE,True,1
PBOC_M2_OFFICIAL_RELEASE,MACRO_M2_BALANCE,2009-07,pbc-m2-balance-pre-2011-v1-main,AVAILABLE,RAW_OFFICIAL_VINTAGE,True,1
PBOC_M2_OFFICIAL_RELEASE,MACRO_M2_BALANCE,2009-08,pbc-m2-balance-pre-2011-v1-main,AVAILABLE,RAW_OFFICIAL_VINTAGE,True,1
PBOC_M2_OFFICIAL_RELEASE,MACRO_M2_BALANCE,2009-09,pbc-m2-balance-pre-2011-v1-main,AVAILABLE,RAW_OFFICIAL_VINTAGE,True,1
PBOC_M2_OFFICIAL_RELEASE,MACRO_M2_BALANCE,2009-10,pbc-m2-balance-pre-2011-v1-main,AVAILABLE,RAW_OFFICIAL_VINTAGE,True,1
PBOC_M2_OFFICIAL_RELEASE,MACRO_M2_BALANCE,2009-11,pbc-m2-balance-pre-2011-v1-main,AVAILABLE,RAW_OFFICIAL_VINTAGE,True,1
PBOC_M2_OFFICIAL_RELEASE,MACRO_M2_BALANCE,2009-12,pbc-m2-balance-pre-2011-v1-main,AVAILABLE,RAW_OFFICIAL_VINTAGE,True,1
PBOC_M2_OFFICIAL_RELEASE,MACRO_M2_BALANCE,2010-01,pbc-m2-balance-pre-2011-v1-main,AVAILABLE,RAW_OFFICIAL_VINTAGE,True,1
PBOC_M2_OFFICIAL_RELEASE,MACRO_M2_BALANCE,2010-02,pbc-m2-balance-pre-2011-v1-main,AVAILABLE,RAW_OFFICIAL_VINTAGE,True,1
PBOC_M2_OFFICIAL_RELEASE,MACRO_M2_BALANCE,2010-03,pbc-m2-balance-pre-2011-v1-main,AVAILABLE,RAW_OFFICIAL_VINTAGE,True,1
PBOC_M2_OFFICIAL_RELEASE,MACRO_M2_BALANCE,2010-04,pbc-m2-balance-pre-2011-v1-main,AVAILABLE,RAW_OFFICIAL_VINTAGE,True,1
PBOC_M2_OFFICIAL_RELEASE,MACRO_M2_BALANCE,2010-05,pbc-m2-balance-pre-2011-v1-main,AVAILABLE,RAW_OFFICIAL_VINTAGE,True,1
PBOC_M2_OFFICIAL_RELEASE,MACRO_M2_BALANCE,2010-06,pbc-m2-balance-pre-2011-v1-main,AVAILABLE,RAW_OFFICIAL_VINTAGE,True,1
PBOC_M2_OFFICIAL_RELEASE,MACRO_M2_BALANCE,2010-07,pbc-m2-balance-pre-2011-v1-main,AVAILABLE,RAW_OFFICIAL_VINTAGE,True,1
PBOC_M2_OFFICIAL_RELEASE,MACRO_M2_BALANCE,2010-08,pbc-m2-balance-pre-2011-v1-main,AVAILABLE,RAW_OFFICIAL_VINTAGE,True,1
PBOC_M2_OFFICIAL_RELEASE,MACRO_M2_BALANCE,2010-09,pbc-m2-balance-pre-2011-v1-main,AVAILABLE,RAW_OFFICIAL_VINTAGE,True,1
PBOC_M2_OFFICIAL_RELEASE,MACRO_M2_BALANCE,2010-10,pbc-m2-balance-pre-2011-v1-main,AVAILABLE,RAW_OFFICIAL_VINTAGE,True,1
PBOC_M2_OFFICIAL_RELEASE,MACRO_M2_BALANCE,2010-11,pbc-m2-balance-pre-2011-v1-main,AVAILABLE,RAW_OFFICIAL_VINTAGE,True,1
PBOC_M2_OFFICIAL_RELEASE,MACRO_M2_BALANCE,2010-12,pbc-m2-balance-pre-2011-v1-main,AVAILABLE,RAW_OFFICIAL_VINTAGE,True,1
PBOC_M2_OFFICIAL_RELEASE,MACRO_M2_BALANCE,2011-01,pbc-m2-balance-pre-2011-v1-main,AVAILABLE,RAW_OFFICIAL_VINTAGE,True,1
PBOC_M2_OFFICIAL_RELEASE,MACRO_M2_BALANCE,2011-02,pbc-m2-balance-pre-2011-v1-main,AVAILABLE,RAW_OFFICIAL_VINTAGE,True,1
PBOC_M2_OFFICIAL_RELEASE,MACRO_M2_BALANCE,2011-03,pbc-m2-balance-pre-2011-v1-main,AVAILABLE,RAW_OFFICIAL_VINTAGE,True,1
PBOC_M2_OFFICIAL_RELEASE,MACRO_M2_BALANCE,2011-04,pbc-m2-balance-pre-2011-v1-main,AVAILABLE,RAW_OFFICIAL_VINTAGE,True,1
PBOC_M2_OFFICIAL_RELEASE,MACRO_M2_BALANCE,2011-05,pbc-m2-balance-pre-2011-v1-main,FIELD_MISSING,FIELD_OR_DEFINITION_UNRESOLVED,False,0
PBOC_M2_OFFICIAL_RELEASE,MACRO_M2_BALANCE,2011-06,pbc-m2-balance-pre-2011-v1-main,AVAILABLE,RAW_OFFICIAL_VINTAGE,True,1
PBOC_M2_OFFICIAL_RELEASE,MACRO_M2_BALANCE,2011-07,pbc-m2-balance-pre-2011-v1-main,AVAILABLE,RAW_OFFICIAL_VINTAGE,True,1
PBOC_M2_OFFICIAL_RELEASE,MACRO_M2_BALANCE,2011-08,pbc-m2-balance-pre-2011-v1-main,AVAILABLE,RAW_OFFICIAL_VINTAGE,True,1
PBOC_M2_OFFICIAL_RELEASE,MACRO_M2_BALANCE,2011-09,pbc-m2-balance-pre-2011-v1-main,AVAILABLE,RAW_OFFICIAL_VINTAGE,True,1
PBOC_M2_OFFICIAL_RELEASE,MACRO_M2_BALANCE,2011-10,pbc-m2-balance-2011-v2-main,AVAILABLE,RAW_OFFICIAL_VINTAGE,True,1
PBOC_M2_OFFICIAL_RELEASE,MACRO_M2_BALANCE,2011-11,pbc-m2-balance-2011-v2-main,AVAILABLE,RAW_OFFICIAL_VINTAGE,True,1
PBOC_M2_OFFICIAL_RELEASE,MACRO_M2_BALANCE,2011-12,pbc-m2-balance-2011-v2-main,AVAILABLE,RAW_OFFICIAL_VINTAGE,True,1
PBOC_M2_OFFICIAL_RELEASE,MACRO_M2_BALANCE,2012-01,pbc-m2-balance-2011-v2-main,AVAILABLE,RAW_OFFICIAL_VINTAGE,True,1
PBOC_M2_OFFICIAL_RELEASE,MACRO_M2_BALANCE,2012-02,pbc-m2-balance-2011-v2-main,AVAILABLE,RAW_OFFICIAL_VINTAGE,True,1
PBOC_M2_OFFICIAL_RELEASE,MACRO_M2_BALANCE,2012-03,pbc-m2-balance-2011-v2-main,AVAILABLE,RAW_OFFICIAL_VINTAGE,True,1
PBOC_M2_OFFICIAL_RELEASE,MACRO_M2_BALANCE,2012-04,pbc-m2-balance-2011-v2-main,AVAILABLE,RAW_OFFICIAL_VINTAGE,True,1
PBOC_M2_OFFICIAL_RELEASE,MACRO_M2_BALANCE,2012-05,pbc-m2-balance-2011-v2-main,AVAILABLE,RAW_OFFICIAL_VINTAGE,True,1
PBOC_M2_OFFICIAL_RELEASE,MACRO_M2_BALANCE,2012-06,pbc-m2-balance-2011-v2-main,AVAILABLE,RAW_OFFICIAL_VINTAGE,True,1
PBOC_M2_OFFICIAL_RELEASE,MACRO_M2_BALANCE,2012-07,pbc-m2-balance-2011-v2-main,AVAILABLE,RAW_OFFICIAL_VINTAGE,True,1
PBOC_M2_OFFICIAL_RELEASE,MACRO_M2_BALANCE,2012-08,pbc-m2-balance-2011-v2-main,AVAILABLE,RAW_OFFICIAL_VINTAGE,True,1
PBOC_M2_OFFICIAL_RELEASE,MACRO_M2_BALANCE,2012-09,pbc-m2-balance-2011-v2-main,AVAILABLE,RAW_OFFICIAL_VINTAGE,True,1
PBOC_M2_OFFICIAL_RELEASE,MACRO_M2_BALANCE,2012-10,pbc-m2-balance-2011-v2-main,AVAILABLE,RAW_OFFICIAL_VINTAGE,True,1
PBOC_M2_OFFICIAL_RELEASE,MACRO_M2_BALANCE,2012-11,pbc-m2-balance-2011-v2-main,AVAILABLE,RAW_OFFICIAL_VINTAGE,True,1
PBOC_M2_OFFICIAL_RELEASE,MACRO_M2_BALANCE,2012-12,pbc-m2-balance-2011-v2-main,AVAILABLE,RAW_OFFICIAL_VINTAGE,True,1
PBOC_M2_OFFICIAL_RELEASE,MACRO_M2_BALANCE,2013-01,pbc-m2-balance-2011-v2-main,AVAILABLE,RAW_OFFICIAL_VINTAGE,True,1
PBOC_M2_OFFICIAL_RELEASE,MACRO_M2_BALANCE,2013-02,pbc-m2-balance-2011-v2-main,AVAILABLE,RAW_OFFICIAL_VINTAGE,True,1
PBOC_M2_OFFICIAL_RELEASE,MACRO_M2_BALANCE,2013-03,pbc-m2-balance-2011-v2-main,AVAILABLE,RAW_OFFICIAL_VINTAGE,True,1
PBOC_M2_OFFICIAL_RELEASE,MACRO_M2_BALANCE,2013-04,pbc-m2-balance-2011-v2-main,AVAILABLE,RAW_OFFICIAL_VINTAGE,True,1
PBOC_M2_OFFICIAL_RELEASE,MACRO_M2_BALANCE,2013-05,pbc-m2-balance-2011-v2-main,AVAILABLE,RAW_OFFICIAL_VINTAGE,True,1
PBOC_M2_OFFICIAL_RELEASE,MACRO_M2_BALANCE,2013-06,pbc-m2-balance-2011-v2-main,AVAILABLE,RAW_OFFICIAL_VINTAGE,True,1
PBOC_M2_OFFICIAL_RELEASE,MACRO_M2_BALANCE,2013-07,pbc-m2-balance-2011-v2-main,AVAILABLE,RAW_OFFICIAL_VINTAGE,True,1
PBOC_M2_OFFICIAL_RELEASE,MACRO_M2_BALANCE,2013-08,pbc-m2-balance-2011-v2-main,AVAILABLE,RAW_OFFICIAL_VINTAGE,True,1
PBOC_M2_OFFICIAL_RELEASE,MACRO_M2_BALANCE,2013-09,pbc-m2-balance-2011-v2-main,AVAILABLE,RAW_OFFICIAL_VINTAGE,True,1
PBOC_M2_OFFICIAL_RELEASE,MACRO_M2_BALANCE,2013-10,pbc-m2-balance-2011-v2-main,AVAILABLE,RAW_OFFICIAL_VINTAGE,True,1
PBOC_M2_OFFICIAL_RELEASE,MACRO_M2_BALANCE,2013-11,pbc-m2-balance-2011-v2-main,AVAILABLE,RAW_OFFICIAL_VINTAGE,True,1
PBOC_M2_OFFICIAL_RELEASE,MACRO_M2_BALANCE,2013-12,pbc-m2-balance-2011-v2-main,AVAILABLE,RAW_OFFICIAL_VINTAGE,True,1
PBOC_M2_OFFICIAL_RELEASE,MACRO_M2_BALANCE,2014-01,pbc-m2-balance-2011-v2-main,AVAILABLE,RAW_OFFICIAL_VINTAGE,True,1
PBOC_M2_OFFICIAL_RELEASE,MACRO_M2_BALANCE,2014-02,pbc-m2-balance-2011-v2-main,AVAILABLE,RAW_OFFICIAL_VINTAGE,True,1
PBOC_M2_OFFICIAL_RELEASE,MACRO_M2_BALANCE,2014-03,pbc-m2-balance-2011-v2-main,AVAILABLE,RAW_OFFICIAL_VINTAGE,True,1
PBOC_M2_OFFICIAL_RELEASE,MACRO_M2_BALANCE,2014-04,pbc-m2-balance-2011-v2-main,AVAILABLE,RAW_OFFICIAL_VINTAGE,True,1
PBOC_M2_OFFICIAL_RELEASE,MACRO_M2_BALANCE,2014-05,pbc-m2-balance-2011-v2-main,AVAILABLE,RAW_OFFICIAL_VINTAGE,True,1
PBOC_M2_OFFICIAL_RELEASE,MACRO_M2_BALANCE,2014-06,pbc-m2-balance-2011-v2-main,AVAILABLE,RAW_OFFICIAL_VINTAGE,True,1
PBOC_M2_OFFICIAL_RELEASE,MACRO_M2_BALANCE,2014-07,pbc-m2-balance-2011-v2-main,AVAILABLE,RAW_OFFICIAL_VINTAGE,True,1
PBOC_M2_OFFICIAL_RELEASE,MACRO_M2_BALANCE,2014-08,pbc-m2-balance-2011-v2-main,AVAILABLE,RAW_OFFICIAL_VINTAGE,True,1
PBOC_M2_OFFICIAL_RELEASE,MACRO_M2_BALANCE,2014-09,pbc-m2-balance-2011-v2-main,AVAILABLE,RAW_OFFICIAL_VINTAGE,True,1
PBOC_M2_OFFICIAL_RELEASE,MACRO_M2_BALANCE,2014-10,pbc-m2-balance-2011-v2-main,AVAILABLE,RAW_OFFICIAL_VINTAGE,True,1
PBOC_M2_OFFICIAL_RELEASE,MACRO_M2_BALANCE,2014-11,pbc-m2-balance-2011-v2-main,AVAILABLE,RAW_OFFICIAL_VINTAGE,True,1
PBOC_M2_OFFICIAL_RELEASE,MACRO_M2_BALANCE,2014-12,pbc-m2-balance-2011-v2-main,AVAILABLE,RAW_OFFICIAL_VINTAGE,True,1
PBOC_M2_OFFICIAL_RELEASE,MACRO_M2_BALANCE,2015-01,pbc-m2-balance-2011-v2-main,AVAILABLE,RAW_OFFICIAL_VINTAGE,True,1
PBOC_M2_OFFICIAL_RELEASE,MACRO_M2_BALANCE,2015-02,pbc-m2-balance-2011-v2-main,AVAILABLE,RAW_OFFICIAL_VINTAGE,True,1
PBOC_M2_OFFICIAL_RELEASE,MACRO_M2_BALANCE,2015-03,pbc-m2-balance-2011-v2-main,AVAILABLE,RAW_OFFICIAL_VINTAGE,True,1
PBOC_M2_OFFICIAL_RELEASE,MACRO_M2_BALANCE,2015-04,pbc-m2-balance-2011-v2-main,AVAILABLE,RAW_OFFICIAL_VINTAGE,True,1
PBOC_M2_OFFICIAL_RELEASE,MACRO_M2_BALANCE,2015-05,pbc-m2-balance-2011-v2-main,AVAILABLE,RAW_OFFICIAL_VINTAGE,True,1
PBOC_M2_OFFICIAL_RELEASE,MACRO_M2_BALANCE,2015-06,pbc-m2-balance-2011-v2-main,AVAILABLE,RAW_OFFICIAL_VINTAGE,True,1
PBOC_M2_OFFICIAL_RELEASE,MACRO_M2_BALANCE,2015-07,pbc-m2-balance-2011-v2-main,AVAILABLE,RAW_OFFICIAL_VINTAGE,True,1
PBOC_M2_OFFICIAL_RELEASE,MACRO_M2_BALANCE,2015-08,pbc-m2-balance-2011-v2-main,AVAILABLE,RAW_OFFICIAL_VINTAGE,True,1
PBOC_M2_OFFICIAL_RELEASE,MACRO_M2_BALANCE,2015-09,pbc-m2-balance-2011-v2-main,AVAILABLE,RAW_OFFICIAL_VINTAGE,True,1
PBOC_M2_OFFICIAL_RELEASE,MACRO_M2_BALANCE,2015-10,pbc-m2-balance-2011-v2-main,AVAILABLE,RAW_OFFICIAL_VINTAGE,True,1
PBOC_M2_OFFICIAL_RELEASE,MACRO_M2_BALANCE,2015-11,pbc-m2-balance-2011-v2-main,AVAILABLE,RAW_OFFICIAL_VINTAGE,True,1
PBOC_M2_OFFICIAL_RELEASE,MACRO_M2_BALANCE,2015-12,pbc-m2-balance-2011-v2-main,AVAILABLE,RAW_OFFICIAL_VINTAGE,True,1
PBOC_M2_OFFICIAL_RELEASE,MACRO_M2_BALANCE,2016-01,pbc-m2-balance-2011-v2-main,AVAILABLE,RAW_OFFICIAL_VINTAGE,True,1
PBOC_M2_OFFICIAL_RELEASE,MACRO_M2_BALANCE,2016-02,pbc-m2-balance-2011-v2-main,AVAILABLE,RAW_OFFICIAL_VINTAGE,True,1
PBOC_M2_OFFICIAL_RELEASE,MACRO_M2_BALANCE,2016-03,pbc-m2-balance-2011-v2-main,AVAILABLE,RAW_OFFICIAL_VINTAGE,True,1
PBOC_M2_OFFICIAL_RELEASE,MACRO_M2_BALANCE,2016-04,pbc-m2-balance-2011-v2-main,AVAILABLE,RAW_OFFICIAL_VINTAGE,True,1
PBOC_M2_OFFICIAL_RELEASE,MACRO_M2_BALANCE,2016-05,pbc-m2-balance-2011-v2-main,AVAILABLE,RAW_OFFICIAL_VINTAGE,True,1
PBOC_M2_OFFICIAL_RELEASE,MACRO_M2_BALANCE,2016-06,pbc-m2-balance-2011-v2-main,AVAILABLE,RAW_OFFICIAL_VINTAGE,True,1
PBOC_M2_OFFICIAL_RELEASE,MACRO_M2_BALANCE,2016-07,pbc-m2-balance-2011-v2-main,AVAILABLE,RAW_OFFICIAL_VINTAGE,True,1
PBOC_M2_OFFICIAL_RELEASE,MACRO_M2_BALANCE,2016-08,pbc-m2-balance-2011-v2-main,AVAILABLE,RAW_OFFICIAL_VINTAGE,True,1
PBOC_M2_OFFICIAL_RELEASE,MACRO_M2_BALANCE,2016-09,pbc-m2-balance-2011-v2-main,AVAILABLE,RAW_OFFICIAL_VINTAGE,True,1
PBOC_M2_OFFICIAL_RELEASE,MACRO_M2_BALANCE,2016-10,pbc-m2-balance-2011-v2-main,AVAILABLE,RAW_OFFICIAL_VINTAGE,True,1
PBOC_M2_OFFICIAL_RELEASE,MACRO_M2_BALANCE,2016-11,pbc-m2-balance-2011-v2-main,AVAILABLE,RAW_OFFICIAL_VINTAGE,True,1
PBOC_M2_OFFICIAL_RELEASE,MACRO_M2_BALANCE,2016-12,pbc-m2-balance-2011-v2-main,AVAILABLE,RAW_OFFICIAL_VINTAGE,True,1
PBOC_M2_OFFICIAL_RELEASE,MACRO_M2_BALANCE,2017-01,pbc-m2-balance-2011-v2-main,AVAILABLE,RAW_OFFICIAL_VINTAGE,True,1
PBOC_M2_OFFICIAL_RELEASE,MACRO_M2_BALANCE,2017-02,pbc-m2-balance-2011-v2-main,AVAILABLE,RAW_OFFICIAL_VINTAGE,True,1
PBOC_M2_OFFICIAL_RELEASE,MACRO_M2_BALANCE,2017-03,pbc-m2-balance-2011-v2-main,AVAILABLE,RAW_OFFICIAL_VINTAGE,True,1
PBOC_M2_OFFICIAL_RELEASE,MACRO_M2_BALANCE,2017-04,pbc-m2-balance-2011-v2-main,AVAILABLE,RAW_OFFICIAL_VINTAGE,True,1
PBOC_M2_OFFICIAL_RELEASE,MACRO_M2_BALANCE,2017-05,pbc-m2-balance-2011-v2-main,AVAILABLE,RAW_OFFICIAL_VINTAGE,True,1
PBOC_M2_OFFICIAL_RELEASE,MACRO_M2_BALANCE,2017-06,pbc-m2-balance-2011-v2-main,AVAILABLE,RAW_OFFICIAL_VINTAGE,True,1
PBOC_M2_OFFICIAL_RELEASE,MACRO_M2_BALANCE,2017-07,pbc-m2-balance-2011-v2-main,AVAILABLE,RAW_OFFICIAL_VINTAGE,True,1
PBOC_M2_OFFICIAL_RELEASE,MACRO_M2_BALANCE,2017-08,pbc-m2-balance-2011-v2-main,AVAILABLE,RAW_OFFICIAL_VINTAGE,True,1
PBOC_M2_OFFICIAL_RELEASE,MACRO_M2_BALANCE,2017-09,pbc-m2-balance-2011-v2-main,AVAILABLE,RAW_OFFICIAL_VINTAGE,True,1
PBOC_M2_OFFICIAL_RELEASE,MACRO_M2_BALANCE,2017-10,pbc-m2-balance-2011-v2-main,AVAILABLE,RAW_OFFICIAL_VINTAGE,True,1
PBOC_M2_OFFICIAL_RELEASE,MACRO_M2_BALANCE,2017-11,pbc-m2-balance-2011-v2-main,AVAILABLE,RAW_OFFICIAL_VINTAGE,True,1
PBOC_M2_OFFICIAL_RELEASE,MACRO_M2_BALANCE,2017-12,pbc-m2-balance-2011-v2-main,AVAILABLE,RAW_OFFICIAL_VINTAGE,True,1
PBOC_M2_OFFICIAL_RELEASE,MACRO_M2_BALANCE,2018-01,pbc-m2-balance-2018-v3-main,AVAILABLE,RAW_OFFICIAL_VINTAGE,True,1
PBOC_M2_OFFICIAL_RELEASE,MACRO_M2_BALANCE,2018-02,pbc-m2-balance-2018-v3-main,AVAILABLE,RAW_OFFICIAL_VINTAGE,True,1
PBOC_M2_OFFICIAL_RELEASE,MACRO_M2_BALANCE,2018-03,pbc-m2-balance-2018-v3-main,AVAILABLE,RAW_OFFICIAL_VINTAGE,True,1
PBOC_M2_OFFICIAL_RELEASE,MACRO_M2_BALANCE,2018-04,pbc-m2-balance-2018-v3-main,AVAILABLE,RAW_OFFICIAL_VINTAGE,True,1
PBOC_M2_OFFICIAL_RELEASE,MACRO_M2_BALANCE,2018-05,pbc-m2-balance-2018-v3-main,AVAILABLE,RAW_OFFICIAL_VINTAGE,True,1
PBOC_M2_OFFICIAL_RELEASE,MACRO_M2_BALANCE,2018-06,pbc-m2-balance-2018-v3-main,AVAILABLE,RAW_OFFICIAL_VINTAGE,True,1
PBOC_M2_OFFICIAL_RELEASE,MACRO_M2_BALANCE,2018-07,pbc-m2-balance-2018-v3-main,AVAILABLE,RAW_OFFICIAL_VINTAGE,True,1
PBOC_M2_OFFICIAL_RELEASE,MACRO_M2_BALANCE,2018-08,pbc-m2-balance-2018-v3-main,AVAILABLE,RAW_OFFICIAL_VINTAGE,True,1
PBOC_M2_OFFICIAL_RELEASE,MACRO_M2_BALANCE,2018-09,pbc-m2-balance-2018-v3-main,AVAILABLE,RAW_OFFICIAL_VINTAGE,True,1
PBOC_M2_OFFICIAL_RELEASE,MACRO_M2_BALANCE,2018-10,pbc-m2-balance-2018-v3-main,AVAILABLE,RAW_OFFICIAL_VINTAGE,True,1
PBOC_M2_OFFICIAL_RELEASE,MACRO_M2_BALANCE,2018-11,pbc-m2-balance-2018-v3-main,AVAILABLE,RAW_OFFICIAL_VINTAGE,True,1
PBOC_M2_OFFICIAL_RELEASE,MACRO_M2_BALANCE,2018-12,pbc-m2-balance-2018-v3-main,AVAILABLE,RAW_OFFICIAL_VINTAGE,True,1
PBOC_M2_OFFICIAL_RELEASE,MACRO_M2_BALANCE,2019-01,pbc-m2-balance-2018-v3-main,AVAILABLE,RAW_OFFICIAL_VINTAGE,True,1
PBOC_M2_OFFICIAL_RELEASE,MACRO_M2_BALANCE,2019-02,pbc-m2-balance-2018-v3-main,AVAILABLE,RAW_OFFICIAL_VINTAGE,True,1
PBOC_M2_OFFICIAL_RELEASE,MACRO_M2_BALANCE,2019-03,pbc-m2-balance-2018-v3-main,AVAILABLE,RAW_OFFICIAL_VINTAGE,True,1
PBOC_M2_OFFICIAL_RELEASE,MACRO_M2_BALANCE,2019-04,pbc-m2-balance-2018-v3-main,AVAILABLE,RAW_OFFICIAL_VINTAGE,True,1
PBOC_M2_OFFICIAL_RELEASE,MACRO_M2_BALANCE,2019-05,pbc-m2-balance-2018-v3-main,AVAILABLE,RAW_OFFICIAL_VINTAGE,True,1
PBOC_M2_OFFICIAL_RELEASE,MACRO_M2_BALANCE,2019-06,pbc-m2-balance-2018-v3-main,AVAILABLE,RAW_OFFICIAL_VINTAGE,True,1
PBOC_M2_OFFICIAL_RELEASE,MACRO_M2_BALANCE,2019-07,pbc-m2-balance-2018-v3-main,AVAILABLE,RAW_OFFICIAL_VINTAGE,True,1
PBOC_M2_OFFICIAL_RELEASE,MACRO_M2_BALANCE,2019-08,pbc-m2-balance-2018-v3-main,AVAILABLE,RAW_OFFICIAL_VINTAGE,True,1
PBOC_M2_OFFICIAL_RELEASE,MACRO_M2_BALANCE,2019-09,pbc-m2-balance-2018-v3-main,AVAILABLE,RAW_OFFICIAL_VINTAGE,True,1
PBOC_M2_OFFICIAL_RELEASE,MACRO_M2_BALANCE,2019-10,pbc-m2-balance-2018-v3-main,AVAILABLE,RAW_OFFICIAL_VINTAGE,True,1
PBOC_M2_OFFICIAL_RELEASE,MACRO_M2_BALANCE,2019-11,pbc-m2-balance-2018-v3-main,AVAILABLE,RAW_OFFICIAL_VINTAGE,True,1
PBOC_M2_OFFICIAL_RELEASE,MACRO_M2_BALANCE,2019-12,pbc-m2-balance-2018-v3-main,AVAILABLE,RAW_OFFICIAL_VINTAGE,True,1
PBOC_M2_OFFICIAL_RELEASE,MACRO_M2_BALANCE,2020-01,pbc-m2-balance-2018-v3-main,AVAILABLE,RAW_OFFICIAL_VINTAGE,True,1
PBOC_M2_OFFICIAL_RELEASE,MACRO_M2_BALANCE,2020-02,pbc-m2-balance-2018-v3-main,AVAILABLE,RAW_OFFICIAL_VINTAGE,True,1
PBOC_M2_OFFICIAL_RELEASE,MACRO_M2_BALANCE,2020-03,pbc-m2-balance-2018-v3-main,AVAILABLE,RAW_OFFICIAL_VINTAGE,True,1
PBOC_M2_OFFICIAL_RELEASE,MACRO_M2_BALANCE,2020-04,pbc-m2-balance-2018-v3-main,AVAILABLE,RAW_OFFICIAL_VINTAGE,True,1
PBOC_M2_OFFICIAL_RELEASE,MACRO_M2_BALANCE,2020-05,pbc-m2-balance-2018-v3-main,AVAILABLE,RAW_OFFICIAL_VINTAGE,True,1
PBOC_M2_OFFICIAL_RELEASE,MACRO_M2_BALANCE,2020-06,pbc-m2-balance-2018-v3-main,AVAILABLE,RAW_OFFICIAL_VINTAGE,True,1
PBOC_M2_OFFICIAL_RELEASE,MACRO_M2_BALANCE,2020-07,pbc-m2-balance-2018-v3-main,AVAILABLE,RAW_OFFICIAL_VINTAGE,True,1
PBOC_M2_OFFICIAL_RELEASE,MACRO_M2_BALANCE,2020-08,pbc-m2-balance-2018-v3-main,AVAILABLE,RAW_OFFICIAL_VINTAGE,True,1
PBOC_M2_OFFICIAL_RELEASE,MACRO_M2_BALANCE,2020-09,pbc-m2-balance-2018-v3-main,AVAILABLE,RAW_OFFICIAL_VINTAGE,True,1
PBOC_M2_OFFICIAL_RELEASE,MACRO_M2_BALANCE,2020-10,pbc-m2-balance-2018-v3-main,AVAILABLE,RAW_OFFICIAL_VINTAGE,True,1
PBOC_M2_OFFICIAL_RELEASE,MACRO_M2_BALANCE,2020-11,pbc-m2-balance-2018-v3-main,AVAILABLE,RAW_OFFICIAL_VINTAGE,True,1
PBOC_M2_OFFICIAL_RELEASE,MACRO_M2_BALANCE,2020-12,pbc-m2-balance-2018-v3-main,AVAILABLE,RAW_OFFICIAL_VINTAGE,True,1
PBOC_M2_OFFICIAL_RELEASE,MACRO_M2_BALANCE,2021-01,pbc-m2-balance-2018-v3-main,AVAILABLE,RAW_OFFICIAL_VINTAGE,True,1
PBOC_M2_OFFICIAL_RELEASE,MACRO_M2_BALANCE,2021-02,pbc-m2-balance-2018-v3-main,AVAILABLE,RAW_OFFICIAL_VINTAGE,True,1
PBOC_M2_OFFICIAL_RELEASE,MACRO_M2_BALANCE,2021-03,pbc-m2-balance-2018-v3-main,AVAILABLE,RAW_OFFICIAL_VINTAGE,True,1
PBOC_M2_OFFICIAL_RELEASE,MACRO_M2_BALANCE,2021-04,pbc-m2-balance-2018-v3-main,AVAILABLE,RAW_OFFICIAL_VINTAGE,True,1
PBOC_M2_OFFICIAL_RELEASE,MACRO_M2_BALANCE,2021-05,pbc-m2-balance-2018-v3-main,AVAILABLE,RAW_OFFICIAL_VINTAGE,True,1
PBOC_M2_OFFICIAL_RELEASE,MACRO_M2_BALANCE,2021-06,pbc-m2-balance-2018-v3-main,AVAILABLE,RAW_OFFICIAL_VINTAGE,True,1
PBOC_M2_OFFICIAL_RELEASE,MACRO_M2_BALANCE,2021-07,pbc-m2-balance-2018-v3-main,AVAILABLE,RAW_OFFICIAL_VINTAGE,True,1
PBOC_M2_OFFICIAL_RELEASE,MACRO_M2_BALANCE,2021-08,pbc-m2-balance-2018-v3-main,AVAILABLE,RAW_OFFICIAL_VINTAGE,True,1
PBOC_M2_OFFICIAL_RELEASE,MACRO_M2_BALANCE,2021-09,pbc-m2-balance-2018-v3-main,AVAILABLE,RAW_OFFICIAL_VINTAGE,True,1
PBOC_M2_OFFICIAL_RELEASE,MACRO_M2_BALANCE,2021-10,pbc-m2-balance-2018-v3-main,AVAILABLE,RAW_OFFICIAL_VINTAGE,True,1
PBOC_M2_OFFICIAL_RELEASE,MACRO_M2_BALANCE,2021-11,pbc-m2-balance-2018-v3-main,AVAILABLE,RAW_OFFICIAL_VINTAGE,True,1
PBOC_M2_OFFICIAL_RELEASE,MACRO_M2_BALANCE,2021-12,pbc-m2-balance-2018-v3-main,AVAILABLE,RAW_OFFICIAL_VINTAGE,True,1
PBOC_M2_OFFICIAL_RELEASE,MACRO_M2_BALANCE,2022-01,pbc-m2-balance-2018-v3-main,AVAILABLE,RAW_OFFICIAL_VINTAGE,True,1
PBOC_M2_OFFICIAL_RELEASE,MACRO_M2_BALANCE,2022-02,pbc-m2-balance-2018-v3-main,AVAILABLE,RAW_OFFICIAL_VINTAGE,True,1
PBOC_M2_OFFICIAL_RELEASE,MACRO_M2_BALANCE,2022-03,pbc-m2-balance-2018-v3-main,AVAILABLE,RAW_OFFICIAL_VINTAGE,True,1
PBOC_M2_OFFICIAL_RELEASE,MACRO_M2_BALANCE,2022-04,pbc-m2-balance-2018-v3-main,AVAILABLE,RAW_OFFICIAL_VINTAGE,True,1
PBOC_M2_OFFICIAL_RELEASE,MACRO_M2_BALANCE,2022-05,pbc-m2-balance-2018-v3-main,AVAILABLE,RAW_OFFICIAL_VINTAGE,True,1
PBOC_M2_OFFICIAL_RELEASE,MACRO_M2_BALANCE,2022-06,pbc-m2-balance-2018-v3-main,AVAILABLE,RAW_OFFICIAL_VINTAGE,True,1
PBOC_M2_OFFICIAL_RELEASE,MACRO_M2_BALANCE,2022-07,pbc-m2-balance-2018-v3-main,AVAILABLE,RAW_OFFICIAL_VINTAGE,True,1
PBOC_M2_OFFICIAL_RELEASE,MACRO_M2_BALANCE,2022-08,pbc-m2-balance-2018-v3-main,AVAILABLE,RAW_OFFICIAL_VINTAGE,True,1
PBOC_M2_OFFICIAL_RELEASE,MACRO_M2_BALANCE,2022-09,pbc-m2-balance-2018-v3-main,AVAILABLE,RAW_OFFICIAL_VINTAGE,True,1
PBOC_M2_OFFICIAL_RELEASE,MACRO_M2_BALANCE,2022-10,pbc-m2-balance-2018-v3-main,AVAILABLE,RAW_OFFICIAL_VINTAGE,True,1
PBOC_M2_OFFICIAL_RELEASE,MACRO_M2_BALANCE,2022-11,pbc-m2-balance-2018-v3-main,AVAILABLE,RAW_OFFICIAL_VINTAGE,True,1
PBOC_M2_OFFICIAL_RELEASE,MACRO_M2_BALANCE,2022-12,pbc-m2-balance-2022-12-v4-main,AVAILABLE,RAW_OFFICIAL_VINTAGE,True,1
PBOC_M2_OFFICIAL_RELEASE,MACRO_M2_BALANCE,2023-01,pbc-m2-balance-2022-12-v4-main,AVAILABLE,RAW_OFFICIAL_VINTAGE,True,1
PBOC_M2_OFFICIAL_RELEASE,MACRO_M2_BALANCE,2023-02,pbc-m2-balance-2022-12-v4-main,AVAILABLE,RAW_OFFICIAL_VINTAGE,True,1
PBOC_M2_OFFICIAL_RELEASE,MACRO_M2_BALANCE,2023-03,pbc-m2-balance-2022-12-v4-main,AVAILABLE,RAW_OFFICIAL_VINTAGE,True,1
PBOC_M2_OFFICIAL_RELEASE,MACRO_M2_BALANCE,2023-04,pbc-m2-balance-2022-12-v4-main,AVAILABLE,RAW_OFFICIAL_VINTAGE,True,1
PBOC_M2_OFFICIAL_RELEASE,MACRO_M2_BALANCE,2023-05,pbc-m2-balance-2022-12-v4-main,AVAILABLE,RAW_OFFICIAL_VINTAGE,True,1
PBOC_M2_OFFICIAL_RELEASE,MACRO_M2_BALANCE,2023-06,pbc-m2-balance-2022-12-v4-main,AVAILABLE,RAW_OFFICIAL_VINTAGE,True,1
PBOC_M2_OFFICIAL_RELEASE,MACRO_M2_BALANCE,2023-07,pbc-m2-balance-2022-12-v4-main,AVAILABLE,RAW_OFFICIAL_VINTAGE,True,1
PBOC_M2_OFFICIAL_RELEASE,MACRO_M2_BALANCE,2023-08,pbc-m2-balance-2022-12-v4-main,AVAILABLE,RAW_OFFICIAL_VINTAGE,True,1
PBOC_M2_OFFICIAL_RELEASE,MACRO_M2_BALANCE,2023-09,pbc-m2-balance-2022-12-v4-main,AVAILABLE,RAW_OFFICIAL_VINTAGE,True,1
PBOC_M2_OFFICIAL_RELEASE,MACRO_M2_BALANCE,2023-10,pbc-m2-balance-2022-12-v4-main,AVAILABLE,RAW_OFFICIAL_VINTAGE,True,1
PBOC_M2_OFFICIAL_RELEASE,MACRO_M2_BALANCE,2023-11,pbc-m2-balance-2022-12-v4-main,AVAILABLE,RAW_OFFICIAL_VINTAGE,True,1
PBOC_M2_OFFICIAL_RELEASE,MACRO_M2_BALANCE,2023-12,pbc-m2-balance-2022-12-v4-main,AVAILABLE,RAW_OFFICIAL_VINTAGE,True,1
PBOC_M2_OFFICIAL_RELEASE,MACRO_M2_BALANCE,2024-01,pbc-m2-balance-2022-12-v4-main,AVAILABLE,RAW_OFFICIAL_VINTAGE,True,1
PBOC_M2_OFFICIAL_RELEASE,MACRO_M2_BALANCE,2024-02,pbc-m2-balance-2022-12-v4-main,AVAILABLE,RAW_OFFICIAL_VINTAGE,True,1
PBOC_M2_OFFICIAL_RELEASE,MACRO_M2_BALANCE,2024-03,pbc-m2-balance-2022-12-v4-main,AVAILABLE,RAW_OFFICIAL_VINTAGE,True,1
PBOC_M2_OFFICIAL_RELEASE,MACRO_M2_BALANCE,2024-04,pbc-m2-balance-2022-12-v4-main,AVAILABLE,RAW_OFFICIAL_VINTAGE,True,1
PBOC_M2_OFFICIAL_RELEASE,MACRO_M2_BALANCE,2024-05,pbc-m2-balance-2022-12-v4-main,AVAILABLE,RAW_OFFICIAL_VINTAGE,True,1
PBOC_M2_OFFICIAL_RELEASE,MACRO_M2_BALANCE,2024-06,pbc-m2-balance-2022-12-v4-main,AVAILABLE,RAW_OFFICIAL_VINTAGE,True,1
PBOC_M2_OFFICIAL_RELEASE,MACRO_M2_BALANCE,2024-07,pbc-m2-balance-2022-12-v4-main,AVAILABLE,RAW_OFFICIAL_VINTAGE,True,1
PBOC_M2_OFFICIAL_RELEASE,MACRO_M2_BALANCE,2024-08,pbc-m2-balance-2022-12-v4-main,AVAILABLE,RAW_OFFICIAL_VINTAGE,True,1
PBOC_M2_OFFICIAL_RELEASE,MACRO_M2_BALANCE,2024-09,pbc-m2-balance-2022-12-v4-main,AVAILABLE,RAW_OFFICIAL_VINTAGE,True,1
PBOC_M2_OFFICIAL_RELEASE,MACRO_M2_BALANCE,2024-10,pbc-m2-balance-2022-12-v4-main,AVAILABLE,RAW_OFFICIAL_VINTAGE,True,1
PBOC_M2_OFFICIAL_RELEASE,MACRO_M2_BALANCE,2024-11,pbc-m2-balance-2022-12-v4-main,AVAILABLE,RAW_OFFICIAL_VINTAGE,True,1
PBOC_M2_OFFICIAL_RELEASE,MACRO_M2_BALANCE,2024-12,pbc-m2-balance-2022-12-v4-main,AVAILABLE,RAW_OFFICIAL_VINTAGE,True,1
PBOC_M2_OFFICIAL_RELEASE,MACRO_M2_BALANCE,2025-01,pbc-m2-balance-2022-12-v4-main,MISSING,RELEASE_NOT_LOCATED,False,0
PBOC_M2_OFFICIAL_RELEASE,MACRO_M2_BALANCE,2025-02,pbc-m2-balance-2022-12-v4-main,AVAILABLE,RAW_OFFICIAL_VINTAGE,True,1
PBOC_M2_OFFICIAL_RELEASE,MACRO_M2_BALANCE,2025-03,pbc-m2-balance-2022-12-v4-main,AVAILABLE,RAW_OFFICIAL_VINTAGE,True,1
PBOC_M2_OFFICIAL_RELEASE,MACRO_M2_BALANCE,2025-04,pbc-m2-balance-2022-12-v4-main,AVAILABLE,RAW_OFFICIAL_VINTAGE,True,1
PBOC_M2_OFFICIAL_RELEASE,MACRO_M2_BALANCE,2025-05,pbc-m2-balance-2022-12-v4-main,AVAILABLE,RAW_OFFICIAL_VINTAGE,True,1
PBOC_M2_OFFICIAL_RELEASE,MACRO_M2_BALANCE,2025-06,pbc-m2-balance-2022-12-v4-main,AVAILABLE,RAW_OFFICIAL_VINTAGE,True,1
PBOC_M2_OFFICIAL_RELEASE,MACRO_M2_BALANCE,2025-07,pbc-m2-balance-2022-12-v4-main,AVAILABLE,RAW_OFFICIAL_VINTAGE,True,1
PBOC_M2_OFFICIAL_RELEASE,MACRO_M2_BALANCE,2025-08,pbc-m2-balance-2022-12-v4-main,AVAILABLE,RAW_OFFICIAL_VINTAGE,True,1
PBOC_M2_OFFICIAL_RELEASE,MACRO_M2_BALANCE,2025-09,pbc-m2-balance-2022-12-v4-main,AVAILABLE,RAW_OFFICIAL_VINTAGE,True,1
PBOC_M2_OFFICIAL_RELEASE,MACRO_M2_BALANCE,2025-10,pbc-m2-balance-2022-12-v4-main,AVAILABLE,RAW_OFFICIAL_VINTAGE,True,1
PBOC_M2_OFFICIAL_RELEASE,MACRO_M2_BALANCE,2025-11,pbc-m2-balance-2022-12-v4-main,AVAILABLE,RAW_OFFICIAL_VINTAGE,True,1
PBOC_M2_OFFICIAL_RELEASE,MACRO_M2_BALANCE,2025-12,pbc-m2-balance-2022-12-v4-main,AVAILABLE,RAW_OFFICIAL_VINTAGE,True,1
PBOC_M2_OFFICIAL_RELEASE,MACRO_M2_BALANCE,2026-01,pbc-m2-balance-2022-12-v4-main,AVAILABLE,RAW_OFFICIAL_VINTAGE,True,1
PBOC_M2_OFFICIAL_RELEASE,MACRO_M2_BALANCE,2026-02,pbc-m2-balance-2022-12-v4-main,AVAILABLE,RAW_OFFICIAL_VINTAGE,True,1
PBOC_M2_OFFICIAL_RELEASE,MACRO_M2_BALANCE,2026-03,pbc-m2-balance-2022-12-v4-main,AVAILABLE,RAW_OFFICIAL_VINTAGE,True,1
PBOC_M2_OFFICIAL_RELEASE,MACRO_M2_BALANCE,2026-04,pbc-m2-balance-2022-12-v4-main,AVAILABLE,RAW_OFFICIAL_VINTAGE,True,1
PBOC_M2_OFFICIAL_RELEASE,MACRO_M2_BALANCE,2026-05,pbc-m2-balance-2022-12-v4-main,AVAILABLE,RAW_OFFICIAL_VINTAGE,True,1
PBOC_M2_OFFICIAL_RELEASE,MACRO_M2_BALANCE,2026-06,pbc-m2-balance-2022-12-v4-main,AVAILABLE,RAW_OFFICIAL_VINTAGE,True,1
PBOC_M2_OFFICIAL_RELEASE,MACRO_M2_BALANCE,2026-07,pbc-m2-balance-2022-12-v4-main,AVAILABLE,RAW_OFFICIAL_VINTAGE,True,1
PBOC_M2_OFFICIAL_RELEASE,MACRO_M2_BALANCE,2026-08,pbc-m2-balance-2022-12-v4-main,MISSING,RELEASE_NOT_LOCATED,False,0
PBOC_M2_OFFICIAL_RELEASE,MACRO_M2_YOY,2005-01,pbc-m2-yoy-pre-2011-v1-main,AVAILABLE,RAW_OFFICIAL_VINTAGE,True,1
PBOC_M2_OFFICIAL_RELEASE,MACRO_M2_YOY,2005-02,pbc-m2-yoy-pre-2011-v1-main,AVAILABLE,RAW_OFFICIAL_VINTAGE,True,1
PBOC_M2_OFFICIAL_RELEASE,MACRO_M2_YOY,2005-03,pbc-m2-yoy-pre-2011-v1-main,AVAILABLE,RAW_OFFICIAL_VINTAGE,True,1
PBOC_M2_OFFICIAL_RELEASE,MACRO_M2_YOY,2005-04,pbc-m2-yoy-pre-2011-v1-main,AVAILABLE,RAW_OFFICIAL_VINTAGE,True,1
PBOC_M2_OFFICIAL_RELEASE,MACRO_M2_YOY,2005-05,pbc-m2-yoy-pre-2011-v1-main,AVAILABLE,RAW_OFFICIAL_VINTAGE,True,1
PBOC_M2_OFFICIAL_RELEASE,MACRO_M2_YOY,2005-06,pbc-m2-yoy-pre-2011-v1-main,AVAILABLE,RAW_OFFICIAL_VINTAGE,True,1
PBOC_M2_OFFICIAL_RELEASE,MACRO_M2_YOY,2005-07,pbc-m2-yoy-pre-2011-v1-main,AVAILABLE,RAW_OFFICIAL_VINTAGE,True,1
PBOC_M2_OFFICIAL_RELEASE,MACRO_M2_YOY,2005-08,pbc-m2-yoy-pre-2011-v1-main,AVAILABLE,RAW_OFFICIAL_VINTAGE,True,1
PBOC_M2_OFFICIAL_RELEASE,MACRO_M2_YOY,2005-09,pbc-m2-yoy-pre-2011-v1-main,AVAILABLE,RAW_OFFICIAL_VINTAGE,True,1
PBOC_M2_OFFICIAL_RELEASE,MACRO_M2_YOY,2005-10,pbc-m2-yoy-pre-2011-v1-main,AVAILABLE,RAW_OFFICIAL_VINTAGE,True,1
PBOC_M2_OFFICIAL_RELEASE,MACRO_M2_YOY,2005-11,pbc-m2-yoy-pre-2011-v1-main,AVAILABLE,RAW_OFFICIAL_VINTAGE,True,1
PBOC_M2_OFFICIAL_RELEASE,MACRO_M2_YOY,2005-12,pbc-m2-yoy-pre-2011-v1-main,AVAILABLE,RAW_OFFICIAL_VINTAGE,True,1
PBOC_M2_OFFICIAL_RELEASE,MACRO_M2_YOY,2006-01,pbc-m2-yoy-pre-2011-v1-main,AVAILABLE,RAW_OFFICIAL_VINTAGE,True,1
PBOC_M2_OFFICIAL_RELEASE,MACRO_M2_YOY,2006-02,pbc-m2-yoy-pre-2011-v1-main,AVAILABLE,RAW_OFFICIAL_VINTAGE,True,1
PBOC_M2_OFFICIAL_RELEASE,MACRO_M2_YOY,2006-03,pbc-m2-yoy-pre-2011-v1-main,AVAILABLE,RAW_OFFICIAL_VINTAGE,True,1
PBOC_M2_OFFICIAL_RELEASE,MACRO_M2_YOY,2006-04,pbc-m2-yoy-pre-2011-v1-main,AVAILABLE,RAW_OFFICIAL_VINTAGE,True,1
PBOC_M2_OFFICIAL_RELEASE,MACRO_M2_YOY,2006-05,pbc-m2-yoy-pre-2011-v1-main,AVAILABLE,RAW_OFFICIAL_VINTAGE,True,1
PBOC_M2_OFFICIAL_RELEASE,MACRO_M2_YOY,2006-06,pbc-m2-yoy-pre-2011-v1-main,AVAILABLE,RAW_OFFICIAL_VINTAGE,True,1
PBOC_M2_OFFICIAL_RELEASE,MACRO_M2_YOY,2006-07,pbc-m2-yoy-pre-2011-v1-main,AVAILABLE,RAW_OFFICIAL_VINTAGE,True,1
PBOC_M2_OFFICIAL_RELEASE,MACRO_M2_YOY,2006-08,pbc-m2-yoy-pre-2011-v1-main,AVAILABLE,RAW_OFFICIAL_VINTAGE,True,1
PBOC_M2_OFFICIAL_RELEASE,MACRO_M2_YOY,2006-09,pbc-m2-yoy-pre-2011-v1-main,AVAILABLE,RAW_OFFICIAL_VINTAGE,True,1
PBOC_M2_OFFICIAL_RELEASE,MACRO_M2_YOY,2006-10,pbc-m2-yoy-pre-2011-v1-main,AVAILABLE,RAW_OFFICIAL_VINTAGE,True,1
PBOC_M2_OFFICIAL_RELEASE,MACRO_M2_YOY,2006-11,pbc-m2-yoy-pre-2011-v1-main,AVAILABLE,RAW_OFFICIAL_VINTAGE,True,1
PBOC_M2_OFFICIAL_RELEASE,MACRO_M2_YOY,2006-12,pbc-m2-yoy-pre-2011-v1-main,MISSING,RELEASE_NOT_LOCATED,False,0
PBOC_M2_OFFICIAL_RELEASE,MACRO_M2_YOY,2007-01,pbc-m2-yoy-pre-2011-v1-main,AVAILABLE,RAW_OFFICIAL_VINTAGE,True,1
PBOC_M2_OFFICIAL_RELEASE,MACRO_M2_YOY,2007-02,pbc-m2-yoy-pre-2011-v1-main,AVAILABLE,RAW_OFFICIAL_VINTAGE,True,1
PBOC_M2_OFFICIAL_RELEASE,MACRO_M2_YOY,2007-03,pbc-m2-yoy-pre-2011-v1-main,AVAILABLE,RAW_OFFICIAL_VINTAGE,True,1
PBOC_M2_OFFICIAL_RELEASE,MACRO_M2_YOY,2007-04,pbc-m2-yoy-pre-2011-v1-main,AVAILABLE,RAW_OFFICIAL_VINTAGE,True,1
PBOC_M2_OFFICIAL_RELEASE,MACRO_M2_YOY,2007-05,pbc-m2-yoy-pre-2011-v1-main,AVAILABLE,RAW_OFFICIAL_VINTAGE,True,1
PBOC_M2_OFFICIAL_RELEASE,MACRO_M2_YOY,2007-06,pbc-m2-yoy-pre-2011-v1-main,AVAILABLE,RAW_OFFICIAL_VINTAGE,True,1
PBOC_M2_OFFICIAL_RELEASE,MACRO_M2_YOY,2007-07,pbc-m2-yoy-pre-2011-v1-main,AVAILABLE,RAW_OFFICIAL_VINTAGE,True,1
PBOC_M2_OFFICIAL_RELEASE,MACRO_M2_YOY,2007-08,pbc-m2-yoy-pre-2011-v1-main,AVAILABLE,RAW_OFFICIAL_VINTAGE,True,1
PBOC_M2_OFFICIAL_RELEASE,MACRO_M2_YOY,2007-09,pbc-m2-yoy-pre-2011-v1-main,AVAILABLE,RAW_OFFICIAL_VINTAGE,True,1
PBOC_M2_OFFICIAL_RELEASE,MACRO_M2_YOY,2007-10,pbc-m2-yoy-pre-2011-v1-main,AVAILABLE,RAW_OFFICIAL_VINTAGE,True,1
PBOC_M2_OFFICIAL_RELEASE,MACRO_M2_YOY,2007-11,pbc-m2-yoy-pre-2011-v1-main,AVAILABLE,RAW_OFFICIAL_VINTAGE,True,1
PBOC_M2_OFFICIAL_RELEASE,MACRO_M2_YOY,2007-12,pbc-m2-yoy-pre-2011-v1-main,AVAILABLE,RAW_OFFICIAL_VINTAGE,True,1
PBOC_M2_OFFICIAL_RELEASE,MACRO_M2_YOY,2008-01,pbc-m2-yoy-pre-2011-v1-main,AVAILABLE,RAW_OFFICIAL_VINTAGE,True,1
PBOC_M2_OFFICIAL_RELEASE,MACRO_M2_YOY,2008-02,pbc-m2-yoy-pre-2011-v1-main,AVAILABLE,RAW_OFFICIAL_VINTAGE,True,1
PBOC_M2_OFFICIAL_RELEASE,MACRO_M2_YOY,2008-03,pbc-m2-yoy-pre-2011-v1-main,AVAILABLE,RAW_OFFICIAL_VINTAGE,True,1
PBOC_M2_OFFICIAL_RELEASE,MACRO_M2_YOY,2008-04,pbc-m2-yoy-pre-2011-v1-main,AVAILABLE,RAW_OFFICIAL_VINTAGE,True,1
PBOC_M2_OFFICIAL_RELEASE,MACRO_M2_YOY,2008-05,pbc-m2-yoy-pre-2011-v1-main,AVAILABLE,RAW_OFFICIAL_VINTAGE,True,1
PBOC_M2_OFFICIAL_RELEASE,MACRO_M2_YOY,2008-06,pbc-m2-yoy-pre-2011-v1-main,AVAILABLE,RAW_OFFICIAL_VINTAGE,True,1
PBOC_M2_OFFICIAL_RELEASE,MACRO_M2_YOY,2008-07,pbc-m2-yoy-pre-2011-v1-main,AVAILABLE,RAW_OFFICIAL_VINTAGE,True,1
PBOC_M2_OFFICIAL_RELEASE,MACRO_M2_YOY,2008-08,pbc-m2-yoy-pre-2011-v1-main,AVAILABLE,RAW_OFFICIAL_VINTAGE,True,1
PBOC_M2_OFFICIAL_RELEASE,MACRO_M2_YOY,2008-09,pbc-m2-yoy-pre-2011-v1-main,AVAILABLE,RAW_OFFICIAL_VINTAGE,True,1
PBOC_M2_OFFICIAL_RELEASE,MACRO_M2_YOY,2008-10,pbc-m2-yoy-pre-2011-v1-main,AVAILABLE,RAW_OFFICIAL_VINTAGE,True,1
PBOC_M2_OFFICIAL_RELEASE,MACRO_M2_YOY,2008-11,pbc-m2-yoy-pre-2011-v1-main,AVAILABLE,RAW_OFFICIAL_VINTAGE,True,1
PBOC_M2_OFFICIAL_RELEASE,MACRO_M2_YOY,2008-12,pbc-m2-yoy-pre-2011-v1-main,AVAILABLE,RAW_OFFICIAL_VINTAGE,True,1
PBOC_M2_OFFICIAL_RELEASE,MACRO_M2_YOY,2009-01,pbc-m2-yoy-pre-2011-v1-main,AVAILABLE,RAW_OFFICIAL_VINTAGE,True,1
PBOC_M2_OFFICIAL_RELEASE,MACRO_M2_YOY,2009-02,pbc-m2-yoy-pre-2011-v1-main,AVAILABLE,RAW_OFFICIAL_VINTAGE,True,1
PBOC_M2_OFFICIAL_RELEASE,MACRO_M2_YOY,2009-03,pbc-m2-yoy-pre-2011-v1-main,AVAILABLE,RAW_OFFICIAL_VINTAGE,True,1
PBOC_M2_OFFICIAL_RELEASE,MACRO_M2_YOY,2009-04,pbc-m2-yoy-pre-2011-v1-main,AVAILABLE,RAW_OFFICIAL_VINTAGE,True,1
PBOC_M2_OFFICIAL_RELEASE,MACRO_M2_YOY,2009-05,pbc-m2-yoy-pre-2011-v1-main,AVAILABLE,RAW_OFFICIAL_VINTAGE,True,1
PBOC_M2_OFFICIAL_RELEASE,MACRO_M2_YOY,2009-06,pbc-m2-yoy-pre-2011-v1-main,AVAILABLE,RAW_OFFICIAL_VINTAGE,True,1
PBOC_M2_OFFICIAL_RELEASE,MACRO_M2_YOY,2009-07,pbc-m2-yoy-pre-2011-v1-main,AVAILABLE,RAW_OFFICIAL_VINTAGE,True,1
PBOC_M2_OFFICIAL_RELEASE,MACRO_M2_YOY,2009-08,pbc-m2-yoy-pre-2011-v1-main,AVAILABLE,RAW_OFFICIAL_VINTAGE,True,1
PBOC_M2_OFFICIAL_RELEASE,MACRO_M2_YOY,2009-09,pbc-m2-yoy-pre-2011-v1-main,AVAILABLE,RAW_OFFICIAL_VINTAGE,True,1
PBOC_M2_OFFICIAL_RELEASE,MACRO_M2_YOY,2009-10,pbc-m2-yoy-pre-2011-v1-main,AVAILABLE,RAW_OFFICIAL_VINTAGE,True,1
PBOC_M2_OFFICIAL_RELEASE,MACRO_M2_YOY,2009-11,pbc-m2-yoy-pre-2011-v1-main,AVAILABLE,RAW_OFFICIAL_VINTAGE,True,1
PBOC_M2_OFFICIAL_RELEASE,MACRO_M2_YOY,2009-12,pbc-m2-yoy-pre-2011-v1-main,AVAILABLE,RAW_OFFICIAL_VINTAGE,True,1
PBOC_M2_OFFICIAL_RELEASE,MACRO_M2_YOY,2010-01,pbc-m2-yoy-pre-2011-v1-main,AVAILABLE,RAW_OFFICIAL_VINTAGE,True,1
PBOC_M2_OFFICIAL_RELEASE,MACRO_M2_YOY,2010-02,pbc-m2-yoy-pre-2011-v1-main,AVAILABLE,RAW_OFFICIAL_VINTAGE,True,1
PBOC_M2_OFFICIAL_RELEASE,MACRO_M2_YOY,2010-03,pbc-m2-yoy-pre-2011-v1-main,AVAILABLE,RAW_OFFICIAL_VINTAGE,True,1
PBOC_M2_OFFICIAL_RELEASE,MACRO_M2_YOY,2010-04,pbc-m2-yoy-pre-2011-v1-main,AVAILABLE,RAW_OFFICIAL_VINTAGE,True,1
PBOC_M2_OFFICIAL_RELEASE,MACRO_M2_YOY,2010-05,pbc-m2-yoy-pre-2011-v1-main,AVAILABLE,RAW_OFFICIAL_VINTAGE,True,1
PBOC_M2_OFFICIAL_RELEASE,MACRO_M2_YOY,2010-06,pbc-m2-yoy-pre-2011-v1-main,AVAILABLE,RAW_OFFICIAL_VINTAGE,True,1
PBOC_M2_OFFICIAL_RELEASE,MACRO_M2_YOY,2010-07,pbc-m2-yoy-pre-2011-v1-main,AVAILABLE,RAW_OFFICIAL_VINTAGE,True,1
PBOC_M2_OFFICIAL_RELEASE,MACRO_M2_YOY,2010-08,pbc-m2-yoy-pre-2011-v1-main,AVAILABLE,RAW_OFFICIAL_VINTAGE,True,1
PBOC_M2_OFFICIAL_RELEASE,MACRO_M2_YOY,2010-09,pbc-m2-yoy-pre-2011-v1-main,AVAILABLE,RAW_OFFICIAL_VINTAGE,True,1
PBOC_M2_OFFICIAL_RELEASE,MACRO_M2_YOY,2010-10,pbc-m2-yoy-pre-2011-v1-main,AVAILABLE,RAW_OFFICIAL_VINTAGE,True,1
PBOC_M2_OFFICIAL_RELEASE,MACRO_M2_YOY,2010-11,pbc-m2-yoy-pre-2011-v1-main,AVAILABLE,RAW_OFFICIAL_VINTAGE,True,1
PBOC_M2_OFFICIAL_RELEASE,MACRO_M2_YOY,2010-12,pbc-m2-yoy-pre-2011-v1-main,AVAILABLE,RAW_OFFICIAL_VINTAGE,True,1
PBOC_M2_OFFICIAL_RELEASE,MACRO_M2_YOY,2011-01,pbc-m2-yoy-pre-2011-v1-main,AVAILABLE,RAW_OFFICIAL_VINTAGE,True,1
PBOC_M2_OFFICIAL_RELEASE,MACRO_M2_YOY,2011-02,pbc-m2-yoy-pre-2011-v1-main,AVAILABLE,RAW_OFFICIAL_VINTAGE,True,1
PBOC_M2_OFFICIAL_RELEASE,MACRO_M2_YOY,2011-03,pbc-m2-yoy-pre-2011-v1-main,AVAILABLE,RAW_OFFICIAL_VINTAGE,True,1
PBOC_M2_OFFICIAL_RELEASE,MACRO_M2_YOY,2011-04,pbc-m2-yoy-pre-2011-v1-main,AVAILABLE,RAW_OFFICIAL_VINTAGE,True,1
PBOC_M2_OFFICIAL_RELEASE,MACRO_M2_YOY,2011-05,pbc-m2-yoy-pre-2011-v1-main,FIELD_MISSING,FIELD_OR_DEFINITION_UNRESOLVED,False,0
PBOC_M2_OFFICIAL_RELEASE,MACRO_M2_YOY,2011-06,pbc-m2-yoy-pre-2011-v1-main,AVAILABLE,RAW_OFFICIAL_VINTAGE,True,1
PBOC_M2_OFFICIAL_RELEASE,MACRO_M2_YOY,2011-07,pbc-m2-yoy-pre-2011-v1-main,AVAILABLE,RAW_OFFICIAL_VINTAGE,True,1
PBOC_M2_OFFICIAL_RELEASE,MACRO_M2_YOY,2011-08,pbc-m2-yoy-pre-2011-v1-main,AVAILABLE,RAW_OFFICIAL_VINTAGE,True,1
PBOC_M2_OFFICIAL_RELEASE,MACRO_M2_YOY,2011-09,pbc-m2-yoy-pre-2011-v1-main,AVAILABLE,RAW_OFFICIAL_VINTAGE,True,1
PBOC_M2_OFFICIAL_RELEASE,MACRO_M2_YOY,2011-10,pbc-m2-yoy-2011-v2-main,AVAILABLE,RAW_OFFICIAL_VINTAGE,True,1
PBOC_M2_OFFICIAL_RELEASE,MACRO_M2_YOY,2011-11,pbc-m2-yoy-2011-v2-main,AVAILABLE,RAW_OFFICIAL_VINTAGE,True,1
PBOC_M2_OFFICIAL_RELEASE,MACRO_M2_YOY,2011-12,pbc-m2-yoy-2011-v2-main,AVAILABLE,RAW_OFFICIAL_VINTAGE,True,1
PBOC_M2_OFFICIAL_RELEASE,MACRO_M2_YOY,2012-01,pbc-m2-yoy-2011-v2-main,AVAILABLE,RAW_OFFICIAL_VINTAGE,True,1
PBOC_M2_OFFICIAL_RELEASE,MACRO_M2_YOY,2012-02,pbc-m2-yoy-2011-v2-main,AVAILABLE,RAW_OFFICIAL_VINTAGE,True,1
PBOC_M2_OFFICIAL_RELEASE,MACRO_M2_YOY,2012-03,pbc-m2-yoy-2011-v2-main,AVAILABLE,RAW_OFFICIAL_VINTAGE,True,1
PBOC_M2_OFFICIAL_RELEASE,MACRO_M2_YOY,2012-04,pbc-m2-yoy-2011-v2-main,AVAILABLE,RAW_OFFICIAL_VINTAGE,True,1
PBOC_M2_OFFICIAL_RELEASE,MACRO_M2_YOY,2012-05,pbc-m2-yoy-2011-v2-main,AVAILABLE,RAW_OFFICIAL_VINTAGE,True,1
PBOC_M2_OFFICIAL_RELEASE,MACRO_M2_YOY,2012-06,pbc-m2-yoy-2011-v2-main,AVAILABLE,RAW_OFFICIAL_VINTAGE,True,1
PBOC_M2_OFFICIAL_RELEASE,MACRO_M2_YOY,2012-07,pbc-m2-yoy-2011-v2-main,AVAILABLE,RAW_OFFICIAL_VINTAGE,True,1
PBOC_M2_OFFICIAL_RELEASE,MACRO_M2_YOY,2012-08,pbc-m2-yoy-2011-v2-main,AVAILABLE,RAW_OFFICIAL_VINTAGE,True,1
PBOC_M2_OFFICIAL_RELEASE,MACRO_M2_YOY,2012-09,pbc-m2-yoy-2011-v2-main,AVAILABLE,RAW_OFFICIAL_VINTAGE,True,1
PBOC_M2_OFFICIAL_RELEASE,MACRO_M2_YOY,2012-10,pbc-m2-yoy-2011-v2-main,AVAILABLE,RAW_OFFICIAL_VINTAGE,True,1
PBOC_M2_OFFICIAL_RELEASE,MACRO_M2_YOY,2012-11,pbc-m2-yoy-2011-v2-main,AVAILABLE,RAW_OFFICIAL_VINTAGE,True,1
PBOC_M2_OFFICIAL_RELEASE,MACRO_M2_YOY,2012-12,pbc-m2-yoy-2011-v2-main,AVAILABLE,RAW_OFFICIAL_VINTAGE,True,1
PBOC_M2_OFFICIAL_RELEASE,MACRO_M2_YOY,2013-01,pbc-m2-yoy-2011-v2-main,AVAILABLE,RAW_OFFICIAL_VINTAGE,True,1
PBOC_M2_OFFICIAL_RELEASE,MACRO_M2_YOY,2013-02,pbc-m2-yoy-2011-v2-main,AVAILABLE,RAW_OFFICIAL_VINTAGE,True,1
PBOC_M2_OFFICIAL_RELEASE,MACRO_M2_YOY,2013-03,pbc-m2-yoy-2011-v2-main,AVAILABLE,RAW_OFFICIAL_VINTAGE,True,1
PBOC_M2_OFFICIAL_RELEASE,MACRO_M2_YOY,2013-04,pbc-m2-yoy-2011-v2-main,AVAILABLE,RAW_OFFICIAL_VINTAGE,True,1
PBOC_M2_OFFICIAL_RELEASE,MACRO_M2_YOY,2013-05,pbc-m2-yoy-2011-v2-main,AVAILABLE,RAW_OFFICIAL_VINTAGE,True,1
PBOC_M2_OFFICIAL_RELEASE,MACRO_M2_YOY,2013-06,pbc-m2-yoy-2011-v2-main,AVAILABLE,RAW_OFFICIAL_VINTAGE,True,1
PBOC_M2_OFFICIAL_RELEASE,MACRO_M2_YOY,2013-07,pbc-m2-yoy-2011-v2-main,AVAILABLE,RAW_OFFICIAL_VINTAGE,True,1
PBOC_M2_OFFICIAL_RELEASE,MACRO_M2_YOY,2013-08,pbc-m2-yoy-2011-v2-main,AVAILABLE,RAW_OFFICIAL_VINTAGE,True,1
PBOC_M2_OFFICIAL_RELEASE,MACRO_M2_YOY,2013-09,pbc-m2-yoy-2011-v2-main,AVAILABLE,RAW_OFFICIAL_VINTAGE,True,1
PBOC_M2_OFFICIAL_RELEASE,MACRO_M2_YOY,2013-10,pbc-m2-yoy-2011-v2-main,AVAILABLE,RAW_OFFICIAL_VINTAGE,True,1
PBOC_M2_OFFICIAL_RELEASE,MACRO_M2_YOY,2013-11,pbc-m2-yoy-2011-v2-main,AVAILABLE,RAW_OFFICIAL_VINTAGE,True,1
PBOC_M2_OFFICIAL_RELEASE,MACRO_M2_YOY,2013-12,pbc-m2-yoy-2011-v2-main,AVAILABLE,RAW_OFFICIAL_VINTAGE,True,1
PBOC_M2_OFFICIAL_RELEASE,MACRO_M2_YOY,2014-01,pbc-m2-yoy-2011-v2-main,AVAILABLE,RAW_OFFICIAL_VINTAGE,True,1
PBOC_M2_OFFICIAL_RELEASE,MACRO_M2_YOY,2014-02,pbc-m2-yoy-2011-v2-main,AVAILABLE,RAW_OFFICIAL_VINTAGE,True,1
PBOC_M2_OFFICIAL_RELEASE,MACRO_M2_YOY,2014-03,pbc-m2-yoy-2011-v2-main,AVAILABLE,RAW_OFFICIAL_VINTAGE,True,1
PBOC_M2_OFFICIAL_RELEASE,MACRO_M2_YOY,2014-04,pbc-m2-yoy-2011-v2-main,AVAILABLE,RAW_OFFICIAL_VINTAGE,True,1
PBOC_M2_OFFICIAL_RELEASE,MACRO_M2_YOY,2014-05,pbc-m2-yoy-2011-v2-main,AVAILABLE,RAW_OFFICIAL_VINTAGE,True,1
PBOC_M2_OFFICIAL_RELEASE,MACRO_M2_YOY,2014-06,pbc-m2-yoy-2011-v2-main,AVAILABLE,RAW_OFFICIAL_VINTAGE,True,1
PBOC_M2_OFFICIAL_RELEASE,MACRO_M2_YOY,2014-07,pbc-m2-yoy-2011-v2-main,AVAILABLE,RAW_OFFICIAL_VINTAGE,True,1
PBOC_M2_OFFICIAL_RELEASE,MACRO_M2_YOY,2014-08,pbc-m2-yoy-2011-v2-main,AVAILABLE,RAW_OFFICIAL_VINTAGE,True,1
PBOC_M2_OFFICIAL_RELEASE,MACRO_M2_YOY,2014-09,pbc-m2-yoy-2011-v2-main,AVAILABLE,RAW_OFFICIAL_VINTAGE,True,1
PBOC_M2_OFFICIAL_RELEASE,MACRO_M2_YOY,2014-10,pbc-m2-yoy-2011-v2-main,AVAILABLE,RAW_OFFICIAL_VINTAGE,True,1
PBOC_M2_OFFICIAL_RELEASE,MACRO_M2_YOY,2014-11,pbc-m2-yoy-2011-v2-main,AVAILABLE,RAW_OFFICIAL_VINTAGE,True,1
PBOC_M2_OFFICIAL_RELEASE,MACRO_M2_YOY,2014-12,pbc-m2-yoy-2011-v2-main,AVAILABLE,RAW_OFFICIAL_VINTAGE,True,1
PBOC_M2_OFFICIAL_RELEASE,MACRO_M2_YOY,2015-01,pbc-m2-yoy-2011-v2-main,AVAILABLE,RAW_OFFICIAL_VINTAGE,True,1
PBOC_M2_OFFICIAL_RELEASE,MACRO_M2_YOY,2015-02,pbc-m2-yoy-2011-v2-main,AVAILABLE,RAW_OFFICIAL_VINTAGE,True,1
PBOC_M2_OFFICIAL_RELEASE,MACRO_M2_YOY,2015-03,pbc-m2-yoy-2011-v2-main,AVAILABLE,RAW_OFFICIAL_VINTAGE,True,1
PBOC_M2_OFFICIAL_RELEASE,MACRO_M2_YOY,2015-04,pbc-m2-yoy-2011-v2-main,AVAILABLE,RAW_OFFICIAL_VINTAGE,True,1
PBOC_M2_OFFICIAL_RELEASE,MACRO_M2_YOY,2015-05,pbc-m2-yoy-2011-v2-main,AVAILABLE,RAW_OFFICIAL_VINTAGE,True,1
PBOC_M2_OFFICIAL_RELEASE,MACRO_M2_YOY,2015-06,pbc-m2-yoy-2011-v2-main,AVAILABLE,RAW_OFFICIAL_VINTAGE,True,1
PBOC_M2_OFFICIAL_RELEASE,MACRO_M2_YOY,2015-07,pbc-m2-yoy-2011-v2-main,AVAILABLE,RAW_OFFICIAL_VINTAGE,True,1
PBOC_M2_OFFICIAL_RELEASE,MACRO_M2_YOY,2015-08,pbc-m2-yoy-2011-v2-main,AVAILABLE,RAW_OFFICIAL_VINTAGE,True,1
PBOC_M2_OFFICIAL_RELEASE,MACRO_M2_YOY,2015-09,pbc-m2-yoy-2011-v2-main,AVAILABLE,RAW_OFFICIAL_VINTAGE,True,1
PBOC_M2_OFFICIAL_RELEASE,MACRO_M2_YOY,2015-10,pbc-m2-yoy-2011-v2-main,AVAILABLE,RAW_OFFICIAL_VINTAGE,True,1
PBOC_M2_OFFICIAL_RELEASE,MACRO_M2_YOY,2015-11,pbc-m2-yoy-2011-v2-main,AVAILABLE,RAW_OFFICIAL_VINTAGE,True,1
PBOC_M2_OFFICIAL_RELEASE,MACRO_M2_YOY,2015-12,pbc-m2-yoy-2011-v2-main,AVAILABLE,RAW_OFFICIAL_VINTAGE,True,1
PBOC_M2_OFFICIAL_RELEASE,MACRO_M2_YOY,2016-01,pbc-m2-yoy-2011-v2-main,AVAILABLE,RAW_OFFICIAL_VINTAGE,True,1
PBOC_M2_OFFICIAL_RELEASE,MACRO_M2_YOY,2016-02,pbc-m2-yoy-2011-v2-main,AVAILABLE,RAW_OFFICIAL_VINTAGE,True,1
PBOC_M2_OFFICIAL_RELEASE,MACRO_M2_YOY,2016-03,pbc-m2-yoy-2011-v2-main,AVAILABLE,RAW_OFFICIAL_VINTAGE,True,1
PBOC_M2_OFFICIAL_RELEASE,MACRO_M2_YOY,2016-04,pbc-m2-yoy-2011-v2-main,AVAILABLE,RAW_OFFICIAL_VINTAGE,True,1
PBOC_M2_OFFICIAL_RELEASE,MACRO_M2_YOY,2016-05,pbc-m2-yoy-2011-v2-main,AVAILABLE,RAW_OFFICIAL_VINTAGE,True,1
PBOC_M2_OFFICIAL_RELEASE,MACRO_M2_YOY,2016-06,pbc-m2-yoy-2011-v2-main,AVAILABLE,RAW_OFFICIAL_VINTAGE,True,1
PBOC_M2_OFFICIAL_RELEASE,MACRO_M2_YOY,2016-07,pbc-m2-yoy-2011-v2-main,AVAILABLE,RAW_OFFICIAL_VINTAGE,True,1
PBOC_M2_OFFICIAL_RELEASE,MACRO_M2_YOY,2016-08,pbc-m2-yoy-2011-v2-main,AVAILABLE,RAW_OFFICIAL_VINTAGE,True,1
PBOC_M2_OFFICIAL_RELEASE,MACRO_M2_YOY,2016-09,pbc-m2-yoy-2011-v2-main,AVAILABLE,RAW_OFFICIAL_VINTAGE,True,1
PBOC_M2_OFFICIAL_RELEASE,MACRO_M2_YOY,2016-10,pbc-m2-yoy-2011-v2-main,AVAILABLE,RAW_OFFICIAL_VINTAGE,True,1
PBOC_M2_OFFICIAL_RELEASE,MACRO_M2_YOY,2016-11,pbc-m2-yoy-2011-v2-main,AVAILABLE,RAW_OFFICIAL_VINTAGE,True,1
PBOC_M2_OFFICIAL_RELEASE,MACRO_M2_YOY,2016-12,pbc-m2-yoy-2011-v2-main,AVAILABLE,RAW_OFFICIAL_VINTAGE,True,1
PBOC_M2_OFFICIAL_RELEASE,MACRO_M2_YOY,2017-01,pbc-m2-yoy-2011-v2-main,AVAILABLE,RAW_OFFICIAL_VINTAGE,True,1
PBOC_M2_OFFICIAL_RELEASE,MACRO_M2_YOY,2017-02,pbc-m2-yoy-2011-v2-main,AVAILABLE,RAW_OFFICIAL_VINTAGE,True,1
PBOC_M2_OFFICIAL_RELEASE,MACRO_M2_YOY,2017-03,pbc-m2-yoy-2011-v2-main,AVAILABLE,RAW_OFFICIAL_VINTAGE,True,1
PBOC_M2_OFFICIAL_RELEASE,MACRO_M2_YOY,2017-04,pbc-m2-yoy-2011-v2-main,AVAILABLE,RAW_OFFICIAL_VINTAGE,True,1
PBOC_M2_OFFICIAL_RELEASE,MACRO_M2_YOY,2017-05,pbc-m2-yoy-2011-v2-main,AVAILABLE,RAW_OFFICIAL_VINTAGE,True,1
PBOC_M2_OFFICIAL_RELEASE,MACRO_M2_YOY,2017-06,pbc-m2-yoy-2011-v2-main,AVAILABLE,RAW_OFFICIAL_VINTAGE,True,1
PBOC_M2_OFFICIAL_RELEASE,MACRO_M2_YOY,2017-07,pbc-m2-yoy-2011-v2-main,AVAILABLE,RAW_OFFICIAL_VINTAGE,True,1
PBOC_M2_OFFICIAL_RELEASE,MACRO_M2_YOY,2017-08,pbc-m2-yoy-2011-v2-main,AVAILABLE,RAW_OFFICIAL_VINTAGE,True,1
PBOC_M2_OFFICIAL_RELEASE,MACRO_M2_YOY,2017-09,pbc-m2-yoy-2011-v2-main,AVAILABLE,RAW_OFFICIAL_VINTAGE,True,1
PBOC_M2_OFFICIAL_RELEASE,MACRO_M2_YOY,2017-10,pbc-m2-yoy-2011-v2-main,AVAILABLE,RAW_OFFICIAL_VINTAGE,True,1
PBOC_M2_OFFICIAL_RELEASE,MACRO_M2_YOY,2017-11,pbc-m2-yoy-2011-v2-main,AVAILABLE,RAW_OFFICIAL_VINTAGE,True,1
PBOC_M2_OFFICIAL_RELEASE,MACRO_M2_YOY,2017-12,pbc-m2-yoy-2011-v2-main,AVAILABLE,RAW_OFFICIAL_VINTAGE,True,2
PBOC_M2_OFFICIAL_RELEASE,MACRO_M2_YOY,2018-01,pbc-m2-yoy-2018-v3-main,AVAILABLE,RAW_OFFICIAL_VINTAGE,True,1
PBOC_M2_OFFICIAL_RELEASE,MACRO_M2_YOY,2018-02,pbc-m2-yoy-2018-v3-main,AVAILABLE,RAW_OFFICIAL_VINTAGE,True,1
PBOC_M2_OFFICIAL_RELEASE,MACRO_M2_YOY,2018-03,pbc-m2-yoy-2018-v3-main,AVAILABLE,RAW_OFFICIAL_VINTAGE,True,1
PBOC_M2_OFFICIAL_RELEASE,MACRO_M2_YOY,2018-04,pbc-m2-yoy-2018-v3-main,AVAILABLE,RAW_OFFICIAL_VINTAGE,True,1
PBOC_M2_OFFICIAL_RELEASE,MACRO_M2_YOY,2018-05,pbc-m2-yoy-2018-v3-main,AVAILABLE,RAW_OFFICIAL_VINTAGE,True,1
PBOC_M2_OFFICIAL_RELEASE,MACRO_M2_YOY,2018-06,pbc-m2-yoy-2018-v3-main,AVAILABLE,RAW_OFFICIAL_VINTAGE,True,1
PBOC_M2_OFFICIAL_RELEASE,MACRO_M2_YOY,2018-07,pbc-m2-yoy-2018-v3-main,AVAILABLE,RAW_OFFICIAL_VINTAGE,True,1
PBOC_M2_OFFICIAL_RELEASE,MACRO_M2_YOY,2018-08,pbc-m2-yoy-2018-v3-main,AVAILABLE,RAW_OFFICIAL_VINTAGE,True,1
PBOC_M2_OFFICIAL_RELEASE,MACRO_M2_YOY,2018-09,pbc-m2-yoy-2018-v3-main,AVAILABLE,RAW_OFFICIAL_VINTAGE,True,1
PBOC_M2_OFFICIAL_RELEASE,MACRO_M2_YOY,2018-10,pbc-m2-yoy-2018-v3-main,AVAILABLE,RAW_OFFICIAL_VINTAGE,True,1
PBOC_M2_OFFICIAL_RELEASE,MACRO_M2_YOY,2018-11,pbc-m2-yoy-2018-v3-main,AVAILABLE,RAW_OFFICIAL_VINTAGE,True,1
PBOC_M2_OFFICIAL_RELEASE,MACRO_M2_YOY,2018-12,pbc-m2-yoy-2018-v3-main,AVAILABLE,RAW_OFFICIAL_VINTAGE,True,1
PBOC_M2_OFFICIAL_RELEASE,MACRO_M2_YOY,2019-01,pbc-m2-yoy-2018-v3-main,AVAILABLE,RAW_OFFICIAL_VINTAGE,True,1
PBOC_M2_OFFICIAL_RELEASE,MACRO_M2_YOY,2019-02,pbc-m2-yoy-2018-v3-main,AVAILABLE,RAW_OFFICIAL_VINTAGE,True,1
PBOC_M2_OFFICIAL_RELEASE,MACRO_M2_YOY,2019-03,pbc-m2-yoy-2018-v3-main,AVAILABLE,RAW_OFFICIAL_VINTAGE,True,1
PBOC_M2_OFFICIAL_RELEASE,MACRO_M2_YOY,2019-04,pbc-m2-yoy-2018-v3-main,AVAILABLE,RAW_OFFICIAL_VINTAGE,True,1
PBOC_M2_OFFICIAL_RELEASE,MACRO_M2_YOY,2019-05,pbc-m2-yoy-2018-v3-main,AVAILABLE,RAW_OFFICIAL_VINTAGE,True,1
PBOC_M2_OFFICIAL_RELEASE,MACRO_M2_YOY,2019-06,pbc-m2-yoy-2018-v3-main,AVAILABLE,RAW_OFFICIAL_VINTAGE,True,1
PBOC_M2_OFFICIAL_RELEASE,MACRO_M2_YOY,2019-07,pbc-m2-yoy-2018-v3-main,AVAILABLE,RAW_OFFICIAL_VINTAGE,True,1
PBOC_M2_OFFICIAL_RELEASE,MACRO_M2_YOY,2019-08,pbc-m2-yoy-2018-v3-main,AVAILABLE,RAW_OFFICIAL_VINTAGE,True,1
PBOC_M2_OFFICIAL_RELEASE,MACRO_M2_YOY,2019-09,pbc-m2-yoy-2018-v3-main,AVAILABLE,RAW_OFFICIAL_VINTAGE,True,1
PBOC_M2_OFFICIAL_RELEASE,MACRO_M2_YOY,2019-10,pbc-m2-yoy-2018-v3-main,AVAILABLE,RAW_OFFICIAL_VINTAGE,True,1
PBOC_M2_OFFICIAL_RELEASE,MACRO_M2_YOY,2019-11,pbc-m2-yoy-2018-v3-main,AVAILABLE,RAW_OFFICIAL_VINTAGE,True,1
PBOC_M2_OFFICIAL_RELEASE,MACRO_M2_YOY,2019-12,pbc-m2-yoy-2018-v3-main,AVAILABLE,RAW_OFFICIAL_VINTAGE,True,1
PBOC_M2_OFFICIAL_RELEASE,MACRO_M2_YOY,2020-01,pbc-m2-yoy-2018-v3-main,AVAILABLE,RAW_OFFICIAL_VINTAGE,True,1
PBOC_M2_OFFICIAL_RELEASE,MACRO_M2_YOY,2020-02,pbc-m2-yoy-2018-v3-main,AVAILABLE,RAW_OFFICIAL_VINTAGE,True,1
PBOC_M2_OFFICIAL_RELEASE,MACRO_M2_YOY,2020-03,pbc-m2-yoy-2018-v3-main,AVAILABLE,RAW_OFFICIAL_VINTAGE,True,1
PBOC_M2_OFFICIAL_RELEASE,MACRO_M2_YOY,2020-04,pbc-m2-yoy-2018-v3-main,AVAILABLE,RAW_OFFICIAL_VINTAGE,True,1
PBOC_M2_OFFICIAL_RELEASE,MACRO_M2_YOY,2020-05,pbc-m2-yoy-2018-v3-main,AVAILABLE,RAW_OFFICIAL_VINTAGE,True,1
PBOC_M2_OFFICIAL_RELEASE,MACRO_M2_YOY,2020-06,pbc-m2-yoy-2018-v3-main,AVAILABLE,RAW_OFFICIAL_VINTAGE,True,1
PBOC_M2_OFFICIAL_RELEASE,MACRO_M2_YOY,2020-07,pbc-m2-yoy-2018-v3-main,AVAILABLE,RAW_OFFICIAL_VINTAGE,True,1
PBOC_M2_OFFICIAL_RELEASE,MACRO_M2_YOY,2020-08,pbc-m2-yoy-2018-v3-main,AVAILABLE,RAW_OFFICIAL_VINTAGE,True,1
PBOC_M2_OFFICIAL_RELEASE,MACRO_M2_YOY,2020-09,pbc-m2-yoy-2018-v3-main,AVAILABLE,RAW_OFFICIAL_VINTAGE,True,1
PBOC_M2_OFFICIAL_RELEASE,MACRO_M2_YOY,2020-10,pbc-m2-yoy-2018-v3-main,AVAILABLE,RAW_OFFICIAL_VINTAGE,True,1
PBOC_M2_OFFICIAL_RELEASE,MACRO_M2_YOY,2020-11,pbc-m2-yoy-2018-v3-main,AVAILABLE,RAW_OFFICIAL_VINTAGE,True,1
PBOC_M2_OFFICIAL_RELEASE,MACRO_M2_YOY,2020-12,pbc-m2-yoy-2018-v3-main,AVAILABLE,RAW_OFFICIAL_VINTAGE,True,1
PBOC_M2_OFFICIAL_RELEASE,MACRO_M2_YOY,2021-01,pbc-m2-yoy-2018-v3-main,AVAILABLE,RAW_OFFICIAL_VINTAGE,True,1
PBOC_M2_OFFICIAL_RELEASE,MACRO_M2_YOY,2021-02,pbc-m2-yoy-2018-v3-main,AVAILABLE,RAW_OFFICIAL_VINTAGE,True,1
PBOC_M2_OFFICIAL_RELEASE,MACRO_M2_YOY,2021-03,pbc-m2-yoy-2018-v3-main,AVAILABLE,RAW_OFFICIAL_VINTAGE,True,1
PBOC_M2_OFFICIAL_RELEASE,MACRO_M2_YOY,2021-04,pbc-m2-yoy-2018-v3-main,AVAILABLE,RAW_OFFICIAL_VINTAGE,True,1
PBOC_M2_OFFICIAL_RELEASE,MACRO_M2_YOY,2021-05,pbc-m2-yoy-2018-v3-main,AVAILABLE,RAW_OFFICIAL_VINTAGE,True,1
PBOC_M2_OFFICIAL_RELEASE,MACRO_M2_YOY,2021-06,pbc-m2-yoy-2018-v3-main,AVAILABLE,RAW_OFFICIAL_VINTAGE,True,1
PBOC_M2_OFFICIAL_RELEASE,MACRO_M2_YOY,2021-07,pbc-m2-yoy-2018-v3-main,AVAILABLE,RAW_OFFICIAL_VINTAGE,True,1
PBOC_M2_OFFICIAL_RELEASE,MACRO_M2_YOY,2021-08,pbc-m2-yoy-2018-v3-main,AVAILABLE,RAW_OFFICIAL_VINTAGE,True,1
PBOC_M2_OFFICIAL_RELEASE,MACRO_M2_YOY,2021-09,pbc-m2-yoy-2018-v3-main,AVAILABLE,RAW_OFFICIAL_VINTAGE,True,1
PBOC_M2_OFFICIAL_RELEASE,MACRO_M2_YOY,2021-10,pbc-m2-yoy-2018-v3-main,AVAILABLE,RAW_OFFICIAL_VINTAGE,True,1
PBOC_M2_OFFICIAL_RELEASE,MACRO_M2_YOY,2021-11,pbc-m2-yoy-2018-v3-main,AVAILABLE,RAW_OFFICIAL_VINTAGE,True,1
PBOC_M2_OFFICIAL_RELEASE,MACRO_M2_YOY,2021-12,pbc-m2-yoy-2018-v3-main,AVAILABLE,RAW_OFFICIAL_VINTAGE,True,1
PBOC_M2_OFFICIAL_RELEASE,MACRO_M2_YOY,2022-01,pbc-m2-yoy-2018-v3-main,AVAILABLE,RAW_OFFICIAL_VINTAGE,True,1
PBOC_M2_OFFICIAL_RELEASE,MACRO_M2_YOY,2022-02,pbc-m2-yoy-2018-v3-main,AVAILABLE,RAW_OFFICIAL_VINTAGE,True,1
PBOC_M2_OFFICIAL_RELEASE,MACRO_M2_YOY,2022-03,pbc-m2-yoy-2018-v3-main,AVAILABLE,RAW_OFFICIAL_VINTAGE,True,1
PBOC_M2_OFFICIAL_RELEASE,MACRO_M2_YOY,2022-04,pbc-m2-yoy-2018-v3-main,AVAILABLE,RAW_OFFICIAL_VINTAGE,True,1
PBOC_M2_OFFICIAL_RELEASE,MACRO_M2_YOY,2022-05,pbc-m2-yoy-2018-v3-main,AVAILABLE,RAW_OFFICIAL_VINTAGE,True,1
PBOC_M2_OFFICIAL_RELEASE,MACRO_M2_YOY,2022-06,pbc-m2-yoy-2018-v3-main,AVAILABLE,RAW_OFFICIAL_VINTAGE,True,1
PBOC_M2_OFFICIAL_RELEASE,MACRO_M2_YOY,2022-07,pbc-m2-yoy-2018-v3-main,AVAILABLE,RAW_OFFICIAL_VINTAGE,True,1
PBOC_M2_OFFICIAL_RELEASE,MACRO_M2_YOY,2022-08,pbc-m2-yoy-2018-v3-main,AVAILABLE,RAW_OFFICIAL_VINTAGE,True,1
PBOC_M2_OFFICIAL_RELEASE,MACRO_M2_YOY,2022-09,pbc-m2-yoy-2018-v3-main,AVAILABLE,RAW_OFFICIAL_VINTAGE,True,1
PBOC_M2_OFFICIAL_RELEASE,MACRO_M2_YOY,2022-10,pbc-m2-yoy-2018-v3-main,AVAILABLE,RAW_OFFICIAL_VINTAGE,True,1
PBOC_M2_OFFICIAL_RELEASE,MACRO_M2_YOY,2022-11,pbc-m2-yoy-2018-v3-main,AVAILABLE,RAW_OFFICIAL_VINTAGE,True,1
PBOC_M2_OFFICIAL_RELEASE,MACRO_M2_YOY,2022-12,pbc-m2-yoy-2022-12-v4-main,AVAILABLE,RAW_OFFICIAL_VINTAGE,True,1
PBOC_M2_OFFICIAL_RELEASE,MACRO_M2_YOY,2023-01,pbc-m2-yoy-2022-12-v4-main,AVAILABLE,RAW_OFFICIAL_VINTAGE,True,1
PBOC_M2_OFFICIAL_RELEASE,MACRO_M2_YOY,2023-02,pbc-m2-yoy-2022-12-v4-main,AVAILABLE,RAW_OFFICIAL_VINTAGE,True,1
PBOC_M2_OFFICIAL_RELEASE,MACRO_M2_YOY,2023-03,pbc-m2-yoy-2022-12-v4-main,AVAILABLE,RAW_OFFICIAL_VINTAGE,True,1
PBOC_M2_OFFICIAL_RELEASE,MACRO_M2_YOY,2023-04,pbc-m2-yoy-2022-12-v4-main,AVAILABLE,RAW_OFFICIAL_VINTAGE,True,1
PBOC_M2_OFFICIAL_RELEASE,MACRO_M2_YOY,2023-05,pbc-m2-yoy-2022-12-v4-main,AVAILABLE,RAW_OFFICIAL_VINTAGE,True,1
PBOC_M2_OFFICIAL_RELEASE,MACRO_M2_YOY,2023-06,pbc-m2-yoy-2022-12-v4-main,AVAILABLE,RAW_OFFICIAL_VINTAGE,True,1
PBOC_M2_OFFICIAL_RELEASE,MACRO_M2_YOY,2023-07,pbc-m2-yoy-2022-12-v4-main,AVAILABLE,RAW_OFFICIAL_VINTAGE,True,1
PBOC_M2_OFFICIAL_RELEASE,MACRO_M2_YOY,2023-08,pbc-m2-yoy-2022-12-v4-main,AVAILABLE,RAW_OFFICIAL_VINTAGE,True,1
PBOC_M2_OFFICIAL_RELEASE,MACRO_M2_YOY,2023-09,pbc-m2-yoy-2022-12-v4-main,AVAILABLE,RAW_OFFICIAL_VINTAGE,True,1
PBOC_M2_OFFICIAL_RELEASE,MACRO_M2_YOY,2023-10,pbc-m2-yoy-2022-12-v4-main,AVAILABLE,RAW_OFFICIAL_VINTAGE,True,1
PBOC_M2_OFFICIAL_RELEASE,MACRO_M2_YOY,2023-11,pbc-m2-yoy-2022-12-v4-main,AVAILABLE,RAW_OFFICIAL_VINTAGE,True,1
PBOC_M2_OFFICIAL_RELEASE,MACRO_M2_YOY,2023-12,pbc-m2-yoy-2022-12-v4-main,AVAILABLE,RAW_OFFICIAL_VINTAGE,True,1
PBOC_M2_OFFICIAL_RELEASE,MACRO_M2_YOY,2024-01,pbc-m2-yoy-2022-12-v4-main,AVAILABLE,RAW_OFFICIAL_VINTAGE,True,1
PBOC_M2_OFFICIAL_RELEASE,MACRO_M2_YOY,2024-02,pbc-m2-yoy-2022-12-v4-main,AVAILABLE,RAW_OFFICIAL_VINTAGE,True,1
PBOC_M2_OFFICIAL_RELEASE,MACRO_M2_YOY,2024-03,pbc-m2-yoy-2022-12-v4-main,AVAILABLE,RAW_OFFICIAL_VINTAGE,True,1
PBOC_M2_OFFICIAL_RELEASE,MACRO_M2_YOY,2024-04,pbc-m2-yoy-2022-12-v4-main,AVAILABLE,RAW_OFFICIAL_VINTAGE,True,1
PBOC_M2_OFFICIAL_RELEASE,MACRO_M2_YOY,2024-05,pbc-m2-yoy-2022-12-v4-main,AVAILABLE,RAW_OFFICIAL_VINTAGE,True,1
PBOC_M2_OFFICIAL_RELEASE,MACRO_M2_YOY,2024-06,pbc-m2-yoy-2022-12-v4-main,AVAILABLE,RAW_OFFICIAL_VINTAGE,True,1
PBOC_M2_OFFICIAL_RELEASE,MACRO_M2_YOY,2024-07,pbc-m2-yoy-2022-12-v4-main,AVAILABLE,RAW_OFFICIAL_VINTAGE,True,1
PBOC_M2_OFFICIAL_RELEASE,MACRO_M2_YOY,2024-08,pbc-m2-yoy-2022-12-v4-main,AVAILABLE,RAW_OFFICIAL_VINTAGE,True,1
PBOC_M2_OFFICIAL_RELEASE,MACRO_M2_YOY,2024-09,pbc-m2-yoy-2022-12-v4-main,AVAILABLE,RAW_OFFICIAL_VINTAGE,True,1
PBOC_M2_OFFICIAL_RELEASE,MACRO_M2_YOY,2024-10,pbc-m2-yoy-2022-12-v4-main,AVAILABLE,RAW_OFFICIAL_VINTAGE,True,1
PBOC_M2_OFFICIAL_RELEASE,MACRO_M2_YOY,2024-11,pbc-m2-yoy-2022-12-v4-main,AVAILABLE,RAW_OFFICIAL_VINTAGE,True,1
PBOC_M2_OFFICIAL_RELEASE,MACRO_M2_YOY,2024-12,pbc-m2-yoy-2022-12-v4-main,AVAILABLE,RAW_OFFICIAL_VINTAGE,True,1
PBOC_M2_OFFICIAL_RELEASE,MACRO_M2_YOY,2025-01,pbc-m2-yoy-2022-12-v4-main,MISSING,RELEASE_NOT_LOCATED,False,0
PBOC_M2_OFFICIAL_RELEASE,MACRO_M2_YOY,2025-02,pbc-m2-yoy-2022-12-v4-main,AVAILABLE,RAW_OFFICIAL_VINTAGE,True,1
PBOC_M2_OFFICIAL_RELEASE,MACRO_M2_YOY,2025-03,pbc-m2-yoy-2022-12-v4-main,AVAILABLE,RAW_OFFICIAL_VINTAGE,True,1
PBOC_M2_OFFICIAL_RELEASE,MACRO_M2_YOY,2025-04,pbc-m2-yoy-2022-12-v4-main,AVAILABLE,RAW_OFFICIAL_VINTAGE,True,1
PBOC_M2_OFFICIAL_RELEASE,MACRO_M2_YOY,2025-05,pbc-m2-yoy-2022-12-v4-main,AVAILABLE,RAW_OFFICIAL_VINTAGE,True,1
PBOC_M2_OFFICIAL_RELEASE,MACRO_M2_YOY,2025-06,pbc-m2-yoy-2022-12-v4-main,AVAILABLE,RAW_OFFICIAL_VINTAGE,True,1
PBOC_M2_OFFICIAL_RELEASE,MACRO_M2_YOY,2025-07,pbc-m2-yoy-2022-12-v4-main,AVAILABLE,RAW_OFFICIAL_VINTAGE,True,1
PBOC_M2_OFFICIAL_RELEASE,MACRO_M2_YOY,2025-08,pbc-m2-yoy-2022-12-v4-main,AVAILABLE,RAW_OFFICIAL_VINTAGE,True,1
PBOC_M2_OFFICIAL_RELEASE,MACRO_M2_YOY,2025-09,pbc-m2-yoy-2022-12-v4-main,AVAILABLE,RAW_OFFICIAL_VINTAGE,True,1
PBOC_M2_OFFICIAL_RELEASE,MACRO_M2_YOY,2025-10,pbc-m2-yoy-2022-12-v4-main,AVAILABLE,RAW_OFFICIAL_VINTAGE,True,1
PBOC_M2_OFFICIAL_RELEASE,MACRO_M2_YOY,2025-11,pbc-m2-yoy-2022-12-v4-main,AVAILABLE,RAW_OFFICIAL_VINTAGE,True,1
PBOC_M2_OFFICIAL_RELEASE,MACRO_M2_YOY,2025-12,pbc-m2-yoy-2022-12-v4-main,AVAILABLE,RAW_OFFICIAL_VINTAGE,True,1
PBOC_M2_OFFICIAL_RELEASE,MACRO_M2_YOY,2026-01,pbc-m2-yoy-2022-12-v4-main,AVAILABLE,RAW_OFFICIAL_VINTAGE,True,1
PBOC_M2_OFFICIAL_RELEASE,MACRO_M2_YOY,2026-02,pbc-m2-yoy-2022-12-v4-main,AVAILABLE,RAW_OFFICIAL_VINTAGE,True,1
PBOC_M2_OFFICIAL_RELEASE,MACRO_M2_YOY,2026-03,pbc-m2-yoy-2022-12-v4-main,AVAILABLE,RAW_OFFICIAL_VINTAGE,True,1
PBOC_M2_OFFICIAL_RELEASE,MACRO_M2_YOY,2026-04,pbc-m2-yoy-2022-12-v4-main,AVAILABLE,RAW_OFFICIAL_VINTAGE,True,1
PBOC_M2_OFFICIAL_RELEASE,MACRO_M2_YOY,2026-05,pbc-m2-yoy-2022-12-v4-main,AVAILABLE,RAW_OFFICIAL_VINTAGE,True,1
PBOC_M2_OFFICIAL_RELEASE,MACRO_M2_YOY,2026-06,pbc-m2-yoy-2022-12-v4-main,AVAILABLE,RAW_OFFICIAL_VINTAGE,True,1
PBOC_M2_OFFICIAL_RELEASE,MACRO_M2_YOY,2026-07,pbc-m2-yoy-2022-12-v4-main,AVAILABLE,RAW_OFFICIAL_VINTAGE,True,1
PBOC_M2_OFFICIAL_RELEASE,MACRO_M2_YOY,2026-08,pbc-m2-yoy-2022-12-v4-main,MISSING,RELEASE_NOT_LOCATED,False,0
