observationId,metricId,valueDate,value,unit,sourceDefinitionId,releaseAvailableAt,revisionSequence,supersedesObservationId,rawArtifactId,releaseKind
obs-pbc-d8db68faa915c2e6df14b225c3bf2d5486b20a6b252dcaf098be62d5baeec2a8,MACRO_AFRE_STOCK_BALANCE,2014-12,122.86,万亿元,pbc-afre-stock-balance-2015-v1,2015-02-10T16:31:12+08:00,0,,artifact-r2-24e25d23e390cbb303b2b98e159860524d8bb9236ec74c0cb0704678ca43919d,BACKCAST
obs-pbc-e62ec5fcf8aba682e0b17a9a197278ba4aec8af83b293b7faa8867bb5364d70f,MACRO_AFRE_STOCK_BALANCE,2015-03,127.52,万亿元,pbc-afre-stock-balance-2015-v1,2015-04-21T15:59:57+08:00,0,,artifact-r2-218a4f396de829514a4621158496da53cd96e5b26ca7f2c332ed5dd1e53b90eb,FIRST_RELEASE
obs-pbc-3eb20efa76df03372533e8764520481a80b20b122c382115ae612a1b1ae492cc,MACRO_AFRE_STOCK_BALANCE,2015-06,131.58,万亿元,pbc-afre-stock-balance-2015-v1,2015-07-21T15:59:14+08:00,0,,artifact-r2-0e061a5047c32e392641ebb69f6a7649ad69234ea3acb8a22cfcdb2299198b53,FIRST_RELEASE
obs-pbc-a4aaa0b003e6bfe668c1ecbc4f6df0a2b0c3f4ef956282fdcca41bdf762c617b,MACRO_AFRE_STOCK_BALANCE,2015-09,134.7,万亿元,pbc-afre-stock-balance-2015-v1,2015-10-27T15:25:17+08:00,0,,artifact-r2-9de99ec464c6859d03c6e7317b556b6ef38a05f86ad722ac458f6161f3208487,FIRST_RELEASE
obs-pbc-2c79ec289f0752c6f28a188e49c673a0054d6bf78368a9a8491b8a7a0bd99711,MACRO_AFRE_STOCK_BALANCE,2015-12,138.14,万亿元,pbc-afre-stock-balance-2015-v1,2016-01-21T16:00:00+08:00,0,,artifact-r2-7a21d4c24eb637b9fbcc46eb7f0311eb214bd9c21051662609a2dd786577c345,FIRST_RELEASE
obs-pbc-59e791b98d1d01a107e5e063e0adbc7418c9ff93d3460a76ce0473661012d0d9,MACRO_AFRE_STOCK_BALANCE,2016-01,141.57,万亿元,pbc-afre-stock-balance-2015-v1,2016-02-23T16:00:00+08:00,0,,artifact-r2-79439921198a61a784aa618ecdd4990485ed42e932d156e8afaaf4ea08333233,FIRST_RELEASE
obs-pbc-55c721883645d950ccb1cb362b7aa714e4b47a90b9dffe604d80dc16c7fb9ed7,MACRO_AFRE_STOCK_BALANCE,2016-03,144.75,万亿元,pbc-afre-stock-balance-2015-v1,2016-04-15T10:00:20+08:00,0,,artifact-r2-6cb6080f30c150885886216168734ee962332e063d3c31a2093afbccaf3f8a70,FIRST_RELEASE
obs-pbc-5e2775481865cd101bc89dc24bf7097f2c850a1c586872a77d67cb20a2ef6d15,MACRO_AFRE_STOCK_BALANCE,2016-04,145.59,万亿元,pbc-afre-stock-balance-2015-v1,2016-05-13T16:00:10+08:00,0,,artifact-r2-b2174414023f7f4304be472de304602f385dc94773dbc528abbb83d62aeafe5c,FIRST_RELEASE
obs-pbc-1091c7784d26634ae0787ca581c7a47140a118dcd04dc14429739e282c898f43,MACRO_AFRE_STOCK_BALANCE,2016-05,146.33,万亿元,pbc-afre-stock-balance-2015-v1,2016-06-15T16:00:42+08:00,0,,artifact-r2-8ec7065f734f8533516682942b2f71c8cf8039cc958eb2178d92b67232e52fe8,FIRST_RELEASE
obs-pbc-1cab5b64c1ee2af36188a1931fb98ab7338dfde82cfdf5dd964db7f363697149,MACRO_AFRE_STOCK_BALANCE,2016-06,147.94,万亿元,pbc-afre-stock-balance-2015-v1,2016-07-15T10:00:01+08:00,0,,artifact-r2-28f8f7a9df7b019f1ba0ba924120416db6cc73f6e3223d9fed367fa4ccf2659d,FIRST_RELEASE
obs-pbc-18c0c29dd13da003f94f42c8d44b04912ef18bb22aa933fa79d69d868a16c463,MACRO_AFRE_STOCK_BALANCE,2016-07,148.38,万亿元,pbc-afre-stock-balance-2015-v1,2016-08-12T16:00:10+08:00,0,,artifact-r2-9c91b179dddeb20360696c47ec2d640a0855702424fa09afbf61a95bd1a32065,FIRST_RELEASE
obs-pbc-6788046127d97e365b525fef85fa3f2ea3b29decf29e24e97a36d7b825d43ae1,MACRO_AFRE_STOCK_BALANCE,2016-08,149.83,万亿元,pbc-afre-stock-balance-2015-v1,2016-09-14T16:00:10+08:00,0,,artifact-r2-7cb0e4b7cdfc8868c0e3cf85c31c783947f9282e60bbedaaa7e13c63d4325e4b,FIRST_RELEASE
obs-pbc-649a2b96176083a5834b9f307e7ef14d49851ba8b45826f33481db30229f9128,MACRO_AFRE_STOCK_BALANCE,2016-09,151.51,万亿元,pbc-afre-stock-balance-2015-v1,2016-10-18T15:00:10+08:00,0,,artifact-r2-590da6dea86cfd139fa758a3453ed32c321fd382f2f99d66c3cecbc1ef8d12e1,FIRST_RELEASE
obs-pbc-c2de213b876dc726c82728c86f98f10828a15ad0a188c1b8ba8f5cb5a8f17f3e,MACRO_AFRE_STOCK_BALANCE,2016-10,152.41,万亿元,pbc-afre-stock-balance-2015-v1,2016-11-11T16:30:10+08:00,0,,artifact-r2-075c9fadca92a3664da9302135fedd3a81ce0ed488f5285afd604fd37c9189e6,FIRST_RELEASE
obs-pbc-94d9949d6d245dfdef3753fc5fd66aaaa69e79c67a29cb1a45ee1509b3acd369,MACRO_AFRE_STOCK_BALANCE,2016-11,154.36,万亿元,pbc-afre-stock-balance-2015-v1,2016-12-14T15:00:01+08:00,0,,artifact-r2-039f975a1b971c6fa58ffb43c89d79d2b9cf472281b275a018d5a06787c9b195,FIRST_RELEASE
obs-pbc-41af330f3c47c2949b42550d9d5e4df51e6ae017954238b6ecd6ed89214aa0aa,MACRO_AFRE_STOCK_BALANCE,2016-12,155.99,万亿元,pbc-afre-stock-balance-2015-v1,2017-01-12T17:00:10+08:00,0,,artifact-r2-b44284cea4267a829847ca759c1b08df53a036439e7c49438ed120ac9758a91a,FIRST_RELEASE
obs-pbc-c5be8f976603d56d2877cfa9d5b906e439f57a6dbf9aeab343401bb7e9aa6f27,MACRO_AFRE_STOCK_BALANCE,2017-01,159.65,万亿元,pbc-afre-stock-balance-2015-v1,2017-02-14T17:00:00+08:00,0,,artifact-r2-6b79f8075ec98ec764ac9108ec9427c368bc0c3d08abb66164c692c44c3a3a97,FIRST_RELEASE
obs-pbc-fa9bb07317c20d27b6d3189546ba19e57f475b18952d289d8c121fe8aa72c1a0,MACRO_AFRE_STOCK_BALANCE,2017-01,161.3437,万亿元,pbc-afre-stock-balance-2018-07-backcast-v1,2018-08-13T19:25:12+08:00,1,obs-pbc-c5be8f976603d56d2877cfa9d5b906e439f57a6dbf9aeab343401bb7e9aa6f27,artifact-r2-5891fa8c3962a9b279a39b52b15333394c6a4948b4a347f934beba7685dae60d,BACKCAST
obs-pbc-be771c34569f051468c31a2a25f19fd9eb82f58354f0026d64060598d2d39fa2,MACRO_AFRE_STOCK_BALANCE,2017-01,164.8295,万亿元,pbc-afre-stock-balance-2018-09-backcast-v1,2018-10-17T16:00:01+08:00,2,obs-pbc-fa9bb07317c20d27b6d3189546ba19e57f475b18952d289d8c121fe8aa72c1a0,artifact-r2-8ea1cee4cc4eb710ec4d4c1d42641971390e7de3231266b5b73825259230e2d5,BACKCAST
obs-pbc-af21bd3edf0da942483bb1cc75822ec58a5336eb6ad6a9cdc6b7617f0f8b05f4,MACRO_AFRE_STOCK_BALANCE,2017-01,164.9891,万亿元,pbc-afre-stock-balance-2019-09-backcast-v1,2019-10-15T16:30:02+08:00,3,obs-pbc-be771c34569f051468c31a2a25f19fd9eb82f58354f0026d64060598d2d39fa2,artifact-r2-8276b3e14aa1c318d758f9ba4444b0211f2c2c6919e0c11af2b7273e599cecee,BACKCAST
obs-pbc-d28e7f9fd82f4a4b6c5f4a8a3e4b66d742516d8f3d23e1b15ae346189e8be56e,MACRO_AFRE_STOCK_BALANCE,2017-02,160.73,万亿元,pbc-afre-stock-balance-2015-v1,2017-03-09T17:00:00+08:00,0,,artifact-r2-795a65a95cb61c563a3c3ad0baf8e6d5a221fedbf2a10dbdb62eada43b5648b5,FIRST_RELEASE
obs-pbc-00523fc6fbc0a46ad45d63f33f43ab438baebd5284b82ee7072008727a329e99,MACRO_AFRE_STOCK_BALANCE,2017-02,162.4434,万亿元,pbc-afre-stock-balance-2018-07-backcast-v1,2018-08-13T19:25:12+08:00,1,obs-pbc-d28e7f9fd82f4a4b6c5f4a8a3e4b66d742516d8f3d23e1b15ae346189e8be56e,artifact-r2-ca3a05ffc0ad74e95916b9bebc31a0a48a4cc1c61865f3fb89adecb9d8bd7d99,BACKCAST
obs-pbc-c27e32ded66ee41a257c249b5bdbd74894db75241a34d266d5c470a3f3090a9e,MACRO_AFRE_STOCK_BALANCE,2017-02,165.9291,万亿元,pbc-afre-stock-balance-2018-09-backcast-v1,2018-10-17T16:00:01+08:00,2,obs-pbc-00523fc6fbc0a46ad45d63f33f43ab438baebd5284b82ee7072008727a329e99,artifact-r2-a242d748d8af6a348fdbaf4ea5220b3285fd1f376d1220763425b43635d22dd1,BACKCAST
obs-pbc-633b90184f7369e01469065156c680f423a491f7e1b9c2232fa24d08ec2831fb,MACRO_AFRE_STOCK_BALANCE,2017-02,166.1124,万亿元,pbc-afre-stock-balance-2019-09-backcast-v1,2019-10-15T16:30:02+08:00,3,obs-pbc-c27e32ded66ee41a257c249b5bdbd74894db75241a34d266d5c470a3f3090a9e,artifact-r2-3b81edd2fd5b1c5f8320257739ef929eeef06296c9b1c9bc8477c487aee311f3,BACKCAST
obs-pbc-35180097d4a151b5d73be6c30b1f6ab1588b6da9216273d2233526d5893919b6,MACRO_AFRE_STOCK_BALANCE,2017-03,162.82,万亿元,pbc-afre-stock-balance-2015-v1,2017-04-14T15:00:00+08:00,0,,artifact-r2-6c863ba48df9615ea0c8f5952e7985df63aaeee6481e9ea33e4c2ed0a9b45b32,FIRST_RELEASE
obs-pbc-2c942a25ec40229436ead819539c233d5167ff1a58df2ba5e97a555dbd48cddc,MACRO_AFRE_STOCK_BALANCE,2017-03,164.64700000000002,万亿元,pbc-afre-stock-balance-2018-07-backcast-v1,2018-08-13T19:25:12+08:00,1,obs-pbc-35180097d4a151b5d73be6c30b1f6ab1588b6da9216273d2233526d5893919b6,artifact-r2-138dc42c9d63ab9756c8c407e2ab2da41efb49cd7e9158788e9891a99b4d903c,BACKCAST
obs-pbc-dc5882a68e50acd580b8e8cced7b7d35d0cbd9ab9a41a0e71890bde0f23b5de1,MACRO_AFRE_STOCK_BALANCE,2017-03,168.3133,万亿元,pbc-afre-stock-balance-2018-09-backcast-v1,2018-10-17T16:00:01+08:00,2,obs-pbc-2c942a25ec40229436ead819539c233d5167ff1a58df2ba5e97a555dbd48cddc,artifact-r2-67832b06ba1e6239658b27cfb3c3744a601b53dd16cd6c710d6ff91059cf333d,BACKCAST
obs-pbc-c6c550d1f33be50c01ff74afb660e33409972edd3a822dc700f4885958f92a7f,MACRO_AFRE_STOCK_BALANCE,2017-03,168.5104,万亿元,pbc-afre-stock-balance-2019-09-backcast-v1,2019-10-15T16:30:02+08:00,3,obs-pbc-dc5882a68e50acd580b8e8cced7b7d35d0cbd9ab9a41a0e71890bde0f23b5de1,artifact-r2-57ce7c19b1a9b5c62e7f591c660d448bad5effb849ec11e89496079aa274fad7,BACKCAST
obs-pbc-fdc2af533b75529d7299910d789863c3287efb9d192d03652cf7695db6c7d6b9,MACRO_AFRE_STOCK_BALANCE,2017-04,164.2,万亿元,pbc-afre-stock-balance-2015-v1,2017-05-12T16:00:00+08:00,0,,artifact-r2-b60fb70b21d63be67a6c71ca058b949852972ce0228c1338a203ec46f715e2f2,FIRST_RELEASE
obs-pbc-55c3a67e9ea7a6637d74e794a3b95166ca5bbc4c8074f79f9493dc7ae997c51a,MACRO_AFRE_STOCK_BALANCE,2017-04,165.96640000000002,万亿元,pbc-afre-stock-balance-2018-07-backcast-v1,2018-08-13T19:25:12+08:00,1,obs-pbc-fdc2af533b75529d7299910d789863c3287efb9d192d03652cf7695db6c7d6b9,artifact-r2-64c925ddad2c6d1d041361b6d8a5f19ea324dbd67811fa9420cb98091a60a174,BACKCAST
obs-pbc-ec3fedae3d18e370b6d00181cce529542a2fdc396145db497095bcda69152d18,MACRO_AFRE_STOCK_BALANCE,2017-04,169.8347,万亿元,pbc-afre-stock-balance-2018-09-backcast-v1,2018-10-17T16:00:01+08:00,2,obs-pbc-55c3a67e9ea7a6637d74e794a3b95166ca5bbc4c8074f79f9493dc7ae997c51a,artifact-r2-8cb86484342e328e1d0b0773678e40611bd67870d8e1d92a7f1d07f6b65d5d7e,BACKCAST
obs-pbc-498ed470a3c73dfa0691b2c4166aa1c417f6bc4f2e376ea289d6b69e3187d407,MACRO_AFRE_STOCK_BALANCE,2017-04,170.0444,万亿元,pbc-afre-stock-balance-2019-09-backcast-v1,2019-10-15T16:30:02+08:00,3,obs-pbc-ec3fedae3d18e370b6d00181cce529542a2fdc396145db497095bcda69152d18,artifact-r2-7617e699cad242ecab97b6c4ad3793a109ce35eefbd41ca913ec51e75522b6e9,BACKCAST
obs-pbc-fd0fefda8428913bdb797a989500b193c63c4f3bd742ae6338eb0ce06003436e,MACRO_AFRE_STOCK_BALANCE,2017-05,165.2,万亿元,pbc-afre-stock-balance-2015-v1,2017-06-14T17:05:00+08:00,0,,artifact-r2-bcaaca59387018196a4a4a68a3a89010c69a9bcd815a22dd29e0962f76d71589,FIRST_RELEASE
obs-pbc-533f762cdf3394ec2610ac4fd44418ee1fc79db95275e4fc18578f7f89c76164,MACRO_AFRE_STOCK_BALANCE,2017-05,167.0461,万亿元,pbc-afre-stock-balance-2018-07-backcast-v1,2018-08-13T19:25:12+08:00,1,obs-pbc-fd0fefda8428913bdb797a989500b193c63c4f3bd742ae6338eb0ce06003436e,artifact-r2-cd7c17378a02eb5314a3f77bc24b585350cbd90d2d86bb2f45b26aee2d532f74,BACKCAST
obs-pbc-3505e36799650605488d315e47ae538c53433ef13185720cb34c1b147f6ea133,MACRO_AFRE_STOCK_BALANCE,2017-05,171.1078,万亿元,pbc-afre-stock-balance-2018-09-backcast-v1,2018-10-17T16:00:01+08:00,2,obs-pbc-533f762cdf3394ec2610ac4fd44418ee1fc79db95275e4fc18578f7f89c76164,artifact-r2-672733437072e184154857cc193ab81a5bbc710342aacf757d0d24ffa34f35a9,BACKCAST
obs-pbc-a28d8626786a8157c37d34e775f2ab72580c450e3c36cd7e455188074d4df15f,MACRO_AFRE_STOCK_BALANCE,2017-05,171.33020000000002,万亿元,pbc-afre-stock-balance-2019-09-backcast-v1,2019-10-15T16:30:02+08:00,3,obs-pbc-3505e36799650605488d315e47ae538c53433ef13185720cb34c1b147f6ea133,artifact-r2-dba43caf2d777f45593de99eeae84bea9d53b5c7efa64e58e025e6257c3e00fb,BACKCAST
obs-pbc-d2796571f31640aff9597211314b3a60d212871e3b831e2b762c921bf8df2728,MACRO_AFRE_STOCK_BALANCE,2017-06,166.92,万亿元,pbc-afre-stock-balance-2015-v1,2017-07-12T16:00:00+08:00,0,,artifact-r2-cb8f7f93bd7b64a4c3dc57f437e186619fd95aafaba13fb1f79206195f8b563c,FIRST_RELEASE
obs-pbc-fea9ed57561df94101b246624647fe4f254fc760bc44eaad2cd93761595007ec,MACRO_AFRE_STOCK_BALANCE,2017-06,168.8848,万亿元,pbc-afre-stock-balance-2018-07-backcast-v1,2018-08-13T19:25:12+08:00,1,obs-pbc-d2796571f31640aff9597211314b3a60d212871e3b831e2b762c921bf8df2728,artifact-r2-29de04092dde8602fff216c90e32d4522da3fcded805c8233d6548c65fe8a1c6,BACKCAST
obs-pbc-82ddfc5bfc011c44057ef9d20c554cb017fc57fdc806fa33164973a02113a264,MACRO_AFRE_STOCK_BALANCE,2017-06,173.1455,万亿元,pbc-afre-stock-balance-2018-09-backcast-v1,2018-10-17T16:00:01+08:00,2,obs-pbc-fea9ed57561df94101b246624647fe4f254fc760bc44eaad2cd93761595007ec,artifact-r2-5b8539fa666a54d0da24dd65fcba31decd5fa002fa5e759630cf962548d3179d,BACKCAST
obs-pbc-73d4136dbeae2b393c4864e98e0cda0f3384da8354d52ab4a63fa56a9de70bde,MACRO_AFRE_STOCK_BALANCE,2017-06,173.38500000000002,万亿元,pbc-afre-stock-balance-2019-09-backcast-v1,2019-10-15T16:30:02+08:00,3,obs-pbc-82ddfc5bfc011c44057ef9d20c554cb017fc57fdc806fa33164973a02113a264,artifact-r2-261ff543fd5fadd955d6ed52f38d652a31d8d71fe2abda4f51b6b8e2a89c4a2e,BACKCAST
obs-pbc-b3b8a7fb91ad20cfb0403dde009072615acef096383376bd5709e990d62165ae,MACRO_AFRE_STOCK_BALANCE,2017-07,168.01,万亿元,pbc-afre-stock-balance-2015-v1,2017-08-15T16:00:00+08:00,0,,artifact-r2-e5a92acf59ce598bcba969361d03f87d86cf5c35c4a36dc618d9c42159beafd1,FIRST_RELEASE
obs-pbc-9d7cdfdc3bada2a16e7f401a5b56f853e283a95ada38e26378843e3a992773e2,MACRO_AFRE_STOCK_BALANCE,2017-07,169.9453,万亿元,pbc-afre-stock-balance-2018-07-backcast-v1,2018-08-13T19:25:12+08:00,1,obs-pbc-b3b8a7fb91ad20cfb0403dde009072615acef096383376bd5709e990d62165ae,artifact-r2-5679c9354d020cd6c34a29c416f8c08cd657f2b1514115389d7a93f57b27105a,BACKCAST
obs-pbc-07c71fc46787491425103461fa8c44d8a4f6b25be51c1e35e6a7d143ffbcec51,MACRO_AFRE_STOCK_BALANCE,2017-07,174.5387,万亿元,pbc-afre-stock-balance-2018-09-backcast-v1,2018-10-17T16:00:01+08:00,2,obs-pbc-9d7cdfdc3bada2a16e7f401a5b56f853e283a95ada38e26378843e3a992773e2,artifact-r2-a2ba3f87035d394a95dd0240729e3727bc4ad6c7b16e86591a0ddd469f2ac797,BACKCAST
obs-pbc-f63c96306adf60cf3b6cd1c47936ba153d15af2f5d7f8298400496a620c1e111,MACRO_AFRE_STOCK_BALANCE,2017-07,174.7827,万亿元,pbc-afre-stock-balance-2019-09-backcast-v1,2019-10-15T16:30:02+08:00,3,obs-pbc-07c71fc46787491425103461fa8c44d8a4f6b25be51c1e35e6a7d143ffbcec51,artifact-r2-69b92dcb8186aa8620910fd90256d35ddc5ce577679974569e99e078d103a55b,BACKCAST
obs-pbc-f1e9e8d83ec25eee7ad5d6770740e9e4ad8cb557f9d6b8522704a2ce7e5bcd09,MACRO_AFRE_STOCK_BALANCE,2017-08,169.41,万亿元,pbc-afre-stock-balance-2015-v1,2017-09-15T16:00:00+08:00,0,,artifact-r2-5df9ad32a5d12dc2fd24f4ceab2a4a1b59b9ddecd99a3c3d553ffcd71bdeb8ce,FIRST_RELEASE
obs-pbc-aefa250e9b612f1631f0fab526471a9cd61c426cd950abd93215e28f2db1fc7f,MACRO_AFRE_STOCK_BALANCE,2017-08,171.4207,万亿元,pbc-afre-stock-balance-2018-07-backcast-v1,2018-08-13T19:25:12+08:00,1,obs-pbc-f1e9e8d83ec25eee7ad5d6770740e9e4ad8cb557f9d6b8522704a2ce7e5bcd09,artifact-r2-72ba6f85adfe1a6be30349ffe0f548ed9f3d7c92b1560cd15cd5cb7ccfefc930,BACKCAST
obs-pbc-b1278ce58f99c2e08e32ca7979f58f75b0c855f422e416e650e86c3c172153b6,MACRO_AFRE_STOCK_BALANCE,2017-08,176.2064,万亿元,pbc-afre-stock-balance-2018-09-backcast-v1,2018-10-17T16:00:01+08:00,2,obs-pbc-aefa250e9b612f1631f0fab526471a9cd61c426cd950abd93215e28f2db1fc7f,artifact-r2-0714a7a5af593da2d22d205ce7210f611121cc2c989d8432f02b8ed6592b8012,BACKCAST
obs-pbc-c262c813f4067025be823e3046301e5c7fd3b76df35a595e766c5f9197b96067,MACRO_AFRE_STOCK_BALANCE,2017-08,176.49530000000001,万亿元,pbc-afre-stock-balance-2019-09-backcast-v1,2019-10-15T16:30:02+08:00,3,obs-pbc-b1278ce58f99c2e08e32ca7979f58f75b0c855f422e416e650e86c3c172153b6,artifact-r2-efbcaab58b44ee42ad75efcc3166b8fc4eedf1e9189e3f6716fd3279ffc31cad,BACKCAST
obs-pbc-c2faf014f83d0cebf1df88e9504482e07263ae09e6acf555bcf6b7d79b7c2d1e,MACRO_AFRE_STOCK_BALANCE,2017-09,171.23,万亿元,pbc-afre-stock-balance-2015-v1,2017-10-14T10:00:00+08:00,0,,artifact-r2-ed887fcf56879334b57edbb87e19841895111abe5fa95fa54e1a3cacd0de83e0,FIRST_RELEASE
obs-pbc-05a0184c79d70f7ba90b0deadecbc613309689e557951e56fbb344348c2385f5,MACRO_AFRE_STOCK_BALANCE,2017-09,173.3625,万亿元,pbc-afre-stock-balance-2018-07-backcast-v1,2018-08-13T19:25:12+08:00,1,obs-pbc-c2faf014f83d0cebf1df88e9504482e07263ae09e6acf555bcf6b7d79b7c2d1e,artifact-r2-8767b9e72f7a5928deb29d4e2f241e5d939ea6d0ea8b85a488b627ba27bee518,BACKCAST
obs-pbc-14c3ac042934ef9ede4865fd66b7cfd5030b9a8a3187f73192dcfd060abcc463,MACRO_AFRE_STOCK_BALANCE,2017-09,178.3999,万亿元,pbc-afre-stock-balance-2018-09-backcast-v1,2018-10-17T16:00:01+08:00,2,obs-pbc-05a0184c79d70f7ba90b0deadecbc613309689e557951e56fbb344348c2385f5,artifact-r2-d85cc93a2f380e7507f54f76bbe650afa2b69349af952b36315ceaddf5df77b6,BACKCAST
obs-pbc-d34bb676b358bf6e5f47707bc37b89c2e7cf38b1e0f967aa96b7af278e64cbe8,MACRO_AFRE_STOCK_BALANCE,2017-09,178.6912,万亿元,pbc-afre-stock-balance-2019-09-backcast-v1,2019-10-15T16:30:02+08:00,3,obs-pbc-14c3ac042934ef9ede4865fd66b7cfd5030b9a8a3187f73192dcfd060abcc463,artifact-r2-b5c7a717a897f6684ae8857e125c10cdaad8dde5f13ce6b1cb099a36a01984c7,BACKCAST
obs-pbc-1b8422c540b80a2d9645d6968b03ec80fa387731339dc7be85af4c503f81117e,MACRO_AFRE_STOCK_BALANCE,2017-10,172.21,万亿元,pbc-afre-stock-balance-2015-v1,2017-11-13T16:00:00+08:00,0,,artifact-r2-450633d898c88edd07d3df206e6dce984cf97d8c25b462ac90df1137190223e2,FIRST_RELEASE
obs-pbc-7dd7745634811b0bb1ac8d9c8067679a9436a520fd67a7ea16aabf68af5ab2ee,MACRO_AFRE_STOCK_BALANCE,2017-10,174.36360000000002,万亿元,pbc-afre-stock-balance-2018-07-backcast-v1,2018-08-13T19:25:12+08:00,1,obs-pbc-1b8422c540b80a2d9645d6968b03ec80fa387731339dc7be85af4c503f81117e,artifact-r2-566e0ce0248f5586208da79eae2e485279c77648bac5e4b8fb984f7687467cc0,BACKCAST
obs-pbc-6ad22f69fe2b7fcc0885b3335a6466db4395405c81e6e631d86335b95e7b0785,MACRO_AFRE_STOCK_BALANCE,2017-10,179.5324,万亿元,pbc-afre-stock-balance-2018-09-backcast-v1,2018-10-17T16:00:01+08:00,2,obs-pbc-7dd7745634811b0bb1ac8d9c8067679a9436a520fd67a7ea16aabf68af5ab2ee,artifact-r2-4b6af009f602741e3d83e2c0b87818a5623036c6cd982da1bd9c27e821446527,BACKCAST
obs-pbc-49344f4bf5ff7374658beadbbe6fab32a9466939e4bab5290223f2175ad43500,MACRO_AFRE_STOCK_BALANCE,2017-10,179.8449,万亿元,pbc-afre-stock-balance-2019-09-backcast-v1,2019-10-15T16:30:02+08:00,3,obs-pbc-6ad22f69fe2b7fcc0885b3335a6466db4395405c81e6e631d86335b95e7b0785,artifact-r2-ac74c0619f5a190fc34709bf688c5e442cb8d22500c841ad36fb3f7509a35f00,BACKCAST
obs-pbc-94e29b59f2f78f72d635c875124535f951523ccd358b3e449683cb4a1844b380,MACRO_AFRE_STOCK_BALANCE,2017-11,173.67,万亿元,pbc-afre-stock-balance-2015-v1,2017-12-11T17:00:00+08:00,0,,artifact-r2-d6fa11d3935b7a3b77ccf776759330504edc9d65ef40547dfe66a620024eac7a,FIRST_RELEASE
obs-pbc-8d9ea9be171755ba51c68f866f88d8790f539af5832d5e848e10d9ed49ed986b,MACRO_AFRE_STOCK_BALANCE,2017-11,175.98680000000002,万亿元,pbc-afre-stock-balance-2018-07-backcast-v1,2018-08-13T19:25:12+08:00,1,obs-pbc-94e29b59f2f78f72d635c875124535f951523ccd358b3e449683cb4a1844b380,artifact-r2-b2115242a60f6bb36ab72471e162a393c7d9410d4ffe14c7af1cd0bec7cc80eb,BACKCAST
obs-pbc-4efc33385fb6d22cc66c165547fb7abb9c0e6fd92655d0d9378e494f9b3c2469,MACRO_AFRE_STOCK_BALANCE,2017-11,181.3838,万亿元,pbc-afre-stock-balance-2018-09-backcast-v1,2018-10-17T16:00:01+08:00,2,obs-pbc-8d9ea9be171755ba51c68f866f88d8790f539af5832d5e848e10d9ed49ed986b,artifact-r2-8eb82d615ee5454658cc5b1b2aaeb06580bcfd1b8f3449ce9650814d2ec663a2,BACKCAST
obs-pbc-54e93e9027f33cb8e6466f506b2849d6ac18becb6a2c87d78cc35a0b11411b01,MACRO_AFRE_STOCK_BALANCE,2017-11,181.7115,万亿元,pbc-afre-stock-balance-2019-09-backcast-v1,2019-10-15T16:30:02+08:00,3,obs-pbc-4efc33385fb6d22cc66c165547fb7abb9c0e6fd92655d0d9378e494f9b3c2469,artifact-r2-26b9738df46d91f4744ec79fd26100a2cf42dd5230e2599ab5516192581d661e,BACKCAST
obs-pbc-36635364634a71c45ae54d2737fedff056e13f8a31402bbc132f54bc314f525e,MACRO_AFRE_STOCK_BALANCE,2017-12,174.64,万亿元,pbc-afre-stock-balance-2015-v1,2018-01-12T16:00:00+08:00,0,,artifact-r2-f1df278807e9bbb6b265aa6e527a4a90792b340bd935690080e5c5bc58cc8d78,FIRST_RELEASE
obs-pbc-358e646bb5a204564775a2a186da4d68e3c3198832ae28172ee840baf8a9a569,MACRO_AFRE_STOCK_BALANCE,2017-12,177.3872,万亿元,pbc-afre-stock-balance-2018-07-backcast-v1,2018-08-13T19:25:12+08:00,1,obs-pbc-36635364634a71c45ae54d2737fedff056e13f8a31402bbc132f54bc314f525e,artifact-r2-74f7377d4b0ab84a2a3a678f588d2b0309d0991a4f2b3ed0c8f9261453f99f36,BACKCAST
obs-pbc-62cdee37df815e8d9925cbccc6fd8f48655322ccfa83ac24aba38a42b9e01bcc,MACRO_AFRE_STOCK_BALANCE,2017-12,182.8692,万亿元,pbc-afre-stock-balance-2018-09-backcast-v1,2018-10-17T16:00:01+08:00,2,obs-pbc-358e646bb5a204564775a2a186da4d68e3c3198832ae28172ee840baf8a9a569,artifact-r2-7ad6bbe572b09a5ba0d2c8036935de668bad6b9f0be704751b14056f7eda96bb,BACKCAST
obs-pbc-282989715ea2c3259e0cff2760f630f7d40ea7e5621f82abaefe4720ec9afb2b,MACRO_AFRE_STOCK_BALANCE,2017-12,183.2379,万亿元,pbc-afre-stock-balance-2019-09-backcast-v1,2019-10-15T16:30:02+08:00,3,obs-pbc-62cdee37df815e8d9925cbccc6fd8f48655322ccfa83ac24aba38a42b9e01bcc,artifact-r2-da1bc20cdd4235b644e8d2d5ff1e094c0b496853d44829a9098ff1035f2daee7,BACKCAST
obs-pbc-0804be39e94907f6efc7b3ea4e1d6642bee0f233589acb448d21de595d6138c4,MACRO_AFRE_STOCK_BALANCE,2018-01,177.6,万亿元,pbc-afre-stock-balance-2015-v1,2018-02-12T17:00:01+08:00,0,,artifact-r2-0c5261ac41e91b26ab2ab1ed248003c740750373579b2f0e6af0835bbb5e3ac6,FIRST_RELEASE
obs-pbc-f948c454222c6b4b3bdd064a15c2f66e7b21f21003534da428a68d9ab738326b,MACRO_AFRE_STOCK_BALANCE,2018-01,180.2896,万亿元,pbc-afre-stock-balance-2018-07-backcast-v1,2018-08-13T19:25:12+08:00,1,obs-pbc-0804be39e94907f6efc7b3ea4e1d6642bee0f233589acb448d21de595d6138c4,artifact-r2-0843ca71104bf6e5fad0488710d391c176d4493a8b858a847ef5f8dae8f7cdeb,BACKCAST
obs-pbc-0e9c21a1a5d272c323d3c54cab373d5b12e57191eeb44b99888372a7699d968c,MACRO_AFRE_STOCK_BALANCE,2018-01,185.7716,万亿元,pbc-afre-stock-balance-2018-09-backcast-v1,2018-10-17T16:00:01+08:00,2,obs-pbc-f948c454222c6b4b3bdd064a15c2f66e7b21f21003534da428a68d9ab738326b,artifact-r2-adb81b9610674f092131973a02df261f53396f47d8ef44cfe2902462c686cb1b,BACKCAST
obs-pbc-6e40db4971fe3c99e4da55c9e75497bf66607d1fd746255d24ce4524e1dd2f18,MACRO_AFRE_STOCK_BALANCE,2018-01,186.208,万亿元,pbc-afre-stock-balance-2019-09-backcast-v1,2019-10-15T16:30:02+08:00,3,obs-pbc-0e9c21a1a5d272c323d3c54cab373d5b12e57191eeb44b99888372a7699d968c,artifact-r2-1c5f243e4a58782de862bcb6a494f8ff4ae6dcbee03c1b569c2a2570ae5d1895,BACKCAST
obs-pbc-1bbf0ed3df788fbe4666fc9880a700cbe3e136315f847c170ea9e61eb4a8abfc,MACRO_AFRE_STOCK_BALANCE,2018-02,178.73,万亿元,pbc-afre-stock-balance-2015-v1,2018-03-09T09:00:00+08:00,0,,artifact-r2-b9d29e2e597a4b76810a02d410ef0d659a14345b865b02b1830a703d8cbd4252,FIRST_RELEASE
obs-pbc-899a4fb9e1b3b5137c47fb31d2aae86e32c47f13fdc73287b7477e931d59f139,MACRO_AFRE_STOCK_BALANCE,2018-02,181.4317,万亿元,pbc-afre-stock-balance-2018-07-backcast-v1,2018-08-13T19:25:12+08:00,1,obs-pbc-1bbf0ed3df788fbe4666fc9880a700cbe3e136315f847c170ea9e61eb4a8abfc,artifact-r2-d0d2e5326fbc6def84d0f450dee7d6e50b1a9ae4ee794fba34a8e7a551737acd,BACKCAST
obs-pbc-6eb5c5e90064ec8c62bf003468c83360fd15faee937c5e3861789a5a92c8ad37,MACRO_AFRE_STOCK_BALANCE,2018-02,186.92440000000002,万亿元,pbc-afre-stock-balance-2018-09-backcast-v1,2018-10-17T16:00:01+08:00,2,obs-pbc-899a4fb9e1b3b5137c47fb31d2aae86e32c47f13fdc73287b7477e931d59f139,artifact-r2-e62ee7706a83f72119603a17c09228dd8345f07802af1d05be934c385b27e21b,BACKCAST
obs-pbc-a4228199c877ff51a5f1e4e4cb55ef28d06d7f39ee920f0044d956eebced8657,MACRO_AFRE_STOCK_BALANCE,2018-02,187.3698,万亿元,pbc-afre-stock-balance-2019-09-backcast-v1,2019-10-15T16:30:02+08:00,3,obs-pbc-6eb5c5e90064ec8c62bf003468c83360fd15faee937c5e3861789a5a92c8ad37,artifact-r2-99260c5fd29d64214d2e562e5f7377463879b50b9dbac6e94e8265410f157fa1,BACKCAST
obs-pbc-c226c9c01c77fff6b8e8a03aefb1bcf4f1fba2105817abf3fdde5c980d5c4cd1,MACRO_AFRE_STOCK_BALANCE,2018-03,179.93,万亿元,pbc-afre-stock-balance-2015-v1,2018-04-13T16:00:00+08:00,0,,artifact-r2-1139820814fce06b3dc3a7b5a86a4929ee42053a0b772ad7ccc09977ef132186,FIRST_RELEASE
obs-pbc-8e9d82b49bee4d21bffad12c4205fa2d259ac88e31dcb9aa6ae8bdf026f82c38,MACRO_AFRE_STOCK_BALANCE,2018-03,182.8124,万亿元,pbc-afre-stock-balance-2018-07-backcast-v1,2018-08-13T19:25:12+08:00,1,obs-pbc-c226c9c01c77fff6b8e8a03aefb1bcf4f1fba2105817abf3fdde5c980d5c4cd1,artifact-r2-2acb170d6ebd3eebf04b35728ebd60bfc7ea91446f6c7b90a47f0151b36cd995,BACKCAST
obs-pbc-cfe6caadf1410b6bfd6129f2d8c11b5994be8fc73ce47684b2ca203b29ff138d,MACRO_AFRE_STOCK_BALANCE,2018-03,188.37130000000002,万亿元,pbc-afre-stock-balance-2018-09-backcast-v1,2018-10-17T16:00:01+08:00,2,obs-pbc-8e9d82b49bee4d21bffad12c4205fa2d259ac88e31dcb9aa6ae8bdf026f82c38,artifact-r2-10f36387e82aff779917f5f8dd346b5a10ad4c55ed0050d92ccf179196dce23c,BACKCAST
obs-pbc-59671c6fa7a9ce7d51512e4d326a2bd7146ef3a07bfe4c1bbce79a11629e9386,MACRO_AFRE_STOCK_BALANCE,2018-03,188.82420000000002,万亿元,pbc-afre-stock-balance-2019-09-backcast-v1,2019-10-15T16:30:02+08:00,3,obs-pbc-cfe6caadf1410b6bfd6129f2d8c11b5994be8fc73ce47684b2ca203b29ff138d,artifact-r2-a9e759327d747e62b8e5a97d458b455cb7da20c5451198c850c8fc051c649090,BACKCAST
obs-pbc-94c6cb066152a45ee21d1ba764f4ead3669bb97fe533b3c26fa72246ae8783c8,MACRO_AFRE_STOCK_BALANCE,2018-04,181.41,万亿元,pbc-afre-stock-balance-2015-v1,2018-05-11T17:00:00+08:00,0,,artifact-r2-86750a58cd8ddca71a991b7e8b81665094fd912b8bfb0c6e0dca0fd0f861669c,FIRST_RELEASE
obs-pbc-88d9a4c0ba4ff1b65234416e14cc4640ffaf72857bf3d66892eb4a6ac626c0aa,MACRO_AFRE_STOCK_BALANCE,2018-04,184.3822,万亿元,pbc-afre-stock-balance-2018-07-backcast-v1,2018-08-13T19:25:12+08:00,1,obs-pbc-94c6cb066152a45ee21d1ba764f4ead3669bb97fe533b3c26fa72246ae8783c8,artifact-r2-1cb93debfc03d42080515568e6a24cc7d4dc8441ae0e1f870ac96737c8fbc0b8,BACKCAST
obs-pbc-456beccd7051599e7ea9de9b9b5829f845d615984c8d753fc4e396649ab20efd,MACRO_AFRE_STOCK_BALANCE,2018-04,190.02190000000002,万亿元,pbc-afre-stock-balance-2018-09-backcast-v1,2018-10-17T16:00:01+08:00,2,obs-pbc-88d9a4c0ba4ff1b65234416e14cc4640ffaf72857bf3d66892eb4a6ac626c0aa,artifact-r2-160b33fb2f70a2523e3c71985fad31d75f4602b31c9f6e7f424981714859b29d,BACKCAST
obs-pbc-c776b969e96423c382c3ce94f67f718c2733a4948be8d9b3796288a67cc1f983,MACRO_AFRE_STOCK_BALANCE,2018-04,190.4743,万亿元,pbc-afre-stock-balance-2019-09-backcast-v1,2019-10-15T16:30:02+08:00,3,obs-pbc-456beccd7051599e7ea9de9b9b5829f845d615984c8d753fc4e396649ab20efd,artifact-r2-0a99bf6346de3d205c569a6b435c5093323fb98b1228263a07084c2960873bb5,BACKCAST
obs-pbc-773645c45ecb3c5e26fc7666711e80f8a02e97ab195ae130636e5ddef2b67256,MACRO_AFRE_STOCK_BALANCE,2018-05,182.14,万亿元,pbc-afre-stock-balance-2015-v1,2018-06-12T17:00:01+08:00,0,,artifact-r2-221fdd90ee44f5a14aa067a1ca63bbb4cff3f48bb2256ce039cd00ce5f730466,FIRST_RELEASE
obs-pbc-d7d1c7d2c378a885199abc6a0589cbed94c1a53c9b1457e1066257c94514cfe9,MACRO_AFRE_STOCK_BALANCE,2018-05,185.2006,万亿元,pbc-afre-stock-balance-2018-07-backcast-v1,2018-08-13T19:25:12+08:00,1,obs-pbc-773645c45ecb3c5e26fc7666711e80f8a02e97ab195ae130636e5ddef2b67256,artifact-r2-02e8713bfd36392c8cf44d448216ef68d8e968660329e856ce1d392ddb9e0161,BACKCAST
obs-pbc-88678ccf5995a09872bea942fe4df35b91194e92ed7f2f412fc1f6cb9ec038a3,MACRO_AFRE_STOCK_BALANCE,2018-05,190.94140000000002,万亿元,pbc-afre-stock-balance-2018-09-backcast-v1,2018-10-17T16:00:01+08:00,2,obs-pbc-d7d1c7d2c378a885199abc6a0589cbed94c1a53c9b1457e1066257c94514cfe9,artifact-r2-a6fa8d360ed8eac5aa8387754b16f9a652203df043a8a4d1525c19755f57ac7d,BACKCAST
obs-pbc-67f24c53f676b2d6f75620d57205f56321c865f7c13f90b2a25c2df89ab52d9e,MACRO_AFRE_STOCK_BALANCE,2018-05,191.39690000000002,万亿元,pbc-afre-stock-balance-2019-09-backcast-v1,2019-10-15T16:30:02+08:00,3,obs-pbc-88678ccf5995a09872bea942fe4df35b91194e92ed7f2f412fc1f6cb9ec038a3,artifact-r2-801ad42f8dde49500ef772778331c09454d0d23c4b7de643339bc96cc8501ef3,BACKCAST
obs-pbc-79a0f5c50a9baa29629e9a8f3b8403ee6f176142c7c2150c09ad5dac063a7d81,MACRO_AFRE_STOCK_BALANCE,2018-06,183.27,万亿元,pbc-afre-stock-balance-2015-v1,2018-07-13T16:30:00+08:00,0,,artifact-r2-682fa1bffd77985f556e289e4eccdd2e4442819c513b85dfddb93b9eeab8b284,FIRST_RELEASE
obs-pbc-446b812a6df4b4c6848108c9b8b27478ef9c9b00d25e4ab3226d7dcbb8d4617a,MACRO_AFRE_STOCK_BALANCE,2018-06,186.53490000000002,万亿元,pbc-afre-stock-balance-2018-07-backcast-v1,2018-08-13T19:25:12+08:00,1,obs-pbc-79a0f5c50a9baa29629e9a8f3b8403ee6f176142c7c2150c09ad5dac063a7d81,artifact-r2-9d4c88a78053180952e9571e2df685d354852a0a699d6af1808c535a397d06da,BACKCAST
obs-pbc-d717d5d463ac5a81487a11a9bf7e1a84e9ca0cfe3ea61a629aa9efe1d862a0e6,MACRO_AFRE_STOCK_BALANCE,2018-06,192.3668,万亿元,pbc-afre-stock-balance-2018-09-backcast-v1,2018-10-17T16:00:01+08:00,2,obs-pbc-446b812a6df4b4c6848108c9b8b27478ef9c9b00d25e4ab3226d7dcbb8d4617a,artifact-r2-0b0077c50b863c1887e84f793fca21e4fa29e00d6bedf51aa28d17bb53ff6232,BACKCAST
obs-pbc-57b004790034b1461703196fcd5c173351bdd91324b7c8bc6975abd5a935ff3b,MACRO_AFRE_STOCK_BALANCE,2018-06,192.81810000000002,万亿元,pbc-afre-stock-balance-2019-09-backcast-v1,2019-10-15T16:30:02+08:00,3,obs-pbc-d717d5d463ac5a81487a11a9bf7e1a84e9ca0cfe3ea61a629aa9efe1d862a0e6,artifact-r2-e53da09115ff41334dec261e0894a94012ee08169476dc58bc993907cb681c82,BACKCAST
obs-pbc-1dae47a9c41a3f714037b09674f26e20f130bca162306d3eb8757c074f6f25b6,MACRO_AFRE_STOCK_BALANCE,2018-07,187.45,万亿元,pbc-afre-stock-balance-2018-07-v2,2018-08-13T19:25:12+08:00,0,,artifact-r2-c049d24efaaffa0f7fd31e1399d74e7b1416a15acf1d1e5a20e4d603c78849f6,FIRST_RELEASE
obs-pbc-86379882164a35dbb2f1d38c6df8196a369e7e593cc4903cead0da42e35175af,MACRO_AFRE_STOCK_BALANCE,2018-07,193.46040000000002,万亿元,pbc-afre-stock-balance-2018-09-backcast-v1,2018-10-17T16:00:01+08:00,1,obs-pbc-1dae47a9c41a3f714037b09674f26e20f130bca162306d3eb8757c074f6f25b6,artifact-r2-c40b4eba8b37b220678dc12df3135b3d502032f89077bf19b268cc3ee379974e,BACKCAST
obs-pbc-ea4fff33ee6665da7a759b095126df96e4dba77eaad622ef14b8a33b6751c9e7,MACRO_AFRE_STOCK_BALANCE,2018-07,193.9111,万亿元,pbc-afre-stock-balance-2019-09-backcast-v1,2019-10-15T16:30:02+08:00,2,obs-pbc-86379882164a35dbb2f1d38c6df8196a369e7e593cc4903cead0da42e35175af,artifact-r2-d9ad1e4fe587ae8a7ce4c1dd8715a686963a29c57983f001e122a0b1ccf4eafa,BACKCAST
obs-pbc-27d644665e87682fccf20f7e5161ddd402904fef5253cb42db4bc28ce8bdf871,MACRO_AFRE_STOCK_BALANCE,2018-08,188.8,万亿元,pbc-afre-stock-balance-2018-07-v2,2018-09-12T17:00:00+08:00,0,,artifact-r2-0112ac6a1cfea632cbe360ddf325858e5a181d7819cfdf3bb7305d6dd13cca95,FIRST_RELEASE
obs-pbc-ab877ce9fc334286f1bed10f2070f5b26f5eb900b48fd928358c718e41a73acd,MACRO_AFRE_STOCK_BALANCE,2018-08,195.24110000000002,万亿元,pbc-afre-stock-balance-2018-09-backcast-v1,2018-10-17T16:00:01+08:00,1,obs-pbc-27d644665e87682fccf20f7e5161ddd402904fef5253cb42db4bc28ce8bdf871,artifact-r2-02251dbe9303687ca9ee0753ab8909ed629316745124d2de1b764b833f665e34,BACKCAST
obs-pbc-a519e37f15a274e87ad74837b078fdf9a6d7977b6cc72e20078314b6ff8c7e7c,MACRO_AFRE_STOCK_BALANCE,2018-08,195.7057,万亿元,pbc-afre-stock-balance-2019-09-backcast-v1,2019-10-15T16:30:02+08:00,2,obs-pbc-ab877ce9fc334286f1bed10f2070f5b26f5eb900b48fd928358c718e41a73acd,artifact-r2-f376cf119a8c2c5e62226cdced0e54fcbc5c4105cc114b4d0e8787f8de1dbb0a,BACKCAST
obs-pbc-a33f2324741db2096111bc9a6d81e934af069b8be2ade8bdd0a75856a9d2a798,MACRO_AFRE_STOCK_BALANCE,2018-09,197.3,万亿元,pbc-afre-stock-balance-2018-09-v3,2018-10-17T16:00:01+08:00,0,,artifact-r2-5d20575e3dbb27d82210dcf0c1c4e3fecb66dd9ae772757f5527c4cfc275822d,FIRST_RELEASE
obs-pbc-183f5585e9ad2fafc7e0617e1615f7961382147989c1bf314c263030873e4c3c,MACRO_AFRE_STOCK_BALANCE,2018-09,197.6969,万亿元,pbc-afre-stock-balance-2019-09-backcast-v1,2019-10-15T16:30:02+08:00,1,obs-pbc-a33f2324741db2096111bc9a6d81e934af069b8be2ade8bdd0a75856a9d2a798,artifact-r2-b0f06ef9e9123ac49fb7938cd1c12e683a254b870a2d47f266cc0dd38f746fba,BACKCAST
obs-pbc-a71d06b0bc3c4ca199b4156dbe2c21f8a203c4949b0e20bf8ead7932a02f7e08,MACRO_AFRE_STOCK_BALANCE,2018-10,197.89,万亿元,pbc-afre-stock-balance-2018-09-v3,2018-11-13T16:45:01+08:00,0,,artifact-r2-0624b30520a866ebd63814d4cf58a6f536c2dd0b754de8dc7ff87bf9f06ecc45,FIRST_RELEASE
obs-pbc-f526757a2891a789550af4f73a34c5948d97e2c18b763a2495f63b8184672a42,MACRO_AFRE_STOCK_BALANCE,2018-10,198.3246,万亿元,pbc-afre-stock-balance-2019-09-backcast-v1,2019-10-15T16:30:02+08:00,1,obs-pbc-a71d06b0bc3c4ca199b4156dbe2c21f8a203c4949b0e20bf8ead7932a02f7e08,artifact-r2-88cb2a71f2c2416e4502d72db1e76c4c52b4e45768a61a808c4a7b3447f50a31,BACKCAST
obs-pbc-b4a2dfed1e3f1d5f6e8d806c437508f6661f1c3ae69c32cb80aecd325c2ca2ce,MACRO_AFRE_STOCK_BALANCE,2018-11,199.3,万亿元,pbc-afre-stock-balance-2018-09-v3,2018-12-11T17:00:01+08:00,0,,artifact-r2-5a36220dea58446184e5caf26a60d4d28d58e7028f782abd9abc27348cdc3b31,FIRST_RELEASE
obs-pbc-60c3f8e227c34839e41a1edf7bc9f01c66de91aaa7beb2f174b7d09c7ecd1e2e,MACRO_AFRE_STOCK_BALANCE,2018-11,199.80800000000002,万亿元,pbc-afre-stock-balance-2019-09-backcast-v1,2019-10-15T16:30:02+08:00,1,obs-pbc-b4a2dfed1e3f1d5f6e8d806c437508f6661f1c3ae69c32cb80aecd325c2ca2ce,artifact-r2-b21bd83858d3ffa4526543714bc2899d6aaaf456b53cbc458b3672d3b07ae22f,BACKCAST
obs-pbc-a75409d106cf08acff153b9c199ea9d8a240b0503d0dcb4168b0e8cc22720d7a,MACRO_AFRE_STOCK_BALANCE,2018-12,200.75,万亿元,pbc-afre-stock-balance-2018-09-v3,2019-01-15T16:00:01+08:00,0,,artifact-r2-937a6be9592c15f0de8256b8715372c08cadd9721248c9297310cf3e8ea06cbd,FIRST_RELEASE
obs-pbc-5e4e31feab3ecf93604da33bf313e59cad631f359a28514de922ae7def98c6d3,MACRO_AFRE_STOCK_BALANCE,2018-12,201.2958,万亿元,pbc-afre-stock-balance-2019-09-backcast-v1,2019-10-15T16:30:02+08:00,1,obs-pbc-a75409d106cf08acff153b9c199ea9d8a240b0503d0dcb4168b0e8cc22720d7a,artifact-r2-48dd94eb2eca304b33989ccaf5c68b0557722bb240082ff5017745f5ddf814bd,BACKCAST
obs-pbc-642aca245c6270aa7ec33775d30680c75ef19d30b4d8020415a13a0856ef55d7,MACRO_AFRE_STOCK_BALANCE,2019-01,205.08,万亿元,pbc-afre-stock-balance-2018-09-v3,2019-02-15T15:01:00+08:00,0,,artifact-r2-975cdc8d01fe28f036e14d1cd0cb42568db6a217696792a02c5f8e37da08af85,FIRST_RELEASE
obs-pbc-2eae8af9a163f10e0791162924f427007a1406bf79436ffcce00652243e8e676,MACRO_AFRE_STOCK_BALANCE,2019-01,205.7466,万亿元,pbc-afre-stock-balance-2019-09-backcast-v1,2019-10-15T16:30:02+08:00,1,obs-pbc-642aca245c6270aa7ec33775d30680c75ef19d30b4d8020415a13a0856ef55d7,artifact-r2-679564f6fe567fe149336b44b3711fabb36ec3f424cc41398657cf705a121909,BACKCAST
obs-pbc-07a8c7d8ade6318f2af427738a025c12cfc7a0bdff5ba0fb95d63cd0b816a25a,MACRO_AFRE_STOCK_BALANCE,2019-02,205.68,万亿元,pbc-afre-stock-balance-2018-09-v3,2019-03-10T09:00:01+08:00,0,,artifact-r2-4303b9440471897361dd86f8c3eec7fdca810472ec3525e93b32d37a18dee6a7,FIRST_RELEASE
obs-pbc-b5629c8f321b849b0226878cf87370cedbebe34d671f880f1edcb114873ecaab,MACRO_AFRE_STOCK_BALANCE,2019-02,206.35160000000002,万亿元,pbc-afre-stock-balance-2019-09-backcast-v1,2019-10-15T16:30:02+08:00,1,obs-pbc-07a8c7d8ade6318f2af427738a025c12cfc7a0bdff5ba0fb95d63cd0b816a25a,artifact-r2-4f6526bcc61667e6c87f49d3e5195a53f1ce0cf8811f55aaf0091281017bd9bf,BACKCAST
obs-pbc-5348d57609e0388ff387151ae934e65ce089f08d47f5ef99b77054dfa3acced4,MACRO_AFRE_STOCK_BALANCE,2019-03,208.41,万亿元,pbc-afre-stock-balance-2018-09-v3,2019-04-12T16:00:02+08:00,0,,artifact-r2-f09df8567ee791fd74207f3656699fd2b1de2115fa8550a4b18b97a030f51429,FIRST_RELEASE
obs-pbc-f2378a5a4250ef98461476787862f433d58024200071c9f1acea0b78299531f9,MACRO_AFRE_STOCK_BALANCE,2019-03,209.0934,万亿元,pbc-afre-stock-balance-2019-09-backcast-v1,2019-10-15T16:30:02+08:00,1,obs-pbc-5348d57609e0388ff387151ae934e65ce089f08d47f5ef99b77054dfa3acced4,artifact-r2-33f1be8b89def4dc23d733b20a720adc112e527790ba5389e656d0b09c577f7c,BACKCAST
obs-pbc-c788f3bfc33f4085cc7cbe45f7838f49fa9e4dad9091260fb2ed56e284499704,MACRO_AFRE_STOCK_BALANCE,2019-04,209.68,万亿元,pbc-afre-stock-balance-2018-09-v3,2019-05-09T10:00:02+08:00,0,,artifact-r2-f72f5eaf81655e95bcf6815d40b4cc7e17bf2ff78fa2328d78b5c3cb6521c5fc,FIRST_RELEASE
obs-pbc-f1e8a011a9d689b867d56d86f2f6062bae034ed6b8939e76e4c91749d3662854,MACRO_AFRE_STOCK_BALANCE,2019-04,210.3898,万亿元,pbc-afre-stock-balance-2019-09-backcast-v1,2019-10-15T16:30:02+08:00,1,obs-pbc-c788f3bfc33f4085cc7cbe45f7838f49fa9e4dad9091260fb2ed56e284499704,artifact-r2-e68d91daca90452302c2af3b2fa2e54d0803d6dd9c5b898ac6816637e2fddbdc,BACKCAST
obs-pbc-25f506e1a2ec37500fbc0cbcc1cb276edb735ac3c824a246aa25d43be3755a03,MACRO_AFRE_STOCK_BALANCE,2019-05,211.06,万亿元,pbc-afre-stock-balance-2018-09-v3,2019-06-12T16:00:01+08:00,0,,artifact-r2-a7a15f8b21e7c27408bbc526158350e0edcb37a75a8ef640dfde4eca64cff5ca,FIRST_RELEASE
obs-pbc-31bf008547953619953ba082e123ad5b57330bbdcf1dc20b700bac7bb4cbef89,MACRO_AFRE_STOCK_BALANCE,2019-05,211.81320000000002,万亿元,pbc-afre-stock-balance-2019-09-backcast-v1,2019-10-15T16:30:02+08:00,1,obs-pbc-25f506e1a2ec37500fbc0cbcc1cb276edb735ac3c824a246aa25d43be3755a03,artifact-r2-c7777e312817d480c5bdbd7bcca364cab5d5a291ba7754f2c23fdb87a141f119,BACKCAST
obs-pbc-6be4560bb3e01f52e1100942e4df4ce6d9403cbce3d05350f3356fd0059dd33f,MACRO_AFRE_STOCK_BALANCE,2019-06,213.26,万亿元,pbc-afre-stock-balance-2018-09-v3,2019-07-12T16:00:10+08:00,0,,artifact-r2-da967d80fc223470ed8682bc717b6ccd2aeb36be3faeab3fd1597b4ac44ce07f,FIRST_RELEASE
obs-pbc-77ecc2439308c2f239315e008dbcc1aacab232f6868b6143b54b698fa0391ea0,MACRO_AFRE_STOCK_BALANCE,2019-06,214.0335,万亿元,pbc-afre-stock-balance-2019-09-backcast-v1,2019-10-15T16:30:02+08:00,1,obs-pbc-6be4560bb3e01f52e1100942e4df4ce6d9403cbce3d05350f3356fd0059dd33f,artifact-r2-a8aceaa0b10bc0ed42bd315baada7109fd9708d5b998cec2bfafa0c1591662a2,BACKCAST
obs-pbc-9ff93ebc45ca1c4cb1f8a0fbb4274ae8a8b2163f9fb85f4f717861fbfe6a5f27,MACRO_AFRE_STOCK_BALANCE,2019-07,214.13,万亿元,pbc-afre-stock-balance-2018-09-v3,2019-08-12T17:00:01+08:00,0,,artifact-r2-bb37fccb38c1c19b22caf365404d34a7fbf44248006a13af225e0a74a65ed288,FIRST_RELEASE
obs-pbc-52bc8a5e6fef0b644413e8b80bd8867b820345b43bdefcd18585cc430aec468a,MACRO_AFRE_STOCK_BALANCE,2019-07,214.97490000000002,万亿元,pbc-afre-stock-balance-2019-09-backcast-v1,2019-10-15T16:30:02+08:00,1,obs-pbc-9ff93ebc45ca1c4cb1f8a0fbb4274ae8a8b2163f9fb85f4f717861fbfe6a5f27,artifact-r2-d465083368e4ee25b49235e48984d01ee07bbfd95f2cb9ddfba06d300d73b6be,BACKCAST
obs-pbc-5cec5f5c7b24c011d16f970d0f66504b5e6a91ae45adb30498d436f2028a59bf,MACRO_AFRE_STOCK_BALANCE,2019-08,216.01,万亿元,pbc-afre-stock-balance-2018-09-v3,2019-09-11T17:00:17+08:00,0,,artifact-r2-648719e98b8d7faa2cd8153c0b72db3882c2096dda3a562a55f34c64a137a88e,FIRST_RELEASE
obs-pbc-4fbd20b4f5fe4fc65ab3f1c44ccd5165a7eecdfc241204c9400e267c6e80686d,MACRO_AFRE_STOCK_BALANCE,2019-08,216.9027,万亿元,pbc-afre-stock-balance-2019-09-backcast-v1,2019-10-15T16:30:02+08:00,1,obs-pbc-5cec5f5c7b24c011d16f970d0f66504b5e6a91ae45adb30498d436f2028a59bf,artifact-r2-2e7165954569025bff3bf8fa873c335f333beda1a1b2539d7768acceb18f418e,BACKCAST
obs-pbc-3947eb79cdedaec1bfc2ecc4095e980ed19140f759e49c9bccf1e812906c09a1,MACRO_AFRE_STOCK_BALANCE,2019-09,219.04,万亿元,pbc-afre-stock-balance-2019-09-v4,2019-10-15T16:30:02+08:00,0,,artifact-r2-4cd9c050aed9a8188e4dfdc34061d0ba0019f9a96f849c35bb5826ebaf817824,FIRST_RELEASE
obs-pbc-46be7bb400830641ada15c76b07b48fbfb8c2db31a163b16fb2aa6a974f3f526,MACRO_AFRE_STOCK_BALANCE,2019-10,219.6,万亿元,pbc-afre-stock-balance-2019-09-v4,2019-11-11T17:00:02+08:00,0,,artifact-r2-3950fcfa78f763337b0e02aef2eb3da0887e633e50a8eef96b428b2112453d56,FIRST_RELEASE
obs-pbc-c0b75ed09b8f42c86f122d381ec8554c046adb6215bb95930eb239d9b89b1ce7,MACRO_AFRE_STOCK_BALANCE,2019-11,221.28,万亿元,pbc-afre-stock-balance-2019-09-v4,2019-12-10T17:03:02+08:00,0,,artifact-r2-2bb4b671cc50810940bb1738bebe0b0f15bc4dfa27f56bf45ff1eaa4e86f140f,FIRST_RELEASE
obs-pbc-95849bda5ddd1f4cd5a16c0b84e2829d6ca6d083c1a473b3f67ff02bf57cacfe,MACRO_AFRE_STOCK_BALANCE,2019-12,251.31,万亿元,pbc-afre-stock-balance-2019-12-v5,2020-01-16T15:00:30+08:00,0,,artifact-r2-7357b6fca5758720b418f024289c5dcf8e0080476087f951a2668f2285094ef9,FIRST_RELEASE
obs-pbc-9074149002ddaa4ad636eb7e1856275c140ddc0386b3661174c045654336e9a5,MACRO_AFRE_STOCK_BALANCE,2020-01,256.36,万亿元,pbc-afre-stock-balance-2019-12-v5,2020-02-20T16:00:10+08:00,0,,artifact-r2-f1a48eec68372b9c19737ffc10d29bea8bd6d2144c9d06518f1b737ac77e729f,FIRST_RELEASE
obs-pbc-bd763369d172614b007518bbe3bd3edc37b766780c384df34f47dab5b1132aae,MACRO_AFRE_STOCK_BALANCE,2020-02,257.18,万亿元,pbc-afre-stock-balance-2019-12-v5,2020-03-11T16:00:50+08:00,0,,artifact-r2-e6c38bcb101e965758694798a70f17fa06d3f0991d20ea5c6c10a1a150f525de,FIRST_RELEASE
obs-pbc-948e1ae8ecc6c0733344f15dd87d2f69188fea77d34155c9bf817e9a7b814a87,MACRO_AFRE_STOCK_BALANCE,2020-03,262.24,万亿元,pbc-afre-stock-balance-2019-12-v5,2020-04-10T15:31:00+08:00,0,,artifact-r2-6dca5d1644c45085e259a29155f2e1a93959ed853af62176d2979a1bf44d2335,FIRST_RELEASE
obs-pbc-59610e031cfa946d16c0c58ccca136749ff1ac708328e822570d7418ec4b5bae,MACRO_AFRE_STOCK_BALANCE,2020-04,265.22,万亿元,pbc-afre-stock-balance-2019-12-v5,2020-05-11T15:30:10+08:00,0,,artifact-r2-2f73d4218129d204abf5b5552845ebb63c66956c30af2ec80597dcb849d8d680,FIRST_RELEASE
obs-pbc-a5f0f380fa7f0923c2d1c704838156ff4eeed8ebf7cb12e42dc590eee55ddbcd,MACRO_AFRE_STOCK_BALANCE,2020-05,268.39,万亿元,pbc-afre-stock-balance-2019-12-v5,2020-06-10T16:30:10+08:00,0,,artifact-r2-dba051ba2516ac6880e56829154d23df4a9c542d75cb92f331e5ef33668502af,FIRST_RELEASE
obs-pbc-ad948d420761f377866c42e944ebeff644e7a27b17d11a763b01b215f790c812,MACRO_AFRE_STOCK_BALANCE,2020-06,271.8,万亿元,pbc-afre-stock-balance-2019-12-v5,2020-07-10T15:30:10+08:00,0,,artifact-r2-832a54b5e60f994de27503bd1dff4971ab8dd09ae12059134077762075fa446b,FIRST_RELEASE
obs-pbc-cda3d78dd4d82387ce0294ae734d911dc906ef9794557e26a24840640439d0ff,MACRO_AFRE_STOCK_BALANCE,2020-07,273.33,万亿元,pbc-afre-stock-balance-2019-12-v5,2020-08-11T16:30:36+08:00,0,,artifact-r2-1c7d82d7c9aaa845442048fe209e715c9216d856c55a1d96ac1e0e52765dcf3b,FIRST_RELEASE
obs-pbc-abdcae72a7f8e64be357e42b1b61c2cdd9ecc0b00720c574dc8c9c36cc4cad75,MACRO_AFRE_STOCK_BALANCE,2020-08,276.74,万亿元,pbc-afre-stock-balance-2019-12-v5,2020-09-11T16:00:18+08:00,0,,artifact-r2-f9298f30ac31aaaefeb9eecae66a9cd726fbc9e2ccce3a35b0097140efb05a12,FIRST_RELEASE
obs-pbc-70c2a08689502041ffcd298c2e4e0a73d6628856c1df946f246889bc63ced214,MACRO_AFRE_STOCK_BALANCE,2020-09,280.07,万亿元,pbc-afre-stock-balance-2019-12-v5,2020-10-14T16:31:22+08:00,0,,artifact-r2-60d4da253cdcbb4e933564d3239dedc09cf2292091ff3db331442a7850df924d,FIRST_RELEASE
obs-pbc-51e1aa7aa822f412aedf4c40e7e7be086f205ace584bfa7b522799673856f725,MACRO_AFRE_STOCK_BALANCE,2020-10,281.28,万亿元,pbc-afre-stock-balance-2019-12-v5,2020-11-11T16:00:00+08:00,0,,artifact-r2-e300e0490e2465d72d1458db83adc0d8c6e152540de4276dd2a03b552ad618c6,FIRST_RELEASE
obs-pbc-4b1927c2aef163269d40d0e546644a44142b436716000af17b1bd19e574794e8,MACRO_AFRE_STOCK_BALANCE,2020-11,283.25,万亿元,pbc-afre-stock-balance-2019-12-v5,2020-12-09T16:12:44+08:00,0,,artifact-r2-9a0bf75e5b4707f8515511c99b4f569444e69319ecaeb170d0fe27690e773cf4,FIRST_RELEASE
obs-pbc-d2806088dbd9acecb9f23ae924c6a412baa5bd42b20584264a4ce6e63a79d2a0,MACRO_AFRE_STOCK_BALANCE,2020-12,284.83,万亿元,pbc-afre-stock-balance-2019-12-v5,2021-01-12T19:00:14+08:00,0,,artifact-r2-aa79e6d3822b370fa9045bc27585d830c0b6add2663b65bbba6452a8583691f3,FIRST_RELEASE
obs-pbc-f1cf4d8c478b230a308f6b0becfbe687d6b48bf39a08e4b136ae4212fa181810,MACRO_AFRE_STOCK_BALANCE,2021-01,289.74,万亿元,pbc-afre-stock-balance-2019-12-v5,2021-02-09T16:00:10+08:00,0,,artifact-r2-f5896293f4b5551614476e0ba75766eabaa2c399a092b6c13186bed0357817ee,FIRST_RELEASE
obs-pbc-1bac6d58d4bdb0c8b419f82225a1b4b5a06a5a197b679934a586e1292f7f1e7b,MACRO_AFRE_STOCK_BALANCE,2021-02,291.36,万亿元,pbc-afre-stock-balance-2019-12-v5,2021-03-10T16:30:10+08:00,0,,artifact-r2-d70895a3da335d40d30484c96d9dbcee8044e207ae6f206dbe3a79a08004b0fa,FIRST_RELEASE
obs-pbc-c3aa17fa6ab2aee55fc32402ee61f3c52f71f66ce05e61aa537043e5ea6b0aca,MACRO_AFRE_STOCK_BALANCE,2021-03,294.55,万亿元,pbc-afre-stock-balance-2019-12-v5,2021-04-12T16:00:15+08:00,0,,artifact-r2-fb3ba73749157673a67d44c26134ecf9b4d9d0ba053c7f378d772762dc2c10d6,FIRST_RELEASE
obs-pbc-8695ea9cbbb3b9437916946f680429c36c67d77f1cd38dcf68b266e4b3e89d8a,MACRO_AFRE_STOCK_BALANCE,2021-04,296.16,万亿元,pbc-afre-stock-balance-2019-12-v5,2021-05-12T16:30:11+08:00,0,,artifact-r2-91fa9aac2539849668781c606a773bbd57331e3a45093763e0cbf032e46e33b3,FIRST_RELEASE
obs-pbc-b69939338cd9a121dca20580fb8e4df15de5bf87e412d26947bde5834717b832,MACRO_AFRE_STOCK_BALANCE,2021-05,297.98,万亿元,pbc-afre-stock-balance-2019-12-v5,2021-06-10T16:00:14+08:00,0,,artifact-r2-18818d60b3e7f251c20a35ef404ac0f53c26562889ea698e3712939ae2ae9d19,FIRST_RELEASE
obs-pbc-4f3c1711a3fcbd2b19622f2b24e246342283d599cfef7f99840ec2b72d217842,MACRO_AFRE_STOCK_BALANCE,2021-06,301.56,万亿元,pbc-afre-stock-balance-2019-12-v5,2021-07-09T17:00:16+08:00,0,,artifact-r2-922c27888aac8573a3aa59a402960413f5806b896c21c91a2364a5e83cff5e3a,FIRST_RELEASE
obs-pbc-345cfa811f6e5d06e0e44a2d215f1be6d71e17717be53af80ba21a2de0785239,MACRO_AFRE_STOCK_BALANCE,2021-07,302.49,万亿元,pbc-afre-stock-balance-2019-12-v5,2021-08-11T16:00:19+08:00,0,,artifact-r2-b4f11742dd63317310d0b752728b0f656e96aa4eb90c264d9fa6f61e06760d21,FIRST_RELEASE
obs-pbc-fa1ed982c7a0949979e33252e3c967d36aab3bff2b6774343e150f8acf5adaa1,MACRO_AFRE_STOCK_BALANCE,2021-08,305.28,万亿元,pbc-afre-stock-balance-2019-12-v5,2021-09-10T16:30:21+08:00,0,,artifact-r2-21db82926346f16f9c53251a614cad815bec1ecff27399b7801a99d44d75ac95,FIRST_RELEASE
obs-pbc-df5aa7fce7a46081ef277538ba678a65af556ce1644c327fa7b5430f674c153d,MACRO_AFRE_STOCK_BALANCE,2021-09,308.05,万亿元,pbc-afre-stock-balance-2019-12-v5,2021-10-13T17:00:22+08:00,0,,artifact-r2-03b2f3fe8d85b54cf83e4684399d8d34d35e5b1035a1307ca880f7806f7767b1,FIRST_RELEASE
obs-pbc-f2052b4560430173cdbe76f892f24f8d0d0a540b55d7184ccfbb02032deeb960,MACRO_AFRE_STOCK_BALANCE,2021-10,309.45,万亿元,pbc-afre-stock-balance-2019-12-v5,2021-11-10T16:00:12+08:00,0,,artifact-r2-88f796184ba15af84a5d9a1ab2c3fe5ac0a1d25b2c0214a939795544aaaf61ec,FIRST_RELEASE
obs-pbc-32e4c09c3f4c622c74bcd95f227dc3cb8478e53d486d4ec00506f6e23523ba34,MACRO_AFRE_STOCK_BALANCE,2021-11,311.9,万亿元,pbc-afre-stock-balance-2019-12-v5,2021-12-09T16:30:12+08:00,0,,artifact-r2-e187af5eebca72a8e1d4c0020e66efb6c4d2f60369566517fa982430625c57d5,FIRST_RELEASE
obs-pbc-100bf773d592a39207ddb2bba1c07ad6d063d37ed277ec4a851123f428146e71,MACRO_AFRE_STOCK_BALANCE,2021-12,314.13,万亿元,pbc-afre-stock-balance-2019-12-v5,2022-01-12T16:30:15+08:00,0,,artifact-r2-d14a33d7c9c5ee180e331d541d3183a5392fa32c88677dcea67a38c3fea196b1,FIRST_RELEASE
obs-pbc-2e52b9edbc08e3a98a4bef17c8aa0fb2824a14b3da85b47aef935e2d0e74f592,MACRO_AFRE_STOCK_BALANCE,2022-01,320.05,万亿元,pbc-afre-stock-balance-2019-12-v5,2022-02-10T18:00:18+08:00,0,,artifact-r2-0118f9f92cf5275067d6716cce681d8d5c96b767d8155e5165204bda935627c1,FIRST_RELEASE
obs-pbc-c1c0746148270ff36eeaa33c7c455f35953a707d02401ba5f5f80f9b95ef4d4a,MACRO_AFRE_STOCK_BALANCE,2022-02,321.12,万亿元,pbc-afre-stock-balance-2019-12-v5,2022-03-11T16:00:20+08:00,0,,artifact-r2-c8dff8a99f151b85acf337140b4d044fe41e77aa9a91f8f3d7a2636ac12f954f,FIRST_RELEASE
obs-pbc-bf834fd2426d64fbbe2c4683ef0eaa0774d07ab8ce892ee44870dc2119a25902,MACRO_AFRE_STOCK_BALANCE,2022-03,325.64,万亿元,pbc-afre-stock-balance-2019-12-v5,2022-04-11T16:00:22+08:00,0,,artifact-r2-43ee6c699bd379046dfdcaad6d9ecb860b1ce7854b8f19e182cae08af887d48b,FIRST_RELEASE
obs-pbc-7e97b22cf479397e32d27606405ac6ac451933c087e99e1d3ffae085c6468ebf,MACRO_AFRE_STOCK_BALANCE,2022-04,326.46,万亿元,pbc-afre-stock-balance-2019-12-v5,2022-05-13T16:30:10+08:00,0,,artifact-r2-8c07bd018e92751b1b5eda1f88257ca40efad846ba749e5749f2c781b2811aa8,FIRST_RELEASE
obs-pbc-f8368af075a7ebd3e81bcfb23fd5b4da447bb0259db506185d0dbcf80eadd816,MACRO_AFRE_STOCK_BALANCE,2022-05,329.19,万亿元,pbc-afre-stock-balance-2019-12-v5,2022-06-10T16:00:10+08:00,0,,artifact-r2-5c8d6d3d3db0c8955fd2f530696ccdc89082cd53108917638e4e5ba0fd090add,FIRST_RELEASE
obs-pbc-bc18e56d82f341324bf74bcbf6d5b34334461010815861cd974ffc49a41b4e6f,MACRO_AFRE_STOCK_BALANCE,2022-06,334.27,万亿元,pbc-afre-stock-balance-2019-12-v5,2022-07-11T17:00:20+08:00,0,,artifact-r2-b51cb3acfc88a31c41a012791ad9e0687dae8f910d97872133ef72604cd3def4,FIRST_RELEASE
obs-pbc-c60aebc103d808e7e3426557ddfb7ce3806e641e79aab6f86581758d90d3b8da,MACRO_AFRE_STOCK_BALANCE,2022-07,334.9,万亿元,pbc-afre-stock-balance-2019-12-v5,2022-08-12T18:00:10+08:00,0,,artifact-r2-2bcaa23feda7efabad755380b96ec701fd8e797c48d1914d913ddbc9ff10877c,FIRST_RELEASE
obs-pbc-55bfa727e8b1f5875c9797b80955050b361379c6690380a71fd767f575e92dee,MACRO_AFRE_STOCK_BALANCE,2022-08,337.21,万亿元,pbc-afre-stock-balance-2019-12-v5,2022-09-09T16:00:20+08:00,0,,artifact-r2-6f83cae242605d7aac33a7e7bc807e5f113819256bc801dd35cd85e8e7ce23a2,FIRST_RELEASE
obs-pbc-866816fbd073d425aa4e2c90f36b292ad637d6c250cce99ac0ffe2f5a790bdaa,MACRO_AFRE_STOCK_BALANCE,2022-09,340.65,万亿元,pbc-afre-stock-balance-2019-12-v5,2022-10-11T20:30:20+08:00,0,,artifact-r2-67f3dc704213b82a8f9513dfbecc4595ca7175163392fd71f3bcadfb4c857c2d,FIRST_RELEASE
obs-pbc-9ed182dc145bfd1cbb6eb5b508a9d8b8af91d50309aae47895f1c96121f0b213,MACRO_AFRE_STOCK_BALANCE,2022-10,341.42,万亿元,pbc-afre-stock-balance-2019-12-v5,2022-11-10T18:14:30+08:00,0,,artifact-r2-39434f51b56a482862faf801eca1794707c882fc72b76c34bbbe1f9dee27c11d,FIRST_RELEASE
obs-pbc-c3a6fa7be3c552d9717b8b84098ca8b5375687aa4e7010c43e220da1d5566274,MACRO_AFRE_STOCK_BALANCE,2022-11,343.19,万亿元,pbc-afre-stock-balance-2019-12-v5,2022-12-12T16:08:30+08:00,0,,artifact-r2-2dfca261ff65cf82466155f14f0d9b92b32277c03a3a8172336106511cf81d86,FIRST_RELEASE
obs-pbc-4f54bd4a27a29f76c3d9f0ab6947376bae2f23df49c7a78a595922ec1f1af5f0,MACRO_AFRE_STOCK_BALANCE,2022-12,344.21,万亿元,pbc-afre-stock-balance-2019-12-v5,2023-01-10T17:05:30+08:00,0,,artifact-r2-f2cb361ffcc92ecc8fcd4ff7720101d35a9180b092ff4ac2085b3c868d176b4d,FIRST_RELEASE
obs-pbc-29f5e7115bb0dc70089690c01291b98ebdfa3c9618154038911065942d9e5b6a,MACRO_AFRE_STOCK_BALANCE,2023-01,350.93,万亿元,pbc-afre-stock-balance-2023-01-v6,2023-02-10T17:00:30+08:00,0,,artifact-r2-88c0834bd27e8803d328bb527061ac6a3547adc1e06716f13096c52ec1f6aa0b,FIRST_RELEASE
obs-pbc-14288e7d9e987c4032d643da7dda9648eacbd3bb0206d8eab5db10eccf7bc2f4,MACRO_AFRE_STOCK_BALANCE,2023-02,353.97,万亿元,pbc-afre-stock-balance-2023-01-v6,2023-03-10T16:30:30+08:00,0,,artifact-r2-a090f385aa27c78ce052ee48637a498c6480a79f2d3a9f7d5fd9dcac086e2213,FIRST_RELEASE
obs-pbc-5f5063ab03c9d0de1a7f1b1386aff45f39dad529dbcfe2cdefbfcc618efcf4b5,MACRO_AFRE_STOCK_BALANCE,2023-03,359.02,万亿元,pbc-afre-stock-balance-2023-01-v6,2023-04-11T16:30:30+08:00,0,,artifact-r2-2d7cf24c48908e18978bffd5735540eea991bfa30d784cc915bde77d6a589201,FIRST_RELEASE
obs-pbc-c494c8f3903bb042c31e2440160543ef715f1396f2b5e4728d06acfc7894f331,MACRO_AFRE_STOCK_BALANCE,2023-04,359.95,万亿元,pbc-afre-stock-balance-2023-01-v6,2023-05-11T16:00:30+08:00,0,,artifact-r2-2a01f28ce453cb36484d260fd2f9799141f91d2065a2075eec62f234bb23d20d,FIRST_RELEASE
obs-pbc-954365f738565330f3496e2f7f008ebb7542d6f88210ea77db36663612e7d677,MACRO_AFRE_STOCK_BALANCE,2023-05,361.42,万亿元,pbc-afre-stock-balance-2023-01-v6,2023-06-13T16:00:48+08:00,0,,artifact-r2-4dbc26e6cadd09dbb0b6ea3b17272e0358d67f2bc18b82962bdff09329e10455,FIRST_RELEASE
obs-pbc-b68eeeb4415a0fbb64ad61999b882e349663dff0a5406ac5e2857bc18e67b2a2,MACRO_AFRE_STOCK_BALANCE,2023-06,365.45,万亿元,pbc-afre-stock-balance-2023-01-v6,2023-07-11T17:30:30+08:00,0,,artifact-r2-a1bb4e2dbb126c431de9db494986185bc37c12609bc6f195ff70b6c3ff5b5a99,FIRST_RELEASE
obs-pbc-2ad184f335a6a7c5ee060cb61ac70f9a840f93086ee79487d59ee6e350d6f5ff,MACRO_AFRE_STOCK_BALANCE,2023-07,365.77,万亿元,pbc-afre-stock-balance-2023-01-v6,2023-08-11T16:30:30+08:00,0,,artifact-r2-52d4ba78207daf32f8bf8b155765b95ca935480708c3a00f547ffa9b2609f717,FIRST_RELEASE
obs-pbc-80917078ef2aff7e1660cb332418743d4f26f4ddc904d1f70a42bc3faf55de65,MACRO_AFRE_STOCK_BALANCE,2023-08,368.61,万亿元,pbc-afre-stock-balance-2023-01-v6,2023-09-11T12:40:30+08:00,0,,artifact-r2-67b25e679b6011155545f5096b186a3be6280002c14bd429622e21f3c3cedd46,FIRST_RELEASE
obs-pbc-c45f75841e3fd5063b35575b1d5e82f7cb29a0a43eafbdc3efaf9dfebbf43395,MACRO_AFRE_STOCK_BALANCE,2023-09,372.5,万亿元,pbc-afre-stock-balance-2023-01-v6,2023-10-13T16:00:30+08:00,0,,artifact-r2-fa2407679cf66f39c3804da5974906dbc89f0e83b0d1bbcff3e74e7078393ffa,FIRST_RELEASE
obs-pbc-a8d2738cc518e449f055229c05600ec649a9bcfabee568f4077f8d4df7a37c90,MACRO_AFRE_STOCK_BALANCE,2023-10,374.17,万亿元,pbc-afre-stock-balance-2023-01-v6,2023-11-13T18:00:30+08:00,0,,artifact-r2-bec108d590a2b401ad5058b7f4bdfc2266badc0a38d36ca4231c78f9f7d5c5dc,FIRST_RELEASE
obs-pbc-b91f083bdff0b3278d2ccaece9c02ed97a69177e869ae6cc95d16eb39cf2a610,MACRO_AFRE_STOCK_BALANCE,2023-11,376.39,万亿元,pbc-afre-stock-balance-2023-01-v6,2023-12-13T17:00:30+08:00,0,,artifact-r2-442461eb0289a11d5b9d7d15a8e0aad8adebd6529101f155366b3a296361d424,FIRST_RELEASE
obs-pbc-214fe3a448f28bd827b9319b073802a83740358255e8ce27cb77a26c0b272436,MACRO_AFRE_STOCK_BALANCE,2023-12,378.09,万亿元,pbc-afre-stock-balance-2023-01-v6,2024-01-12T17:35:30+08:00,0,,artifact-r2-ae56c1e3791a89cce9a2b8ef529830b52a3d1e72e70662ef8639241d76636fac,FIRST_RELEASE
obs-pbc-3262806c420ae95ad18c2b3ce296ca781708cfefb9ff34bd3a49263b96ad3de3,MACRO_AFRE_STOCK_BALANCE,2024-01,384.29,万亿元,pbc-afre-stock-balance-2023-01-v6,2024-02-09T15:00:28+08:00,0,,artifact-r2-ded20bc5a33d787c2b8ebaa3fe3e7e8bb458619842ef1ce1d122a9a4f8e7deab,FIRST_RELEASE
obs-pbc-945421851c1a75461d00c09d68f2e102e8a53b5ab113d8b5223e23c22eb1ceb0,MACRO_AFRE_STOCK_BALANCE,2024-02,385.72,万亿元,pbc-afre-stock-balance-2023-01-v6,2024-03-15T16:30:30+08:00,0,,artifact-r2-0563718135abedcc6ef0d2dea6a51859034cd8e3c0c2f14081bd25371e09a772,FIRST_RELEASE
obs-pbc-c74b4625955655b230cf3ea0994697fd6229cd2b234e5323ee0eab68b73dd074,MACRO_AFRE_STOCK_BALANCE,2024-03,390.32,万亿元,pbc-afre-stock-balance-2023-01-v6,2024-04-12T18:43:30+08:00,0,,artifact-r2-18da2f1bb6f4b1cae64cab31f4846577d2c07e9ef7c2917cff36afbd791b0e06,FIRST_RELEASE
obs-pbc-561e1850c3f2f1658a3577ef5ad06a11b30e6b35fa9191e0d4e7b3aebad66dda,MACRO_AFRE_STOCK_BALANCE,2024-04,389.93,万亿元,pbc-afre-stock-balance-2023-01-v6,2024-05-11T17:00:30+08:00,0,,artifact-r2-35d725d9826be4b0cde20d037e455bfbd4484dc87b566d1311ae90a4c3529200,FIRST_RELEASE
obs-pbc-a4105fbe33b688f6817b2f8d4955a4993e1a7d23afbf5e42949986ceb070ad6f,MACRO_AFRE_STOCK_BALANCE,2024-05,391.93,万亿元,pbc-afre-stock-balance-2023-01-v6,2024-06-14T17:00:30+08:00,0,,artifact-r2-b81a7ac9e4a32bd61ca04caee5254bd0ac9ee97d91d7af6f0e95024bc7933efe,FIRST_RELEASE
obs-pbc-2259ed00fd09f3fa6f7909d2b7a176ae0831b31aff83fad3c9240eeb110f4eb8,MACRO_AFRE_STOCK_BALANCE,2024-06,395.11,万亿元,pbc-afre-stock-balance-2023-01-v6,2024-07-12T17:00:30+08:00,0,,artifact-r2-d293a1496fdf8b3df5e0afcd82cdd09c7d4a60f6f9301d251b23da6b6d045659,FIRST_RELEASE
obs-pbc-dc32160731e224885ae2e31a47d4554ac5f3a29498162076d81b91cf5800c30b,MACRO_AFRE_STOCK_BALANCE,2024-07,395.72,万亿元,pbc-afre-stock-balance-2023-01-v6,2024-08-13T17:00:30+08:00,0,,artifact-r2-7320ba0f2c6040b45cf7e9fcb87e9eb41f97615f8bbb6a6b141e865e03a9279e,FIRST_RELEASE
obs-pbc-9565a97d364a3132f17d46a7a1f37989f4527ec6925b07feddb1a91289285d33,MACRO_AFRE_STOCK_BALANCE,2024-08,398.56,万亿元,pbc-afre-stock-balance-2023-01-v6,2024-09-13T19:26:30+08:00,0,,artifact-r2-7e63bf188a556cf4a1478224d0b0d39d274813eecf4580f519819652aba3ce38,FIRST_RELEASE
obs-pbc-f1ddaf658a7852b8418c4985d4c79d1909106f83077247c5159850075b48f43a,MACRO_AFRE_STOCK_BALANCE,2024-09,402.19,万亿元,pbc-afre-stock-balance-2023-01-v6,2024-10-14T17:00:31+08:00,0,,artifact-r2-25ee705353feff45f2a2f35cdc0c7145e8b66115b43f4afa7253c18234e6c4fe,FIRST_RELEASE
obs-pbc-ed8b5397951496e1b26730fa3b55ca57bf57d5914d5653bf9aa33cc74ab55294,MACRO_AFRE_STOCK_BALANCE,2024-10,403.45,万亿元,pbc-afre-stock-balance-2023-01-v6,2024-11-11T16:30:21+08:00,0,,artifact-r2-16c833c90ddca327b0fcbc67985d0243de74f50f46bfb118e8416b3b080f3fe6,FIRST_RELEASE
obs-pbc-2280b6869536ba765a946fbc256b713810818efe55d4d121d520d434db2749e1,MACRO_AFRE_STOCK_BALANCE,2024-11,405.6,万亿元,pbc-afre-stock-balance-2023-01-v6,2024-12-13T19:00:22+08:00,0,,artifact-r2-6fb803d0d99382432f4dc6fa802e51f9977bcffd265676e5327a35a464cc03dd,FIRST_RELEASE
obs-pbc-d6c1167e0d54ed0528a306eb3c32e3c48dafec25c33b0d94bf4104edab9f8390,MACRO_AFRE_STOCK_BALANCE,2024-12,408.34,万亿元,pbc-afre-stock-balance-2023-01-v6,2025-01-14T15:07:45+08:00,0,,artifact-r2-e98d041c64614943ebc1716005aa3de801b1da019f9c2b360c1da1ca63a6be9f,FIRST_RELEASE
obs-pbc-057d942525cb54dedd1b5c738615c594d6bf32bcdef022088c914b23ef20dc88,MACRO_AFRE_STOCK_BALANCE,2025-02,417.29,万亿元,pbc-afre-stock-balance-2023-01-v6,2025-03-14T17:00:15+08:00,0,,artifact-r2-5aa652641f5832ccc69af596b0d097918b4b3b679e2b5dbc5512f7b961b0235c,FIRST_RELEASE
obs-pbc-f28d6cdf37b3d860d289079a227834e671371470c6509c637cc65fe1dae7f511,MACRO_AFRE_STOCK_BALANCE,2025-03,422.96,万亿元,pbc-afre-stock-balance-2023-01-v6,2025-04-13T17:00:13+08:00,0,,artifact-r2-4e2b5a894a644393d51cc1c9bca0d692d4ec307b5f32b0101123d46f3c83fca8,FIRST_RELEASE
obs-pbc-8408c8a6f949a2db667f3e3924f7807d82158e144dbdc18f4bc97614a1365b0e,MACRO_AFRE_STOCK_BALANCE,2025-04,424.0,万亿元,pbc-afre-stock-balance-2023-01-v6,2025-05-14T17:00:17+08:00,0,,artifact-r2-d3dbec3e725cc4c91feadb7cc4ff032969b90bd6c1af62cac0ab0659dd12ec20,FIRST_RELEASE
obs-pbc-6cfbbac63eff249e1b92803c57d9bc9f9aa7ea74b523989a2129bf3310a717d9,MACRO_AFRE_STOCK_BALANCE,2025-05,426.16,万亿元,pbc-afre-stock-balance-2023-01-v6,2025-06-13T16:30:18+08:00,0,,artifact-r2-2558067c5be8200faa43f2f1a80e69dbf88118192db6f88104e76402b7493f6c,FIRST_RELEASE
obs-pbc-286577f371ff7eaee7f3ee563c77517a5a4f3b1d5e26278982f5a40719508dc9,MACRO_AFRE_STOCK_BALANCE,2025-06,430.22,万亿元,pbc-afre-stock-balance-2023-01-v6,2025-07-14T15:00:19+08:00,0,,artifact-r2-71b4e63f93d4909a862f8f137a251709a1da7a4a1b3c57ccf84b8170201ffd83,FIRST_RELEASE
obs-pbc-6ef80efa7579b4ce87f1d69156eb4a709a05a4f71bab97e82fec391811f47183,MACRO_AFRE_STOCK_BALANCE,2025-07,431.26,万亿元,pbc-afre-stock-balance-2023-01-v6,2025-08-13T17:00:14+08:00,0,,artifact-r2-b57af682dcefdb0ab9ae83659ef7b16b7cf7f9ca10b53a9c1908e952b9c65042,FIRST_RELEASE
obs-pbc-ce9efdb67d0abbd9bd8086e8732de57f0257ac3dcb367f4e34439ae7645c808a,MACRO_AFRE_STOCK_BALANCE,2025-08,433.66,万亿元,pbc-afre-stock-balance-2023-01-v6,2025-09-12T17:00:18+08:00,0,,artifact-r2-b43107022f72181e12e263e7896e2a4d024c627a277a147eeb827802bdfab35e,FIRST_RELEASE
obs-pbc-d0d9a6942ca41357eed48309e3da0755620c181eec64b781964cdf909e02cf84,MACRO_AFRE_STOCK_BALANCE,2025-09,437.08,万亿元,pbc-afre-stock-balance-2023-01-v6,2025-10-15T17:00:03+08:00,0,,artifact-r2-81b54744f7e852327e4c369ff5d0342e9057573e5153a932e7ef35544036d8e4,FIRST_RELEASE
obs-pbc-54cc33cac244497751bc23057706a23afade418128ec1aa7f26ad6dbb6dd816d,MACRO_AFRE_STOCK_BALANCE,2025-10,437.72,万亿元,pbc-afre-stock-balance-2023-01-v6,2025-11-13T17:00:19+08:00,0,,artifact-r2-40eefa7046bf371794158b0e90d161a98bb7e331b6cbdf5b5a6139b8b68e51f0,FIRST_RELEASE
obs-pbc-db1d45869b45466423868a57198b3804b2209fe1cfda159ee8e1888f9511b494,MACRO_AFRE_STOCK_BALANCE,2025-11,440.07,万亿元,pbc-afre-stock-balance-2023-01-v6,2025-12-12T17:00:01+08:00,0,,artifact-r2-8b1e04d61da249f8504c91afbe12996d07bd591ce2dc5a576fc5296078b13624,FIRST_RELEASE
obs-pbc-9702dbdff0d066bdf1b6ea2737c6248c826caabb75f5e2fb24f034ee7caf4ae4,MACRO_AFRE_STOCK_BALANCE,2025-12,442.12,万亿元,pbc-afre-stock-balance-2023-01-v6,2026-01-15T14:59:40+08:00,0,,artifact-r2-5ca4ed96c373c09fddce8212c384dd4f23572a874943474bd90d6656f0e99432,FIRST_RELEASE
obs-pbc-4fc9db71336f34d7b4726753be729ffec5ad9e4cfbae2a9f929281be79cbff1c,MACRO_AFRE_STOCK_BALANCE,2026-01,449.11,万亿元,pbc-afre-stock-balance-2023-01-v6,2026-02-13T17:00:04+08:00,0,,artifact-r2-73de3dc14a85bcae277c3391a389f8da923ba5fd1acb375067ec905b54512601,FIRST_RELEASE
obs-pbc-296d10c9c569630c329a20cec03443e7a95b3ab921fd5f0c58d04ca8293a3528,MACRO_AFRE_STOCK_BALANCE,2026-02,451.4,万亿元,pbc-afre-stock-balance-2023-01-v6,2026-03-13T17:00:01+08:00,0,,artifact-r2-aa83263486f712e98e2d3c091a259ed41e2867b76c9fd257722ff4e12f6953dd,FIRST_RELEASE
obs-pbc-c11bbd3ff7d6c9ab7e4aa4bae60e5485dfa1c69c5c7ef13e5a01b88562874174,MACRO_AFRE_STOCK_BALANCE,2026-03,456.46,万亿元,pbc-afre-stock-balance-2023-01-v6,2026-04-13T17:00:00+08:00,0,,artifact-r2-45d4bda1ae9ecc104da98aa92543727176d3418f702994d9bfcdc6fb11a88327,FIRST_RELEASE
obs-pbc-9aeefeabcebe8f1235a1985152a50fe37d3ab3f21681ccbf29c350c231c81ebd,MACRO_AFRE_STOCK_BALANCE,2026-04,456.89,万亿元,pbc-afre-stock-balance-2023-01-v6,2026-05-14T17:00:02+08:00,0,,artifact-r2-73792497bc1fda48bbe5bb9c206bccea2c557987e1fcf3c42c392526795965e5,FIRST_RELEASE
obs-pbc-c88d106df238742f85ed140658b7a783d021b3b2837db8ef1d4a80ec256d29a3,MACRO_AFRE_STOCK_BALANCE,2026-05,458.81,万亿元,pbc-afre-stock-balance-2023-01-v6,2026-06-12T17:00:01+08:00,0,,artifact-r2-e91eea44b4f272d8f5729080787dbdf7549c8731610743b77784a11cad12462f,FIRST_RELEASE
obs-pbc-c0ee3e4137f7f803e8b2ff746361ced9d07e6f633f20397e1f72e887cb643da6,MACRO_AFRE_STOCK_BALANCE,2026-06,462.06,万亿元,pbc-afre-stock-balance-2023-01-v6,2026-07-15T15:00:09+08:00,0,,artifact-r2-87dad6e44250546e5fef8dd43ea3e7b972a164ae4f0173b600cf1cbe67dc69fe,FIRST_RELEASE
obs-pbc-69e037abadc89e67e0c08f1ca8422a40b5a79b8e59774377b37a9b300ef0e30f,MACRO_AFRE_STOCK_BALANCE,2026-07,463.27,万亿元,pbc-afre-stock-balance-2023-01-v6,2026-08-14T16:30:05+08:00,0,,artifact-r2-29f6154c5390b8f04409a7fd5f413e27a8b45640a4fa2062ef877a1a0cab68f9,FIRST_RELEASE
obs-pbc-2b5c923a4e82afcbb760b206ad216b90d2d926119aa1859f23156f59fe3d2803,MACRO_AFRE_STOCK_YOY,2014-12,14.3,%,pbc-afre-stock-yoy-2015-v1,2015-02-10T16:31:12+08:00,0,,artifact-r2-24e25d23e390cbb303b2b98e159860524d8bb9236ec74c0cb0704678ca43919d,BACKCAST
obs-pbc-90771eb974c0c5c1df62a88b6626017d9bd0a840def57f63a539fe56e2f34888,MACRO_AFRE_STOCK_YOY,2015-03,12.9,%,pbc-afre-stock-yoy-2015-v1,2015-04-21T15:59:57+08:00,0,,artifact-r2-218a4f396de829514a4621158496da53cd96e5b26ca7f2c332ed5dd1e53b90eb,FIRST_RELEASE
obs-pbc-70b60337252bc737a85db2588875ef0e99b46fad1b5c797bf688f44ba9505e48,MACRO_AFRE_STOCK_YOY,2015-06,11.9,%,pbc-afre-stock-yoy-2015-v1,2015-07-21T15:59:14+08:00,0,,artifact-r2-0e061a5047c32e392641ebb69f6a7649ad69234ea3acb8a22cfcdb2299198b53,FIRST_RELEASE
obs-pbc-0d60bf0b5efbec600b79e5b7d70402a015e89def7e1b3a8f5eadcdf0ce8b222d,MACRO_AFRE_STOCK_YOY,2015-09,12.5,%,pbc-afre-stock-yoy-2015-v1,2015-10-27T15:25:17+08:00,0,,artifact-r2-9de99ec464c6859d03c6e7317b556b6ef38a05f86ad722ac458f6161f3208487,FIRST_RELEASE
obs-pbc-b20fffc25befac0d04bfb5f857c27f09ddc44e65141b5d4b622e9531dc0b1c06,MACRO_AFRE_STOCK_YOY,2015-12,12.4,%,pbc-afre-stock-yoy-2015-v1,2016-01-21T16:00:00+08:00,0,,artifact-r2-7a21d4c24eb637b9fbcc46eb7f0311eb214bd9c21051662609a2dd786577c345,FIRST_RELEASE
obs-pbc-706c13a150328b9aadfded3e4abc7b967d2fa0d48c6cc53e1523b63bcf0ec155,MACRO_AFRE_STOCK_YOY,2016-01,13.1,%,pbc-afre-stock-yoy-2015-v1,2016-02-23T16:00:00+08:00,0,,artifact-r2-79439921198a61a784aa618ecdd4990485ed42e932d156e8afaaf4ea08333233,FIRST_RELEASE
obs-pbc-883518dde7fb05513d39aba187c0407ace3a1635d4f120220641c219a8609ad4,MACRO_AFRE_STOCK_YOY,2016-03,13.4,%,pbc-afre-stock-yoy-2015-v1,2016-04-15T10:00:20+08:00,0,,artifact-r2-6cb6080f30c150885886216168734ee962332e063d3c31a2093afbccaf3f8a70,FIRST_RELEASE
obs-pbc-e5cf63b81837fef6d0eddc568c4372b8897f1324c367f854b4e8e68b95083c71,MACRO_AFRE_STOCK_YOY,2016-04,13.1,%,pbc-afre-stock-yoy-2015-v1,2016-05-13T16:00:10+08:00,0,,artifact-r2-b2174414023f7f4304be472de304602f385dc94773dbc528abbb83d62aeafe5c,FIRST_RELEASE
obs-pbc-53a2b9aa6dc753a530a7ba0a4359142a5db560b3743d0a57d7007d06c4b76dc5,MACRO_AFRE_STOCK_YOY,2016-05,12.6,%,pbc-afre-stock-yoy-2015-v1,2016-06-15T16:00:42+08:00,0,,artifact-r2-8ec7065f734f8533516682942b2f71c8cf8039cc958eb2178d92b67232e52fe8,FIRST_RELEASE
obs-pbc-be00720c3165c88e6b0c91e0d46a6592fef81df22ff817fb46d7ee4ef6e62aa1,MACRO_AFRE_STOCK_YOY,2016-06,12.3,%,pbc-afre-stock-yoy-2015-v1,2016-07-15T10:00:01+08:00,0,,artifact-r2-28f8f7a9df7b019f1ba0ba924120416db6cc73f6e3223d9fed367fa4ccf2659d,FIRST_RELEASE
obs-pbc-0a452bf6c5c68c158928ad30b3235fa146b4388481fff246dffd779c7bc2eb23,MACRO_AFRE_STOCK_YOY,2016-07,12.2,%,pbc-afre-stock-yoy-2015-v1,2016-08-12T16:00:10+08:00,0,,artifact-r2-9c91b179dddeb20360696c47ec2d640a0855702424fa09afbf61a95bd1a32065,FIRST_RELEASE
obs-pbc-8ec718d695ca298565cce36010729cd382ee63067402409bffc278d2e85550fa,MACRO_AFRE_STOCK_YOY,2016-08,12.3,%,pbc-afre-stock-yoy-2015-v1,2016-09-14T16:00:10+08:00,0,,artifact-r2-7cb0e4b7cdfc8868c0e3cf85c31c783947f9282e60bbedaaa7e13c63d4325e4b,FIRST_RELEASE
obs-pbc-e65b906c313a6881966f9430dfeefaf3c880c1a1f1770a9a0761636534a3099e,MACRO_AFRE_STOCK_YOY,2016-09,12.5,%,pbc-afre-stock-yoy-2015-v1,2016-10-18T15:00:10+08:00,0,,artifact-r2-590da6dea86cfd139fa758a3453ed32c321fd382f2f99d66c3cecbc1ef8d12e1,FIRST_RELEASE
obs-pbc-a5ea75d993dafb93f4a482206e37200271cc9383417ed1816b8130366f535e50,MACRO_AFRE_STOCK_YOY,2016-10,12.7,%,pbc-afre-stock-yoy-2015-v1,2016-11-11T16:30:10+08:00,0,,artifact-r2-075c9fadca92a3664da9302135fedd3a81ce0ed488f5285afd604fd37c9189e6,FIRST_RELEASE
obs-pbc-14d081dbed8c91c4bf7b1ec3043b1831e10ee5958bc93327ea3ec2fe88e10102,MACRO_AFRE_STOCK_YOY,2016-11,13.3,%,pbc-afre-stock-yoy-2015-v1,2016-12-14T15:00:01+08:00,0,,artifact-r2-039f975a1b971c6fa58ffb43c89d79d2b9cf472281b275a018d5a06787c9b195,FIRST_RELEASE
obs-pbc-b67068414cfb3dbdb72721f1db74d2ae1318006a1e1a64c3ae4a8b58414f00a8,MACRO_AFRE_STOCK_YOY,2016-12,12.8,%,pbc-afre-stock-yoy-2015-v1,2017-01-12T17:00:10+08:00,0,,artifact-r2-b44284cea4267a829847ca759c1b08df53a036439e7c49438ed120ac9758a91a,FIRST_RELEASE
obs-pbc-fdc60001538508b5ecc84fe341d19e12efbaf1418190bbfb134ec6284362c30f,MACRO_AFRE_STOCK_YOY,2017-01,12.8,%,pbc-afre-stock-yoy-2015-v1,2017-02-14T17:00:00+08:00,0,,artifact-r2-6b79f8075ec98ec764ac9108ec9427c368bc0c3d08abb66164c692c44c3a3a97,FIRST_RELEASE
obs-pbc-50bfb530d6d94bdfe9d1a6adcfc6f67a04a54136259b50c90815b58a7a033685,MACRO_AFRE_STOCK_YOY,2017-01,13.2,%,pbc-afre-stock-yoy-2018-07-backcast-v1,2018-08-13T19:25:12+08:00,1,obs-pbc-fdc60001538508b5ecc84fe341d19e12efbaf1418190bbfb134ec6284362c30f,artifact-r2-5891fa8c3962a9b279a39b52b15333394c6a4948b4a347f934beba7685dae60d,BACKCAST
obs-pbc-6ddafb88dbb34e53b504864df10387eb37f95930da12b3a2121392139e9fd0f2,MACRO_AFRE_STOCK_YOY,2017-01,14.8,%,pbc-afre-stock-yoy-2018-09-backcast-v1,2018-10-17T16:00:01+08:00,2,obs-pbc-50bfb530d6d94bdfe9d1a6adcfc6f67a04a54136259b50c90815b58a7a033685,artifact-r2-8ea1cee4cc4eb710ec4d4c1d42641971390e7de3231266b5b73825259230e2d5,BACKCAST
obs-pbc-330d1c090f7c22cdb82d4707ea0038e2fefde039628d2dd35dba5fb93a675b99,MACRO_AFRE_STOCK_YOY,2017-01,14.9,%,pbc-afre-stock-yoy-2019-09-backcast-v1,2019-10-15T16:30:02+08:00,3,obs-pbc-6ddafb88dbb34e53b504864df10387eb37f95930da12b3a2121392139e9fd0f2,artifact-r2-8276b3e14aa1c318d758f9ba4444b0211f2c2c6919e0c11af2b7273e599cecee,BACKCAST
obs-pbc-e319ad9d2df66b04b2b87af6efba886300d389cd66958764ca32af7d2ebd3886,MACRO_AFRE_STOCK_YOY,2017-02,13.2,%,pbc-afre-stock-yoy-2018-07-backcast-v1,2018-08-13T19:25:12+08:00,0,,artifact-r2-ca3a05ffc0ad74e95916b9bebc31a0a48a4cc1c61865f3fb89adecb9d8bd7d99,BACKCAST
obs-pbc-36d19bcc758c086dad60388557a4b1a25d9190c174bc2445c9334fe1eb0a49d6,MACRO_AFRE_STOCK_YOY,2017-02,14.8,%,pbc-afre-stock-yoy-2018-09-backcast-v1,2018-10-17T16:00:01+08:00,1,obs-pbc-e319ad9d2df66b04b2b87af6efba886300d389cd66958764ca32af7d2ebd3886,artifact-r2-a242d748d8af6a348fdbaf4ea5220b3285fd1f376d1220763425b43635d22dd1,BACKCAST
obs-pbc-cd7e325d050ca4227c600cb55be747c499391012ccb3d7b2d592f97d9886594a,MACRO_AFRE_STOCK_YOY,2017-02,14.8,%,pbc-afre-stock-yoy-2019-09-backcast-v1,2019-10-15T16:30:02+08:00,2,obs-pbc-36d19bcc758c086dad60388557a4b1a25d9190c174bc2445c9334fe1eb0a49d6,artifact-r2-3b81edd2fd5b1c5f8320257739ef929eeef06296c9b1c9bc8477c487aee311f3,BACKCAST
obs-pbc-c9d1d8b26773c2df2d3b8c47f4bb0cd3e16dab192025eb448faaa7432df9db19,MACRO_AFRE_STOCK_YOY,2017-03,12.5,%,pbc-afre-stock-yoy-2015-v1,2017-04-14T15:00:00+08:00,0,,artifact-r2-6c863ba48df9615ea0c8f5952e7985df63aaeee6481e9ea33e4c2ed0a9b45b32,FIRST_RELEASE
obs-pbc-0930bec16ca1f86057bc2feb18bcde0258447950b04b6e92aa382752925c580c,MACRO_AFRE_STOCK_YOY,2017-03,12.9,%,pbc-afre-stock-yoy-2018-07-backcast-v1,2018-08-13T19:25:12+08:00,1,obs-pbc-c9d1d8b26773c2df2d3b8c47f4bb0cd3e16dab192025eb448faaa7432df9db19,artifact-r2-138dc42c9d63ab9756c8c407e2ab2da41efb49cd7e9158788e9891a99b4d903c,BACKCAST
obs-pbc-65a784d84500c32b676893a011e24840b442db62090bce7da31134f031567dbd,MACRO_AFRE_STOCK_YOY,2017-03,14.4,%,pbc-afre-stock-yoy-2018-09-backcast-v1,2018-10-17T16:00:01+08:00,2,obs-pbc-0930bec16ca1f86057bc2feb18bcde0258447950b04b6e92aa382752925c580c,artifact-r2-67832b06ba1e6239658b27cfb3c3744a601b53dd16cd6c710d6ff91059cf333d,BACKCAST
obs-pbc-fea5596fb2001875c6bc9283424c3eb213ead812acb011b1f6e36fb555b2be29,MACRO_AFRE_STOCK_YOY,2017-03,14.5,%,pbc-afre-stock-yoy-2019-09-backcast-v1,2019-10-15T16:30:02+08:00,3,obs-pbc-65a784d84500c32b676893a011e24840b442db62090bce7da31134f031567dbd,artifact-r2-57ce7c19b1a9b5c62e7f591c660d448bad5effb849ec11e89496079aa274fad7,BACKCAST
obs-pbc-57b111ce315789b04ed4c1a3a2c6820b1408f39a3783926c093125cf911ef658,MACRO_AFRE_STOCK_YOY,2017-04,12.8,%,pbc-afre-stock-yoy-2015-v1,2017-05-12T16:00:00+08:00,0,,artifact-r2-b60fb70b21d63be67a6c71ca058b949852972ce0228c1338a203ec46f715e2f2,FIRST_RELEASE
obs-pbc-590ad3b3f0881c7120f3928bd75340e142c00b52610cebbbc938639332930beb,MACRO_AFRE_STOCK_YOY,2017-04,13.2,%,pbc-afre-stock-yoy-2018-07-backcast-v1,2018-08-13T19:25:12+08:00,1,obs-pbc-57b111ce315789b04ed4c1a3a2c6820b1408f39a3783926c093125cf911ef658,artifact-r2-64c925ddad2c6d1d041361b6d8a5f19ea324dbd67811fa9420cb98091a60a174,BACKCAST
obs-pbc-2ef568fbeed7199cf479ca59f688b2b4db326cc9618ecaa9c7140a99f9c716b0,MACRO_AFRE_STOCK_YOY,2017-04,14.5,%,pbc-afre-stock-yoy-2018-09-backcast-v1,2018-10-17T16:00:01+08:00,2,obs-pbc-590ad3b3f0881c7120f3928bd75340e142c00b52610cebbbc938639332930beb,artifact-r2-8cb86484342e328e1d0b0773678e40611bd67870d8e1d92a7f1d07f6b65d5d7e,BACKCAST
obs-pbc-6cb8f5074733ca2aeaf12c3428d08dd8efa9d072237709b53c95be0ea045567a,MACRO_AFRE_STOCK_YOY,2017-04,14.6,%,pbc-afre-stock-yoy-2019-09-backcast-v1,2019-10-15T16:30:02+08:00,3,obs-pbc-2ef568fbeed7199cf479ca59f688b2b4db326cc9618ecaa9c7140a99f9c716b0,artifact-r2-7617e699cad242ecab97b6c4ad3793a109ce35eefbd41ca913ec51e75522b6e9,BACKCAST
obs-pbc-0320c08af975e2a220c317bdca1dc17ad3b75806ace4ea037355650adc552adc,MACRO_AFRE_STOCK_YOY,2017-05,12.9,%,pbc-afre-stock-yoy-2015-v1,2017-06-14T17:05:00+08:00,0,,artifact-r2-bcaaca59387018196a4a4a68a3a89010c69a9bcd815a22dd29e0962f76d71589,FIRST_RELEASE
obs-pbc-96f3b8912fbe2d6532b2f6f483a76340e0c71c69575e91934df9e6baff6ecca9,MACRO_AFRE_STOCK_YOY,2017-05,13.3,%,pbc-afre-stock-yoy-2018-07-backcast-v1,2018-08-13T19:25:12+08:00,1,obs-pbc-0320c08af975e2a220c317bdca1dc17ad3b75806ace4ea037355650adc552adc,artifact-r2-cd7c17378a02eb5314a3f77bc24b585350cbd90d2d86bb2f45b26aee2d532f74,BACKCAST
obs-pbc-04501f532d91bc3f0adcad04417adb1495335949197c250f94598c61e9851a5d,MACRO_AFRE_STOCK_YOY,2017-05,14.6,%,pbc-afre-stock-yoy-2018-09-backcast-v1,2018-10-17T16:00:01+08:00,2,obs-pbc-96f3b8912fbe2d6532b2f6f483a76340e0c71c69575e91934df9e6baff6ecca9,artifact-r2-672733437072e184154857cc193ab81a5bbc710342aacf757d0d24ffa34f35a9,BACKCAST
obs-pbc-2dd460e315e2d75ec49af45317e1a75a184fe3bf5b952a3103efc3622452fdd3,MACRO_AFRE_STOCK_YOY,2017-05,14.7,%,pbc-afre-stock-yoy-2019-09-backcast-v1,2019-10-15T16:30:02+08:00,3,obs-pbc-04501f532d91bc3f0adcad04417adb1495335949197c250f94598c61e9851a5d,artifact-r2-dba43caf2d777f45593de99eeae84bea9d53b5c7efa64e58e025e6257c3e00fb,BACKCAST
obs-pbc-85981eb5d0c11af8b1ec4809647e5c9c85063dbdfc2a21627a511ecd07a1c0cd,MACRO_AFRE_STOCK_YOY,2017-06,12.8,%,pbc-afre-stock-yoy-2015-v1,2017-07-12T16:00:00+08:00,0,,artifact-r2-cb8f7f93bd7b64a4c3dc57f437e186619fd95aafaba13fb1f79206195f8b563c,FIRST_RELEASE
obs-pbc-70afc9f432f640946cec792c9f370e7f27e352c87845c5833bc8e786efca97ac,MACRO_AFRE_STOCK_YOY,2017-06,13.2,%,pbc-afre-stock-yoy-2018-07-backcast-v1,2018-08-13T19:25:12+08:00,1,obs-pbc-85981eb5d0c11af8b1ec4809647e5c9c85063dbdfc2a21627a511ecd07a1c0cd,artifact-r2-29de04092dde8602fff216c90e32d4522da3fcded805c8233d6548c65fe8a1c6,BACKCAST
obs-pbc-72639d6f7e82d56a876bf3ba180a0bdc7581932b9feeea2492fd96dd3fb2f04d,MACRO_AFRE_STOCK_YOY,2017-06,14.2,%,pbc-afre-stock-yoy-2018-09-backcast-v1,2018-10-17T16:00:01+08:00,2,obs-pbc-70afc9f432f640946cec792c9f370e7f27e352c87845c5833bc8e786efca97ac,artifact-r2-5b8539fa666a54d0da24dd65fcba31decd5fa002fa5e759630cf962548d3179d,BACKCAST
obs-pbc-b4e47dca46cfa1d9a0d0f797563c3b7a208b9dffc2a9b2538503bfb91e583330,MACRO_AFRE_STOCK_YOY,2017-06,14.3,%,pbc-afre-stock-yoy-2019-09-backcast-v1,2019-10-15T16:30:02+08:00,3,obs-pbc-72639d6f7e82d56a876bf3ba180a0bdc7581932b9feeea2492fd96dd3fb2f04d,artifact-r2-261ff543fd5fadd955d6ed52f38d652a31d8d71fe2abda4f51b6b8e2a89c4a2e,BACKCAST
obs-pbc-abac7d7cc3f9da92887a5a9fdfafa7d02215c9ebaf740af1f0eda594588f1884,MACRO_AFRE_STOCK_YOY,2017-07,13.2,%,pbc-afre-stock-yoy-2015-v1,2017-08-15T16:00:00+08:00,0,,artifact-r2-e5a92acf59ce598bcba969361d03f87d86cf5c35c4a36dc618d9c42159beafd1,FIRST_RELEASE
obs-pbc-c6ca30cd99d1ad77dedec11e95dcab6d00417217085ce43c1f8cb90df3bcf25e,MACRO_AFRE_STOCK_YOY,2017-07,13.6,%,pbc-afre-stock-yoy-2018-07-backcast-v1,2018-08-13T19:25:12+08:00,1,obs-pbc-abac7d7cc3f9da92887a5a9fdfafa7d02215c9ebaf740af1f0eda594588f1884,artifact-r2-5679c9354d020cd6c34a29c416f8c08cd657f2b1514115389d7a93f57b27105a,BACKCAST
obs-pbc-a11489f31e05680ffe9d26efbbc6c317a76d70698d4f36b5a311f4e77b72b76b,MACRO_AFRE_STOCK_YOY,2017-07,14.8,%,pbc-afre-stock-yoy-2018-09-backcast-v1,2018-10-17T16:00:01+08:00,2,obs-pbc-c6ca30cd99d1ad77dedec11e95dcab6d00417217085ce43c1f8cb90df3bcf25e,artifact-r2-a2ba3f87035d394a95dd0240729e3727bc4ad6c7b16e86591a0ddd469f2ac797,BACKCAST
obs-pbc-2c6dbad5d6b59c6cc564d198e013460c986b2e38adcef5ce1e45cefa8e9e1c1d,MACRO_AFRE_STOCK_YOY,2017-07,14.8,%,pbc-afre-stock-yoy-2019-09-backcast-v1,2019-10-15T16:30:02+08:00,3,obs-pbc-a11489f31e05680ffe9d26efbbc6c317a76d70698d4f36b5a311f4e77b72b76b,artifact-r2-69b92dcb8186aa8620910fd90256d35ddc5ce577679974569e99e078d103a55b,BACKCAST
obs-pbc-62e22659d77005db4f78e7d3a5707430bdba7daf37bc264babe88879eb3c2c56,MACRO_AFRE_STOCK_YOY,2017-08,13.1,%,pbc-afre-stock-yoy-2015-v1,2017-09-15T16:00:00+08:00,0,,artifact-r2-5df9ad32a5d12dc2fd24f4ceab2a4a1b59b9ddecd99a3c3d553ffcd71bdeb8ce,FIRST_RELEASE
obs-pbc-2f48290639b29cd7283ba0062c1b3725edc0648ea368edb01fcca42c192054a0,MACRO_AFRE_STOCK_YOY,2017-08,13.5,%,pbc-afre-stock-yoy-2018-07-backcast-v1,2018-08-13T19:25:12+08:00,1,obs-pbc-62e22659d77005db4f78e7d3a5707430bdba7daf37bc264babe88879eb3c2c56,artifact-r2-72ba6f85adfe1a6be30349ffe0f548ed9f3d7c92b1560cd15cd5cb7ccfefc930,BACKCAST
obs-pbc-33d8834fae69cc5dff1ef957997b28e533758e09e6290cdd5a52acf998dee882,MACRO_AFRE_STOCK_YOY,2017-08,14.5,%,pbc-afre-stock-yoy-2018-09-backcast-v1,2018-10-17T16:00:01+08:00,2,obs-pbc-2f48290639b29cd7283ba0062c1b3725edc0648ea368edb01fcca42c192054a0,artifact-r2-0714a7a5af593da2d22d205ce7210f611121cc2c989d8432f02b8ed6592b8012,BACKCAST
obs-pbc-9f900505513aa1297c529a18ce95727df3e77311d1adfb8b7725e40d9c0d84c4,MACRO_AFRE_STOCK_YOY,2017-08,14.6,%,pbc-afre-stock-yoy-2019-09-backcast-v1,2019-10-15T16:30:02+08:00,3,obs-pbc-33d8834fae69cc5dff1ef957997b28e533758e09e6290cdd5a52acf998dee882,artifact-r2-efbcaab58b44ee42ad75efcc3166b8fc4eedf1e9189e3f6716fd3279ffc31cad,BACKCAST
obs-pbc-662901cb7ed7f2251fc5c95229ec3f73e15bbb07c414441db589a129bacc5b2f,MACRO_AFRE_STOCK_YOY,2017-09,13.0,%,pbc-afre-stock-yoy-2015-v1,2017-10-14T10:00:00+08:00,0,,artifact-r2-ed887fcf56879334b57edbb87e19841895111abe5fa95fa54e1a3cacd0de83e0,FIRST_RELEASE
obs-pbc-bda251be9b8bad4285ccd707633ec027363de94b67ae5e662e50ad5419fba8f2,MACRO_AFRE_STOCK_YOY,2017-09,13.4,%,pbc-afre-stock-yoy-2018-07-backcast-v1,2018-08-13T19:25:12+08:00,1,obs-pbc-662901cb7ed7f2251fc5c95229ec3f73e15bbb07c414441db589a129bacc5b2f,artifact-r2-8767b9e72f7a5928deb29d4e2f241e5d939ea6d0ea8b85a488b627ba27bee518,BACKCAST
obs-pbc-b02711d0821224b471128fc8d24d1694b4e0d206fba371249da1162e2e5447f0,MACRO_AFRE_STOCK_YOY,2017-09,14.4,%,pbc-afre-stock-yoy-2018-09-backcast-v1,2018-10-17T16:00:01+08:00,2,obs-pbc-bda251be9b8bad4285ccd707633ec027363de94b67ae5e662e50ad5419fba8f2,artifact-r2-d85cc93a2f380e7507f54f76bbe650afa2b69349af952b36315ceaddf5df77b6,BACKCAST
obs-pbc-5721fe393e2fa7ddfa7a574906cabde51350578af828f2b5938bd3411f2bbfb0,MACRO_AFRE_STOCK_YOY,2017-09,14.5,%,pbc-afre-stock-yoy-2019-09-backcast-v1,2019-10-15T16:30:02+08:00,3,obs-pbc-b02711d0821224b471128fc8d24d1694b4e0d206fba371249da1162e2e5447f0,artifact-r2-b5c7a717a897f6684ae8857e125c10cdaad8dde5f13ce6b1cb099a36a01984c7,BACKCAST
obs-pbc-db10dd048b449a486d7fa3c9fa662ae495917467a67aca9d40c9c6bb1f051d64,MACRO_AFRE_STOCK_YOY,2017-10,13.0,%,pbc-afre-stock-yoy-2015-v1,2017-11-13T16:00:00+08:00,0,,artifact-r2-450633d898c88edd07d3df206e6dce984cf97d8c25b462ac90df1137190223e2,FIRST_RELEASE
obs-pbc-e09b9f09100f049f39f0285d52ce7ff3034331b3a6d4bb014bf0194dad47991a,MACRO_AFRE_STOCK_YOY,2017-10,13.4,%,pbc-afre-stock-yoy-2018-07-backcast-v1,2018-08-13T19:25:12+08:00,1,obs-pbc-db10dd048b449a486d7fa3c9fa662ae495917467a67aca9d40c9c6bb1f051d64,artifact-r2-566e0ce0248f5586208da79eae2e485279c77648bac5e4b8fb984f7687467cc0,BACKCAST
obs-pbc-199f06bfcf40a65a3e450a91ba4019b4cf3612d8d4729a08fb3a493ab9c4ca01,MACRO_AFRE_STOCK_YOY,2017-10,14.4,%,pbc-afre-stock-yoy-2018-09-backcast-v1,2018-10-17T16:00:01+08:00,2,obs-pbc-e09b9f09100f049f39f0285d52ce7ff3034331b3a6d4bb014bf0194dad47991a,artifact-r2-4b6af009f602741e3d83e2c0b87818a5623036c6cd982da1bd9c27e821446527,BACKCAST
obs-pbc-967e8363d30749e172aa79334a1d791fe885d6adc1ca6eebb3c336aa6b1c5bd8,MACRO_AFRE_STOCK_YOY,2017-10,14.4,%,pbc-afre-stock-yoy-2019-09-backcast-v1,2019-10-15T16:30:02+08:00,3,obs-pbc-199f06bfcf40a65a3e450a91ba4019b4cf3612d8d4729a08fb3a493ab9c4ca01,artifact-r2-ac74c0619f5a190fc34709bf688c5e442cb8d22500c841ad36fb3f7509a35f00,BACKCAST
obs-pbc-a828bb481edab397173733d2cc6abd1ffc214fdbfbd9cac4ac9df6f7f60002e4,MACRO_AFRE_STOCK_YOY,2017-11,12.5,%,pbc-afre-stock-yoy-2015-v1,2017-12-11T17:00:00+08:00,0,,artifact-r2-d6fa11d3935b7a3b77ccf776759330504edc9d65ef40547dfe66a620024eac7a,FIRST_RELEASE
obs-pbc-b8858a86df6ce661c253a3b18da1a16ac8371a70878dea1c301b2037b07a9674,MACRO_AFRE_STOCK_YOY,2017-11,13.0,%,pbc-afre-stock-yoy-2018-07-backcast-v1,2018-08-13T19:25:12+08:00,1,obs-pbc-a828bb481edab397173733d2cc6abd1ffc214fdbfbd9cac4ac9df6f7f60002e4,artifact-r2-b2115242a60f6bb36ab72471e162a393c7d9410d4ffe14c7af1cd0bec7cc80eb,BACKCAST
obs-pbc-83c15f972937a871d888435b776577bad78ad7053c56180a53d5241d28e6b5a4,MACRO_AFRE_STOCK_YOY,2017-11,13.9,%,pbc-afre-stock-yoy-2018-09-backcast-v1,2018-10-17T16:00:01+08:00,2,obs-pbc-b8858a86df6ce661c253a3b18da1a16ac8371a70878dea1c301b2037b07a9674,artifact-r2-8eb82d615ee5454658cc5b1b2aaeb06580bcfd1b8f3449ce9650814d2ec663a2,BACKCAST
obs-pbc-a118c5099cd2f3705e4f613ec6ccef17d7c63a529b93504fdedae557160d5101,MACRO_AFRE_STOCK_YOY,2017-11,14.0,%,pbc-afre-stock-yoy-2019-09-backcast-v1,2019-10-15T16:30:02+08:00,3,obs-pbc-83c15f972937a871d888435b776577bad78ad7053c56180a53d5241d28e6b5a4,artifact-r2-26b9738df46d91f4744ec79fd26100a2cf42dd5230e2599ab5516192581d661e,BACKCAST
obs-pbc-096f471bedb66aaa86664a901bf12f3f56ed7bd9031862e0cffabfa81518b6c8,MACRO_AFRE_STOCK_YOY,2017-12,12.0,%,pbc-afre-stock-yoy-2015-v1,2018-01-12T16:00:00+08:00,0,,artifact-r2-f1df278807e9bbb6b265aa6e527a4a90792b340bd935690080e5c5bc58cc8d78,FIRST_RELEASE
obs-pbc-beb17fe4be70fbb423b5422a93cb52c17a943b2d6791dee7a94c60fcad1e0023,MACRO_AFRE_STOCK_YOY,2017-12,12.5,%,pbc-afre-stock-yoy-2018-07-backcast-v1,2018-08-13T19:25:12+08:00,1,obs-pbc-096f471bedb66aaa86664a901bf12f3f56ed7bd9031862e0cffabfa81518b6c8,artifact-r2-74f7377d4b0ab84a2a3a678f588d2b0309d0991a4f2b3ed0c8f9261453f99f36,BACKCAST
obs-pbc-1a53bfc9f40524be2e511c40220e36b75b3844df562be815b3d2ef07789e5d47,MACRO_AFRE_STOCK_YOY,2017-12,13.4,%,pbc-afre-stock-yoy-2018-09-backcast-v1,2018-10-17T16:00:01+08:00,2,obs-pbc-beb17fe4be70fbb423b5422a93cb52c17a943b2d6791dee7a94c60fcad1e0023,artifact-r2-7ad6bbe572b09a5ba0d2c8036935de668bad6b9f0be704751b14056f7eda96bb,BACKCAST
obs-pbc-3fbe2d2c70008852673c64562d53bf602852a98be26be5322c11d20006eb22ec,MACRO_AFRE_STOCK_YOY,2017-12,13.5,%,pbc-afre-stock-yoy-2019-09-backcast-v1,2019-10-15T16:30:02+08:00,3,obs-pbc-1a53bfc9f40524be2e511c40220e36b75b3844df562be815b3d2ef07789e5d47,artifact-r2-da1bc20cdd4235b644e8d2d5ff1e094c0b496853d44829a9098ff1035f2daee7,BACKCAST
obs-pbc-0b60a1dd12f958e0081d839f812a4ed264c0b32d926f34fe354b36220fd3f987,MACRO_AFRE_STOCK_YOY,2018-01,11.3,%,pbc-afre-stock-yoy-2015-v1,2018-02-12T17:00:01+08:00,0,,artifact-r2-0c5261ac41e91b26ab2ab1ed248003c740750373579b2f0e6af0835bbb5e3ac6,FIRST_RELEASE
obs-pbc-7f74be5b41f22414dce39f43b30479133d87503fe7ffb187b856ba461d89f1d7,MACRO_AFRE_STOCK_YOY,2018-01,11.7,%,pbc-afre-stock-yoy-2018-07-backcast-v1,2018-08-13T19:25:12+08:00,1,obs-pbc-0b60a1dd12f958e0081d839f812a4ed264c0b32d926f34fe354b36220fd3f987,artifact-r2-0843ca71104bf6e5fad0488710d391c176d4493a8b858a847ef5f8dae8f7cdeb,BACKCAST
obs-pbc-1a99b211df82c7da5d0a334274b100d423ed9bb8f02ee669084a05f7512843ef,MACRO_AFRE_STOCK_YOY,2018-01,12.7,%,pbc-afre-stock-yoy-2018-09-backcast-v1,2018-10-17T16:00:01+08:00,2,obs-pbc-7f74be5b41f22414dce39f43b30479133d87503fe7ffb187b856ba461d89f1d7,artifact-r2-adb81b9610674f092131973a02df261f53396f47d8ef44cfe2902462c686cb1b,BACKCAST
obs-pbc-eeb938a3da420c363de4c0865b7d917d5a01b1dc5f1431019bb1d81f21459701,MACRO_AFRE_STOCK_YOY,2018-01,12.9,%,pbc-afre-stock-yoy-2019-09-backcast-v1,2019-10-15T16:30:02+08:00,3,obs-pbc-1a99b211df82c7da5d0a334274b100d423ed9bb8f02ee669084a05f7512843ef,artifact-r2-1c5f243e4a58782de862bcb6a494f8ff4ae6dcbee03c1b569c2a2570ae5d1895,BACKCAST
obs-pbc-62b2319afb531313d9ecdbbe1469dea54c881696cd59504d1dde4e8b2c14cc47,MACRO_AFRE_STOCK_YOY,2018-02,11.2,%,pbc-afre-stock-yoy-2015-v1,2018-03-09T09:00:00+08:00,0,,artifact-r2-b9d29e2e597a4b76810a02d410ef0d659a14345b865b02b1830a703d8cbd4252,FIRST_RELEASE
obs-pbc-c191c90330a13ca8a060e44e1ede84a557f6979fc0e5f4c9b87b3c5c1b059138,MACRO_AFRE_STOCK_YOY,2018-02,11.7,%,pbc-afre-stock-yoy-2018-07-backcast-v1,2018-08-13T19:25:12+08:00,1,obs-pbc-62b2319afb531313d9ecdbbe1469dea54c881696cd59504d1dde4e8b2c14cc47,artifact-r2-d0d2e5326fbc6def84d0f450dee7d6e50b1a9ae4ee794fba34a8e7a551737acd,BACKCAST
obs-pbc-dab08aab5908d3b258726871b0d3ee9c2ab8ab16dd6f9e3b04663da4710cc6b1,MACRO_AFRE_STOCK_YOY,2018-02,12.7,%,pbc-afre-stock-yoy-2018-09-backcast-v1,2018-10-17T16:00:01+08:00,2,obs-pbc-c191c90330a13ca8a060e44e1ede84a557f6979fc0e5f4c9b87b3c5c1b059138,artifact-r2-e62ee7706a83f72119603a17c09228dd8345f07802af1d05be934c385b27e21b,BACKCAST
obs-pbc-ad5ac08c0ba93a5854a54d580bb10893223e5ab0475c0e8ab2ca710ca1d4c334,MACRO_AFRE_STOCK_YOY,2018-02,12.8,%,pbc-afre-stock-yoy-2019-09-backcast-v1,2019-10-15T16:30:02+08:00,3,obs-pbc-dab08aab5908d3b258726871b0d3ee9c2ab8ab16dd6f9e3b04663da4710cc6b1,artifact-r2-99260c5fd29d64214d2e562e5f7377463879b50b9dbac6e94e8265410f157fa1,BACKCAST
obs-pbc-f2747d0a0ec1513cc8de02bf41e471dea80eebeb47615129eb69699a772e68df,MACRO_AFRE_STOCK_YOY,2018-03,10.5,%,pbc-afre-stock-yoy-2015-v1,2018-04-13T16:00:00+08:00,0,,artifact-r2-1139820814fce06b3dc3a7b5a86a4929ee42053a0b772ad7ccc09977ef132186,FIRST_RELEASE
obs-pbc-b02f80d41921816cd21071f93467de3ea362f635f761305e23e568b3fba02864,MACRO_AFRE_STOCK_YOY,2018-03,11.0,%,pbc-afre-stock-yoy-2018-07-backcast-v1,2018-08-13T19:25:12+08:00,1,obs-pbc-f2747d0a0ec1513cc8de02bf41e471dea80eebeb47615129eb69699a772e68df,artifact-r2-2acb170d6ebd3eebf04b35728ebd60bfc7ea91446f6c7b90a47f0151b36cd995,BACKCAST
obs-pbc-937e911c64c073017df619ecdca2d4af1a1ba69fe342f305ac8f6fee808a8948,MACRO_AFRE_STOCK_YOY,2018-03,11.9,%,pbc-afre-stock-yoy-2018-09-backcast-v1,2018-10-17T16:00:01+08:00,2,obs-pbc-b02f80d41921816cd21071f93467de3ea362f635f761305e23e568b3fba02864,artifact-r2-10f36387e82aff779917f5f8dd346b5a10ad4c55ed0050d92ccf179196dce23c,BACKCAST
obs-pbc-2f48f39c0d339544564b6468c7a808a843ceba8e792cff2947d2f51386d520de,MACRO_AFRE_STOCK_YOY,2018-03,12.1,%,pbc-afre-stock-yoy-2019-09-backcast-v1,2019-10-15T16:30:02+08:00,3,obs-pbc-937e911c64c073017df619ecdca2d4af1a1ba69fe342f305ac8f6fee808a8948,artifact-r2-a9e759327d747e62b8e5a97d458b455cb7da20c5451198c850c8fc051c649090,BACKCAST
obs-pbc-86f845b126fd91dd34d0e907f9754e52d457ccb8d5720cf006ab71ecce8892d4,MACRO_AFRE_STOCK_YOY,2018-04,10.5,%,pbc-afre-stock-yoy-2015-v1,2018-05-11T17:00:00+08:00,0,,artifact-r2-86750a58cd8ddca71a991b7e8b81665094fd912b8bfb0c6e0dca0fd0f861669c,FIRST_RELEASE
obs-pbc-12167fd3a5d9dc23d2ef29e73469f8ef4efaf56432d2ebd6728b0befa6706954,MACRO_AFRE_STOCK_YOY,2018-04,11.1,%,pbc-afre-stock-yoy-2018-07-backcast-v1,2018-08-13T19:25:12+08:00,1,obs-pbc-86f845b126fd91dd34d0e907f9754e52d457ccb8d5720cf006ab71ecce8892d4,artifact-r2-1cb93debfc03d42080515568e6a24cc7d4dc8441ae0e1f870ac96737c8fbc0b8,BACKCAST
obs-pbc-462afedd04cb28df5bf07193a8359b0e944863c8d368228700ee6d7e012651e2,MACRO_AFRE_STOCK_YOY,2018-04,11.9,%,pbc-afre-stock-yoy-2018-09-backcast-v1,2018-10-17T16:00:01+08:00,2,obs-pbc-12167fd3a5d9dc23d2ef29e73469f8ef4efaf56432d2ebd6728b0befa6706954,artifact-r2-160b33fb2f70a2523e3c71985fad31d75f4602b31c9f6e7f424981714859b29d,BACKCAST
obs-pbc-384af5b67cfc3b495aa1879492e7a290f7012207f844d7eec65961672f8a9b24,MACRO_AFRE_STOCK_YOY,2018-04,12.0,%,pbc-afre-stock-yoy-2019-09-backcast-v1,2019-10-15T16:30:02+08:00,3,obs-pbc-462afedd04cb28df5bf07193a8359b0e944863c8d368228700ee6d7e012651e2,artifact-r2-0a99bf6346de3d205c569a6b435c5093323fb98b1228263a07084c2960873bb5,BACKCAST
obs-pbc-3665f038246211cdbe76637a4275e67ea1ebc73abd5b8216d92b7d748ae40472,MACRO_AFRE_STOCK_YOY,2018-05,10.3,%,pbc-afre-stock-yoy-2015-v1,2018-06-12T17:00:01+08:00,0,,artifact-r2-221fdd90ee44f5a14aa067a1ca63bbb4cff3f48bb2256ce039cd00ce5f730466,FIRST_RELEASE
obs-pbc-5f1a8f7c071e6d4a5e0495e94a53484a31928371057f80689971fa29cebc8651,MACRO_AFRE_STOCK_YOY,2018-05,10.9,%,pbc-afre-stock-yoy-2018-07-backcast-v1,2018-08-13T19:25:12+08:00,1,obs-pbc-3665f038246211cdbe76637a4275e67ea1ebc73abd5b8216d92b7d748ae40472,artifact-r2-02e8713bfd36392c8cf44d448216ef68d8e968660329e856ce1d392ddb9e0161,BACKCAST
obs-pbc-60c059b687a6ba1b9a0759adc1f6439d4199e3754dd94d8264b3457bc012e794,MACRO_AFRE_STOCK_YOY,2018-05,11.6,%,pbc-afre-stock-yoy-2018-09-backcast-v1,2018-10-17T16:00:01+08:00,2,obs-pbc-5f1a8f7c071e6d4a5e0495e94a53484a31928371057f80689971fa29cebc8651,artifact-r2-a6fa8d360ed8eac5aa8387754b16f9a652203df043a8a4d1525c19755f57ac7d,BACKCAST
obs-pbc-08a959b19b637f57a577da0b1d2f59eccf4353679537c7b18b1ef3b1a9e19ef2,MACRO_AFRE_STOCK_YOY,2018-05,11.7,%,pbc-afre-stock-yoy-2019-09-backcast-v1,2019-10-15T16:30:02+08:00,3,obs-pbc-60c059b687a6ba1b9a0759adc1f6439d4199e3754dd94d8264b3457bc012e794,artifact-r2-801ad42f8dde49500ef772778331c09454d0d23c4b7de643339bc96cc8501ef3,BACKCAST
obs-pbc-6a20b290e6fff4252b016d849bf826de35da0cb68f7dcd3491e7e72f2b8fb347,MACRO_AFRE_STOCK_YOY,2018-06,9.8,%,pbc-afre-stock-yoy-2015-v1,2018-07-13T16:30:00+08:00,0,,artifact-r2-682fa1bffd77985f556e289e4eccdd2e4442819c513b85dfddb93b9eeab8b284,FIRST_RELEASE
obs-pbc-462cc7fb367f379bae91b46fa4b36d9ec7bcbab91c87afb890cc9cd0e04815aa,MACRO_AFRE_STOCK_YOY,2018-06,10.5,%,pbc-afre-stock-yoy-2018-07-backcast-v1,2018-08-13T19:25:12+08:00,1,obs-pbc-6a20b290e6fff4252b016d849bf826de35da0cb68f7dcd3491e7e72f2b8fb347,artifact-r2-9d4c88a78053180952e9571e2df685d354852a0a699d6af1808c535a397d06da,BACKCAST
obs-pbc-2258b4cdcf95db89f8050197f4ecec9616429ea85f0d4b7c85d5135813aec90d,MACRO_AFRE_STOCK_YOY,2018-06,11.1,%,pbc-afre-stock-yoy-2018-09-backcast-v1,2018-10-17T16:00:01+08:00,2,obs-pbc-462cc7fb367f379bae91b46fa4b36d9ec7bcbab91c87afb890cc9cd0e04815aa,artifact-r2-0b0077c50b863c1887e84f793fca21e4fa29e00d6bedf51aa28d17bb53ff6232,BACKCAST
obs-pbc-fd07f7e151a71d30b028bbd8addfb34083bd20b499e2a8297bf779bbc1eacb0e,MACRO_AFRE_STOCK_YOY,2018-06,11.2,%,pbc-afre-stock-yoy-2019-09-backcast-v1,2019-10-15T16:30:02+08:00,3,obs-pbc-2258b4cdcf95db89f8050197f4ecec9616429ea85f0d4b7c85d5135813aec90d,artifact-r2-e53da09115ff41334dec261e0894a94012ee08169476dc58bc993907cb681c82,BACKCAST
obs-pbc-7e675f62657aee26c6a366ad1754e33ffe26d0c6174ed4f9c4e7d992ab3896b9,MACRO_AFRE_STOCK_YOY,2018-07,10.3,%,pbc-afre-stock-yoy-2018-07-v2,2018-08-13T19:25:12+08:00,0,,artifact-r2-c049d24efaaffa0f7fd31e1399d74e7b1416a15acf1d1e5a20e4d603c78849f6,FIRST_RELEASE
obs-pbc-6d9042d9475cf86d173a8fcd36cd4c257b5dfdfe25195c8e2fcccf855e37a4d3,MACRO_AFRE_STOCK_YOY,2018-07,10.8,%,pbc-afre-stock-yoy-2018-09-backcast-v1,2018-10-17T16:00:01+08:00,1,obs-pbc-7e675f62657aee26c6a366ad1754e33ffe26d0c6174ed4f9c4e7d992ab3896b9,artifact-r2-c40b4eba8b37b220678dc12df3135b3d502032f89077bf19b268cc3ee379974e,BACKCAST
obs-pbc-8eb046a7e458b07c38dde1f28a8a90a403b2352de716d8aa108e533255c7c200,MACRO_AFRE_STOCK_YOY,2018-07,10.9,%,pbc-afre-stock-yoy-2019-09-backcast-v1,2019-10-15T16:30:02+08:00,2,obs-pbc-6d9042d9475cf86d173a8fcd36cd4c257b5dfdfe25195c8e2fcccf855e37a4d3,artifact-r2-d9ad1e4fe587ae8a7ce4c1dd8715a686963a29c57983f001e122a0b1ccf4eafa,BACKCAST
obs-pbc-dcad7e2eae5b63ea70ca03be66d3ce219190ecbe726a1f78b28a5246b406b88a,MACRO_AFRE_STOCK_YOY,2018-08,10.1,%,pbc-afre-stock-yoy-2018-07-v2,2018-09-12T17:00:00+08:00,0,,artifact-r2-0112ac6a1cfea632cbe360ddf325858e5a181d7819cfdf3bb7305d6dd13cca95,FIRST_RELEASE
obs-pbc-0df30042cb76b852231d771871958ae138e06984d7cebb903c325492a4092417,MACRO_AFRE_STOCK_YOY,2018-08,10.8,%,pbc-afre-stock-yoy-2018-09-backcast-v1,2018-10-17T16:00:01+08:00,1,obs-pbc-dcad7e2eae5b63ea70ca03be66d3ce219190ecbe726a1f78b28a5246b406b88a,artifact-r2-02251dbe9303687ca9ee0753ab8909ed629316745124d2de1b764b833f665e34,BACKCAST
obs-pbc-991438891853c27750732e706a2cf13af53d558b17993823720368d7ad9dc794,MACRO_AFRE_STOCK_YOY,2018-08,10.9,%,pbc-afre-stock-yoy-2019-09-backcast-v1,2019-10-15T16:30:02+08:00,2,obs-pbc-0df30042cb76b852231d771871958ae138e06984d7cebb903c325492a4092417,artifact-r2-f376cf119a8c2c5e62226cdced0e54fcbc5c4105cc114b4d0e8787f8de1dbb0a,BACKCAST
obs-pbc-85cdabe6b5a7eb8abe6077c214a55b4e5dd18b81926a330de0b8535ae56ff0fc,MACRO_AFRE_STOCK_YOY,2018-09,10.6,%,pbc-afre-stock-yoy-2018-09-v3,2018-10-17T16:00:01+08:00,0,,artifact-r2-5d20575e3dbb27d82210dcf0c1c4e3fecb66dd9ae772757f5527c4cfc275822d,FIRST_RELEASE
obs-pbc-791387009ce56c9c2f489eeb81dd08bcd0de74b39d05bf451e148c4b16cd9652,MACRO_AFRE_STOCK_YOY,2018-09,10.6,%,pbc-afre-stock-yoy-2019-09-backcast-v1,2019-10-15T16:30:02+08:00,1,obs-pbc-85cdabe6b5a7eb8abe6077c214a55b4e5dd18b81926a330de0b8535ae56ff0fc,artifact-r2-b0f06ef9e9123ac49fb7938cd1c12e683a254b870a2d47f266cc0dd38f746fba,BACKCAST
obs-pbc-104aa6dfbf8484a5768d43bac48018284e7b2a31891fbd27ff841dda7d3cd625,MACRO_AFRE_STOCK_YOY,2018-10,10.2,%,pbc-afre-stock-yoy-2018-09-v3,2018-11-13T16:45:01+08:00,0,,artifact-r2-0624b30520a866ebd63814d4cf58a6f536c2dd0b754de8dc7ff87bf9f06ecc45,FIRST_RELEASE
obs-pbc-3da62d9ed341d90c175db987a098d0be05dd505927fe2c0963e8527ddd84331a,MACRO_AFRE_STOCK_YOY,2018-10,10.3,%,pbc-afre-stock-yoy-2019-09-backcast-v1,2019-10-15T16:30:02+08:00,1,obs-pbc-104aa6dfbf8484a5768d43bac48018284e7b2a31891fbd27ff841dda7d3cd625,artifact-r2-88cb2a71f2c2416e4502d72db1e76c4c52b4e45768a61a808c4a7b3447f50a31,BACKCAST
obs-pbc-68d43fd03816a4143f978e9ed043b38ca82ca389977443b0f43e82ed190555ec,MACRO_AFRE_STOCK_YOY,2018-11,9.9,%,pbc-afre-stock-yoy-2018-09-v3,2018-12-11T17:00:01+08:00,0,,artifact-r2-5a36220dea58446184e5caf26a60d4d28d58e7028f782abd9abc27348cdc3b31,FIRST_RELEASE
obs-pbc-6e654abca45d3f009f3d3f6e367675c4da8cead18f2ebd16ba2b950c01598a4d,MACRO_AFRE_STOCK_YOY,2018-11,10.0,%,pbc-afre-stock-yoy-2019-09-backcast-v1,2019-10-15T16:30:02+08:00,1,obs-pbc-68d43fd03816a4143f978e9ed043b38ca82ca389977443b0f43e82ed190555ec,artifact-r2-b21bd83858d3ffa4526543714bc2899d6aaaf456b53cbc458b3672d3b07ae22f,BACKCAST
obs-pbc-63c9bfd9f0b7477f7d43d59984c237ea38a1cebd0af2751e446ad0ee505c6a04,MACRO_AFRE_STOCK_YOY,2018-12,9.8,%,pbc-afre-stock-yoy-2018-09-v3,2019-01-15T16:00:01+08:00,0,,artifact-r2-937a6be9592c15f0de8256b8715372c08cadd9721248c9297310cf3e8ea06cbd,FIRST_RELEASE
obs-pbc-c2eed1b05bbc0a3a7701b3b9c88a895e23b35e01ef90014e411a71805da749e2,MACRO_AFRE_STOCK_YOY,2018-12,9.9,%,pbc-afre-stock-yoy-2019-09-backcast-v1,2019-10-15T16:30:02+08:00,1,obs-pbc-63c9bfd9f0b7477f7d43d59984c237ea38a1cebd0af2751e446ad0ee505c6a04,artifact-r2-48dd94eb2eca304b33989ccaf5c68b0557722bb240082ff5017745f5ddf814bd,BACKCAST
obs-pbc-fcb09d74b3bb68ea1057fcab557227f59be4fcd4c4892091e6ab44be15675e37,MACRO_AFRE_STOCK_YOY,2019-01,10.4,%,pbc-afre-stock-yoy-2018-09-v3,2019-02-15T15:01:00+08:00,0,,artifact-r2-975cdc8d01fe28f036e14d1cd0cb42568db6a217696792a02c5f8e37da08af85,FIRST_RELEASE
obs-pbc-aac783753c66911efd7787ec97bea065820c0af26caf6d3ea46ee796e41cd246,MACRO_AFRE_STOCK_YOY,2019-01,10.5,%,pbc-afre-stock-yoy-2019-09-backcast-v1,2019-10-15T16:30:02+08:00,1,obs-pbc-fcb09d74b3bb68ea1057fcab557227f59be4fcd4c4892091e6ab44be15675e37,artifact-r2-679564f6fe567fe149336b44b3711fabb36ec3f424cc41398657cf705a121909,BACKCAST
obs-pbc-a2e6004b1d98a3354c92ebbfd3e183cd7c53f3b9160eefaba206b4da05c5c262,MACRO_AFRE_STOCK_YOY,2019-02,10.1,%,pbc-afre-stock-yoy-2018-09-v3,2019-03-10T09:00:01+08:00,0,,artifact-r2-4303b9440471897361dd86f8c3eec7fdca810472ec3525e93b32d37a18dee6a7,FIRST_RELEASE
obs-pbc-9164e3e35fc17b49fbd0e4351af0764d88a06e23c57b4a5f95bad2e509196da7,MACRO_AFRE_STOCK_YOY,2019-02,10.1,%,pbc-afre-stock-yoy-2019-09-backcast-v1,2019-10-15T16:30:02+08:00,1,obs-pbc-a2e6004b1d98a3354c92ebbfd3e183cd7c53f3b9160eefaba206b4da05c5c262,artifact-r2-4f6526bcc61667e6c87f49d3e5195a53f1ce0cf8811f55aaf0091281017bd9bf,BACKCAST
obs-pbc-02a8eb540979d9279e81fe9c500fe6eeead370557fadfc3b81e14cc235db8e2a,MACRO_AFRE_STOCK_YOY,2019-03,10.7,%,pbc-afre-stock-yoy-2018-09-v3,2019-04-12T16:00:02+08:00,0,,artifact-r2-f09df8567ee791fd74207f3656699fd2b1de2115fa8550a4b18b97a030f51429,FIRST_RELEASE
obs-pbc-235d114a2075ff0cbca93e6d31b16d00e8913e3206e7d371553eec7f8c261673,MACRO_AFRE_STOCK_YOY,2019-03,10.7,%,pbc-afre-stock-yoy-2019-09-backcast-v1,2019-10-15T16:30:02+08:00,1,obs-pbc-02a8eb540979d9279e81fe9c500fe6eeead370557fadfc3b81e14cc235db8e2a,artifact-r2-33f1be8b89def4dc23d733b20a720adc112e527790ba5389e656d0b09c577f7c,BACKCAST
obs-pbc-b774b668ccc23d5bc33798b4480c964dd94cd7a97420dc201020e149ec679bfa,MACRO_AFRE_STOCK_YOY,2019-04,10.4,%,pbc-afre-stock-yoy-2018-09-v3,2019-05-09T10:00:02+08:00,0,,artifact-r2-f72f5eaf81655e95bcf6815d40b4cc7e17bf2ff78fa2328d78b5c3cb6521c5fc,FIRST_RELEASE
obs-pbc-475948727547785e759d30a3f1267b3d29a1b6784ab1f6b6e72a084344e8da0a,MACRO_AFRE_STOCK_YOY,2019-04,10.5,%,pbc-afre-stock-yoy-2019-09-backcast-v1,2019-10-15T16:30:02+08:00,1,obs-pbc-b774b668ccc23d5bc33798b4480c964dd94cd7a97420dc201020e149ec679bfa,artifact-r2-e68d91daca90452302c2af3b2fa2e54d0803d6dd9c5b898ac6816637e2fddbdc,BACKCAST
obs-pbc-8a743fd683c7ea26d06fa7702b622e617d813cd42b5412f0cebac84a6b562a25,MACRO_AFRE_STOCK_YOY,2019-05,10.6,%,pbc-afre-stock-yoy-2018-09-v3,2019-06-12T16:00:01+08:00,0,,artifact-r2-a7a15f8b21e7c27408bbc526158350e0edcb37a75a8ef640dfde4eca64cff5ca,FIRST_RELEASE
obs-pbc-7250bb39b8f406de55c15102651d1e9e42d673f4d1262e770f950bc3ec2bb615,MACRO_AFRE_STOCK_YOY,2019-05,10.7,%,pbc-afre-stock-yoy-2019-09-backcast-v1,2019-10-15T16:30:02+08:00,1,obs-pbc-8a743fd683c7ea26d06fa7702b622e617d813cd42b5412f0cebac84a6b562a25,artifact-r2-c7777e312817d480c5bdbd7bcca364cab5d5a291ba7754f2c23fdb87a141f119,BACKCAST
obs-pbc-99afb58a4d534d850bcaa4971fae63bba47cbb7d174dc09d3151e1da2a33f012,MACRO_AFRE_STOCK_YOY,2019-06,10.9,%,pbc-afre-stock-yoy-2018-09-v3,2019-07-12T16:00:10+08:00,0,,artifact-r2-da967d80fc223470ed8682bc717b6ccd2aeb36be3faeab3fd1597b4ac44ce07f,FIRST_RELEASE
obs-pbc-87283b9fac8251a9d37f39b0ac276ef29ef3a975a10878dc30e767943f3df61d,MACRO_AFRE_STOCK_YOY,2019-06,11.0,%,pbc-afre-stock-yoy-2019-09-backcast-v1,2019-10-15T16:30:02+08:00,1,obs-pbc-99afb58a4d534d850bcaa4971fae63bba47cbb7d174dc09d3151e1da2a33f012,artifact-r2-a8aceaa0b10bc0ed42bd315baada7109fd9708d5b998cec2bfafa0c1591662a2,BACKCAST
obs-pbc-d061811947aaf691a6254a023779636780759f2e7686a675f92849cbc34f75f9,MACRO_AFRE_STOCK_YOY,2019-07,10.7,%,pbc-afre-stock-yoy-2018-09-v3,2019-08-12T17:00:01+08:00,0,,artifact-r2-bb37fccb38c1c19b22caf365404d34a7fbf44248006a13af225e0a74a65ed288,FIRST_RELEASE
obs-pbc-0fd5e5a48f9fd55e2d6ff1943ba28c45a6e0507872c9bb231aa6cb65e4d66237,MACRO_AFRE_STOCK_YOY,2019-07,10.9,%,pbc-afre-stock-yoy-2019-09-backcast-v1,2019-10-15T16:30:02+08:00,1,obs-pbc-d061811947aaf691a6254a023779636780759f2e7686a675f92849cbc34f75f9,artifact-r2-d465083368e4ee25b49235e48984d01ee07bbfd95f2cb9ddfba06d300d73b6be,BACKCAST
obs-pbc-d8e976fdb4e512924d42dda48bcc3f4362fdadfc801f29c88d892d1bf34bb759,MACRO_AFRE_STOCK_YOY,2019-08,10.7,%,pbc-afre-stock-yoy-2018-09-v3,2019-09-11T17:00:17+08:00,0,,artifact-r2-648719e98b8d7faa2cd8153c0b72db3882c2096dda3a562a55f34c64a137a88e,FIRST_RELEASE
obs-pbc-c230f11873b5360683b1180f67401146b52a4d221001d901e8dd441367865575,MACRO_AFRE_STOCK_YOY,2019-08,10.8,%,pbc-afre-stock-yoy-2019-09-backcast-v1,2019-10-15T16:30:02+08:00,1,obs-pbc-d8e976fdb4e512924d42dda48bcc3f4362fdadfc801f29c88d892d1bf34bb759,artifact-r2-2e7165954569025bff3bf8fa873c335f333beda1a1b2539d7768acceb18f418e,BACKCAST
obs-pbc-2964add09794e935f760ebb272f9a651093016dcf4cee81118b0d00f1cb5499b,MACRO_AFRE_STOCK_YOY,2019-09,10.8,%,pbc-afre-stock-yoy-2019-09-v4,2019-10-15T16:30:02+08:00,0,,artifact-r2-4cd9c050aed9a8188e4dfdc34061d0ba0019f9a96f849c35bb5826ebaf817824,FIRST_RELEASE
obs-pbc-19f3e228227298e49a0c435a15e0e94301184d9bb7b0db8b064e4db5786e66e3,MACRO_AFRE_STOCK_YOY,2019-10,10.7,%,pbc-afre-stock-yoy-2019-09-v4,2019-11-11T17:00:02+08:00,0,,artifact-r2-3950fcfa78f763337b0e02aef2eb3da0887e633e50a8eef96b428b2112453d56,FIRST_RELEASE
obs-pbc-fcb7b768ee16365e9dd3d3ad298cec75d3c2daf3aa1d17008297b615e94eed49,MACRO_AFRE_STOCK_YOY,2019-11,10.7,%,pbc-afre-stock-yoy-2019-09-v4,2019-12-10T17:03:02+08:00,0,,artifact-r2-2bb4b671cc50810940bb1738bebe0b0f15bc4dfa27f56bf45ff1eaa4e86f140f,FIRST_RELEASE
obs-pbc-8e75dd34e8f528e9cae09b4a29a7ab7e452de0041d0cc6a8f17ce8780ca5ceb5,MACRO_AFRE_STOCK_YOY,2019-12,10.7,%,pbc-afre-stock-yoy-2019-12-v5,2020-01-16T15:00:30+08:00,0,,artifact-r2-7357b6fca5758720b418f024289c5dcf8e0080476087f951a2668f2285094ef9,FIRST_RELEASE
obs-pbc-fddda1d5eb40ffe653cd1e7dd25d3c156a44d494f76d5b112ae924c572e10335,MACRO_AFRE_STOCK_YOY,2020-01,10.7,%,pbc-afre-stock-yoy-2019-12-v5,2020-02-20T16:00:10+08:00,0,,artifact-r2-f1a48eec68372b9c19737ffc10d29bea8bd6d2144c9d06518f1b737ac77e729f,FIRST_RELEASE
obs-pbc-14f25db5345177b8ce84fb910537dfdd47e3b20ad968e907b911d4b5ed916cb5,MACRO_AFRE_STOCK_YOY,2020-02,10.7,%,pbc-afre-stock-yoy-2019-12-v5,2020-03-11T16:00:50+08:00,0,,artifact-r2-e6c38bcb101e965758694798a70f17fa06d3f0991d20ea5c6c10a1a150f525de,FIRST_RELEASE
obs-pbc-50a5b9b04f58a765f2f04fea42940016ea487fbcdf04705d3c9920d583ab597c,MACRO_AFRE_STOCK_YOY,2020-03,11.5,%,pbc-afre-stock-yoy-2019-12-v5,2020-04-10T15:31:00+08:00,0,,artifact-r2-6dca5d1644c45085e259a29155f2e1a93959ed853af62176d2979a1bf44d2335,FIRST_RELEASE
obs-pbc-424fe6fd87501bf52446f5aa28c13e5c01ed9d7117038a63154d698d7bad5f42,MACRO_AFRE_STOCK_YOY,2020-04,12.0,%,pbc-afre-stock-yoy-2019-12-v5,2020-05-11T15:30:10+08:00,0,,artifact-r2-2f73d4218129d204abf5b5552845ebb63c66956c30af2ec80597dcb849d8d680,FIRST_RELEASE
obs-pbc-306e459781fc43e3f743777cea5e24e389530d2853c091508cc54a22a51d3cc8,MACRO_AFRE_STOCK_YOY,2020-05,12.5,%,pbc-afre-stock-yoy-2019-12-v5,2020-06-10T16:30:10+08:00,0,,artifact-r2-dba051ba2516ac6880e56829154d23df4a9c542d75cb92f331e5ef33668502af,FIRST_RELEASE
obs-pbc-0ebd1a2a9af68b0b21466a06c2614ccdb523546892beceba3fde2ee12e97f514,MACRO_AFRE_STOCK_YOY,2020-06,12.8,%,pbc-afre-stock-yoy-2019-12-v5,2020-07-10T15:30:10+08:00,0,,artifact-r2-832a54b5e60f994de27503bd1dff4971ab8dd09ae12059134077762075fa446b,FIRST_RELEASE
obs-pbc-b3c20d5dd7494c8c398676928b3445cc005945950720e9be9c92734abf450139,MACRO_AFRE_STOCK_YOY,2020-07,12.9,%,pbc-afre-stock-yoy-2019-12-v5,2020-08-11T16:30:36+08:00,0,,artifact-r2-1c7d82d7c9aaa845442048fe209e715c9216d856c55a1d96ac1e0e52765dcf3b,FIRST_RELEASE
obs-pbc-5854119bcbe3259c4c4eeb21863043fa3979c547928041443938f38d07343794,MACRO_AFRE_STOCK_YOY,2020-08,13.3,%,pbc-afre-stock-yoy-2019-12-v5,2020-09-11T16:00:18+08:00,0,,artifact-r2-f9298f30ac31aaaefeb9eecae66a9cd726fbc9e2ccce3a35b0097140efb05a12,FIRST_RELEASE
obs-pbc-a0a238ddae5ee8bd13b2fcabeed616927d438baea5bc6c081e968441202be099,MACRO_AFRE_STOCK_YOY,2020-09,13.5,%,pbc-afre-stock-yoy-2019-12-v5,2020-10-14T16:31:22+08:00,0,,artifact-r2-60d4da253cdcbb4e933564d3239dedc09cf2292091ff3db331442a7850df924d,FIRST_RELEASE
obs-pbc-9e719c9e4c3117a5ed886eb108b19a9138c2c5a6ba8b232d014e8d55e3309d93,MACRO_AFRE_STOCK_YOY,2020-10,13.7,%,pbc-afre-stock-yoy-2019-12-v5,2020-11-11T16:00:00+08:00,0,,artifact-r2-e300e0490e2465d72d1458db83adc0d8c6e152540de4276dd2a03b552ad618c6,FIRST_RELEASE
obs-pbc-8e24dccaa93e6692da81dab09021220067dc8925bc44e70a0209eb9771cb612d,MACRO_AFRE_STOCK_YOY,2020-11,13.6,%,pbc-afre-stock-yoy-2019-12-v5,2020-12-09T16:12:44+08:00,0,,artifact-r2-9a0bf75e5b4707f8515511c99b4f569444e69319ecaeb170d0fe27690e773cf4,FIRST_RELEASE
obs-pbc-20281c36167b6b365efb7917077e09b17db877b6d5a6d5c522e53aaf673cdbb6,MACRO_AFRE_STOCK_YOY,2020-12,13.3,%,pbc-afre-stock-yoy-2019-12-v5,2021-01-12T19:00:14+08:00,0,,artifact-r2-aa79e6d3822b370fa9045bc27585d830c0b6add2663b65bbba6452a8583691f3,FIRST_RELEASE
obs-pbc-d4f926ba63884b4c653799f45e595c9116cdfb44997ec92af4444578ed7484ca,MACRO_AFRE_STOCK_YOY,2021-01,13.0,%,pbc-afre-stock-yoy-2019-12-v5,2021-02-09T16:00:10+08:00,0,,artifact-r2-f5896293f4b5551614476e0ba75766eabaa2c399a092b6c13186bed0357817ee,FIRST_RELEASE
obs-pbc-147627c0d434eb2c95da8234a7206074a6be099f22dd685f5e51613f29ae639f,MACRO_AFRE_STOCK_YOY,2021-02,13.3,%,pbc-afre-stock-yoy-2019-12-v5,2021-03-10T16:30:10+08:00,0,,artifact-r2-d70895a3da335d40d30484c96d9dbcee8044e207ae6f206dbe3a79a08004b0fa,FIRST_RELEASE
obs-pbc-ada087bdbaf26a5341e2eb81b2087fa2a7a0223bbbd84226f4a84178bfed934f,MACRO_AFRE_STOCK_YOY,2021-03,12.3,%,pbc-afre-stock-yoy-2019-12-v5,2021-04-12T16:00:15+08:00,0,,artifact-r2-fb3ba73749157673a67d44c26134ecf9b4d9d0ba053c7f378d772762dc2c10d6,FIRST_RELEASE
obs-pbc-971559416337cd0a75ae49404d9337cdca0bd364dbe1d132e9ff664db6797cd0,MACRO_AFRE_STOCK_YOY,2021-04,11.7,%,pbc-afre-stock-yoy-2019-12-v5,2021-05-12T16:30:11+08:00,0,,artifact-r2-91fa9aac2539849668781c606a773bbd57331e3a45093763e0cbf032e46e33b3,FIRST_RELEASE
obs-pbc-f2b865d19da43d4328584dce62a74848e203c4b72f099e5cc44b639e58bbd6fb,MACRO_AFRE_STOCK_YOY,2021-05,11.0,%,pbc-afre-stock-yoy-2019-12-v5,2021-06-10T16:00:14+08:00,0,,artifact-r2-18818d60b3e7f251c20a35ef404ac0f53c26562889ea698e3712939ae2ae9d19,FIRST_RELEASE
obs-pbc-1c60ad38fd991c50e7cf09ed41fbfeae32675e21d1391dadf70d052f9be5f7b6,MACRO_AFRE_STOCK_YOY,2021-06,11.0,%,pbc-afre-stock-yoy-2019-12-v5,2021-07-09T17:00:16+08:00,0,,artifact-r2-922c27888aac8573a3aa59a402960413f5806b896c21c91a2364a5e83cff5e3a,FIRST_RELEASE
obs-pbc-e1c15586a00ad1a1b505a25f0043c21459d1b1fabb268f44a7a77dcf098d7c0c,MACRO_AFRE_STOCK_YOY,2021-07,10.7,%,pbc-afre-stock-yoy-2019-12-v5,2021-08-11T16:00:19+08:00,0,,artifact-r2-b4f11742dd63317310d0b752728b0f656e96aa4eb90c264d9fa6f61e06760d21,FIRST_RELEASE
obs-pbc-aa53fd0eb58efff1ec079a859f3b4195797cc66affa9a15ef83de1e3b282bc51,MACRO_AFRE_STOCK_YOY,2021-08,10.3,%,pbc-afre-stock-yoy-2019-12-v5,2021-09-10T16:30:21+08:00,0,,artifact-r2-21db82926346f16f9c53251a614cad815bec1ecff27399b7801a99d44d75ac95,FIRST_RELEASE
obs-pbc-45d7b4aebde241e9a7dc2329446b51daf67fe77bdd3972e31dfd8bf9cdca31c0,MACRO_AFRE_STOCK_YOY,2021-09,10.0,%,pbc-afre-stock-yoy-2019-12-v5,2021-10-13T17:00:22+08:00,0,,artifact-r2-03b2f3fe8d85b54cf83e4684399d8d34d35e5b1035a1307ca880f7806f7767b1,FIRST_RELEASE
obs-pbc-582df747b5ef5cf7bee9b1834f57c6778be091890874857cc0563c20a6b2fd66,MACRO_AFRE_STOCK_YOY,2021-10,10.0,%,pbc-afre-stock-yoy-2019-12-v5,2021-11-10T16:00:12+08:00,0,,artifact-r2-88f796184ba15af84a5d9a1ab2c3fe5ac0a1d25b2c0214a939795544aaaf61ec,FIRST_RELEASE
obs-pbc-94d6c111eea6292ab8153273d56b21babb8b0eee1fcf54a453fdab99eb940896,MACRO_AFRE_STOCK_YOY,2021-11,10.1,%,pbc-afre-stock-yoy-2019-12-v5,2021-12-09T16:30:12+08:00,0,,artifact-r2-e187af5eebca72a8e1d4c0020e66efb6c4d2f60369566517fa982430625c57d5,FIRST_RELEASE
obs-pbc-f7a68a6ac167baaaa6195f14eedfdee783a31eb8a925cb596596b67e1797ef14,MACRO_AFRE_STOCK_YOY,2021-12,10.3,%,pbc-afre-stock-yoy-2019-12-v5,2022-01-12T16:30:15+08:00,0,,artifact-r2-d14a33d7c9c5ee180e331d541d3183a5392fa32c88677dcea67a38c3fea196b1,FIRST_RELEASE
obs-pbc-c4bd1f96d9a30292ac7505e9c00c5effe3fe0388c3221e17f99c879a657050b9,MACRO_AFRE_STOCK_YOY,2022-01,10.5,%,pbc-afre-stock-yoy-2019-12-v5,2022-02-10T18:00:18+08:00,0,,artifact-r2-0118f9f92cf5275067d6716cce681d8d5c96b767d8155e5165204bda935627c1,FIRST_RELEASE
obs-pbc-c4e9932963a773812dd35e6e388199099f01e54401b3eadc674ed320d574b5ff,MACRO_AFRE_STOCK_YOY,2022-02,10.2,%,pbc-afre-stock-yoy-2019-12-v5,2022-03-11T16:00:20+08:00,0,,artifact-r2-c8dff8a99f151b85acf337140b4d044fe41e77aa9a91f8f3d7a2636ac12f954f,FIRST_RELEASE
obs-pbc-b5d6edd1354005d58a530c683dc26e19ee82e21665b2b600a2d81be856fc54de,MACRO_AFRE_STOCK_YOY,2022-03,10.6,%,pbc-afre-stock-yoy-2019-12-v5,2022-04-11T16:00:22+08:00,0,,artifact-r2-43ee6c699bd379046dfdcaad6d9ecb860b1ce7854b8f19e182cae08af887d48b,FIRST_RELEASE
obs-pbc-a19c0e9d38e9a974c7083413c31ecac82e74a1897bf376255c9980d417ec6896,MACRO_AFRE_STOCK_YOY,2022-04,10.2,%,pbc-afre-stock-yoy-2019-12-v5,2022-05-13T16:30:10+08:00,0,,artifact-r2-8c07bd018e92751b1b5eda1f88257ca40efad846ba749e5749f2c781b2811aa8,FIRST_RELEASE
obs-pbc-4011f316e5cb42968b794b0bad402af28aea6f5cd99570aaf7c48b159e337fc1,MACRO_AFRE_STOCK_YOY,2022-05,10.5,%,pbc-afre-stock-yoy-2019-12-v5,2022-06-10T16:00:10+08:00,0,,artifact-r2-5c8d6d3d3db0c8955fd2f530696ccdc89082cd53108917638e4e5ba0fd090add,FIRST_RELEASE
obs-pbc-29a3226a6cb23a19617b3a1ff07119a2f4f56ad1e0a9a57d42e9748ffea79e30,MACRO_AFRE_STOCK_YOY,2022-06,10.8,%,pbc-afre-stock-yoy-2019-12-v5,2022-07-11T17:00:20+08:00,0,,artifact-r2-b51cb3acfc88a31c41a012791ad9e0687dae8f910d97872133ef72604cd3def4,FIRST_RELEASE
obs-pbc-2a73a76690875645d109d91459718ba2aaa673062b0740c38c121701622a45e6,MACRO_AFRE_STOCK_YOY,2022-07,10.7,%,pbc-afre-stock-yoy-2019-12-v5,2022-08-12T18:00:10+08:00,0,,artifact-r2-2bcaa23feda7efabad755380b96ec701fd8e797c48d1914d913ddbc9ff10877c,FIRST_RELEASE
obs-pbc-e1ed488a1a0445b38d0621cc51e916da11a3435c1424df99542ec9ef0d6a6db1,MACRO_AFRE_STOCK_YOY,2022-08,10.5,%,pbc-afre-stock-yoy-2019-12-v5,2022-09-09T16:00:20+08:00,0,,artifact-r2-6f83cae242605d7aac33a7e7bc807e5f113819256bc801dd35cd85e8e7ce23a2,FIRST_RELEASE
obs-pbc-66b27630dcfb4aa017de2b8477d8c419899000626ddb9eb3e020e22c4469e95f,MACRO_AFRE_STOCK_YOY,2022-09,10.6,%,pbc-afre-stock-yoy-2019-12-v5,2022-10-11T20:30:20+08:00,0,,artifact-r2-67f3dc704213b82a8f9513dfbecc4595ca7175163392fd71f3bcadfb4c857c2d,FIRST_RELEASE
obs-pbc-cd5c920116491f71b9e2424ea9c6cfd8aaac4709f2bec0c86cbf12d8d64e8b69,MACRO_AFRE_STOCK_YOY,2022-10,10.3,%,pbc-afre-stock-yoy-2019-12-v5,2022-11-10T18:14:30+08:00,0,,artifact-r2-39434f51b56a482862faf801eca1794707c882fc72b76c34bbbe1f9dee27c11d,FIRST_RELEASE
obs-pbc-fcdd09139adfd97d7a844f68fdf315f66ff3308459533b9dea0d9a458e7f294a,MACRO_AFRE_STOCK_YOY,2022-11,10.0,%,pbc-afre-stock-yoy-2019-12-v5,2022-12-12T16:08:30+08:00,0,,artifact-r2-2dfca261ff65cf82466155f14f0d9b92b32277c03a3a8172336106511cf81d86,FIRST_RELEASE
obs-pbc-120d3818ad1b0b5ed8d283f83898ccfaa0dea840b37e0a98db1fef11d727db24,MACRO_AFRE_STOCK_YOY,2022-12,9.6,%,pbc-afre-stock-yoy-2019-12-v5,2023-01-10T17:05:30+08:00,0,,artifact-r2-f2cb361ffcc92ecc8fcd4ff7720101d35a9180b092ff4ac2085b3c868d176b4d,FIRST_RELEASE
obs-pbc-36ba4f88f2032f46d33f5f0ae1eb0a9e601e3014fbce1a88e3ae976944387f2d,MACRO_AFRE_STOCK_YOY,2023-01,9.4,%,pbc-afre-stock-yoy-2023-01-v6,2023-02-10T17:00:30+08:00,0,,artifact-r2-88c0834bd27e8803d328bb527061ac6a3547adc1e06716f13096c52ec1f6aa0b,FIRST_RELEASE
obs-pbc-bbe2b585e60870a071c3b29e4d3beeba0fc3b14889b8f6f3fd3fe59ce9161dd0,MACRO_AFRE_STOCK_YOY,2023-02,9.9,%,pbc-afre-stock-yoy-2023-01-v6,2023-03-10T16:30:30+08:00,0,,artifact-r2-a090f385aa27c78ce052ee48637a498c6480a79f2d3a9f7d5fd9dcac086e2213,FIRST_RELEASE
obs-pbc-095ab7d32962411b60893a53e02a8a456eb530ff52b0962e50808d0e6bbcba13,MACRO_AFRE_STOCK_YOY,2023-03,10.0,%,pbc-afre-stock-yoy-2023-01-v6,2023-04-11T16:30:30+08:00,0,,artifact-r2-2d7cf24c48908e18978bffd5735540eea991bfa30d784cc915bde77d6a589201,FIRST_RELEASE
obs-pbc-75247ca7a0a5fdabe1fc91c2a6d603f372761b2d1166d8d01bc00cf50341f1d9,MACRO_AFRE_STOCK_YOY,2023-04,10.0,%,pbc-afre-stock-yoy-2023-01-v6,2023-05-11T16:00:30+08:00,0,,artifact-r2-2a01f28ce453cb36484d260fd2f9799141f91d2065a2075eec62f234bb23d20d,FIRST_RELEASE
obs-pbc-3d854faefa80a575cb333b3d283c5e988d8c5714c645fd49678ea6e81e5c2cbb,MACRO_AFRE_STOCK_YOY,2023-05,9.5,%,pbc-afre-stock-yoy-2023-01-v6,2023-06-13T16:00:48+08:00,0,,artifact-r2-4dbc26e6cadd09dbb0b6ea3b17272e0358d67f2bc18b82962bdff09329e10455,FIRST_RELEASE
obs-pbc-4be2b188687da1396650a5ba802303f74cfe4246f8ee9948b453591a0b16adc0,MACRO_AFRE_STOCK_YOY,2023-06,9.0,%,pbc-afre-stock-yoy-2023-01-v6,2023-07-11T17:30:30+08:00,0,,artifact-r2-a1bb4e2dbb126c431de9db494986185bc37c12609bc6f195ff70b6c3ff5b5a99,FIRST_RELEASE
obs-pbc-69358a217c9f3a785b87833a62a60d4a04dc13573592f922acfb818f9d4a67b4,MACRO_AFRE_STOCK_YOY,2023-07,8.9,%,pbc-afre-stock-yoy-2023-01-v6,2023-08-11T16:30:30+08:00,0,,artifact-r2-52d4ba78207daf32f8bf8b155765b95ca935480708c3a00f547ffa9b2609f717,FIRST_RELEASE
obs-pbc-3fa1de1a37f9e8163e67d9bb31d2a9e13b989dff2519f05be7d75bad8003fe5e,MACRO_AFRE_STOCK_YOY,2023-08,9.0,%,pbc-afre-stock-yoy-2023-01-v6,2023-09-11T12:40:30+08:00,0,,artifact-r2-67b25e679b6011155545f5096b186a3be6280002c14bd429622e21f3c3cedd46,FIRST_RELEASE
obs-pbc-7233cd57af01d4d7a5de36f601921ec0be7ef240ff46dc76a1dccb3ff93eb584,MACRO_AFRE_STOCK_YOY,2023-09,9.0,%,pbc-afre-stock-yoy-2023-01-v6,2023-10-13T16:00:30+08:00,0,,artifact-r2-fa2407679cf66f39c3804da5974906dbc89f0e83b0d1bbcff3e74e7078393ffa,FIRST_RELEASE
obs-pbc-db7c71711944d85f0a2debeae8186a5cfcb67e3db25e4dc992d15037118f70bd,MACRO_AFRE_STOCK_YOY,2023-10,9.3,%,pbc-afre-stock-yoy-2023-01-v6,2023-11-13T18:00:30+08:00,0,,artifact-r2-bec108d590a2b401ad5058b7f4bdfc2266badc0a38d36ca4231c78f9f7d5c5dc,FIRST_RELEASE
obs-pbc-6ebfc59eaf7d8198435da43b08fd32f227a49875c21c823f07870c58138228d5,MACRO_AFRE_STOCK_YOY,2023-11,9.4,%,pbc-afre-stock-yoy-2023-01-v6,2023-12-13T17:00:30+08:00,0,,artifact-r2-442461eb0289a11d5b9d7d15a8e0aad8adebd6529101f155366b3a296361d424,FIRST_RELEASE
obs-pbc-b26ce03ef491c5334b4d801ebacf49fd7150197f1534a2ade1c08313656b8159,MACRO_AFRE_STOCK_YOY,2023-12,9.5,%,pbc-afre-stock-yoy-2023-01-v6,2024-01-12T17:35:30+08:00,0,,artifact-r2-ae56c1e3791a89cce9a2b8ef529830b52a3d1e72e70662ef8639241d76636fac,FIRST_RELEASE
obs-pbc-a4b274adb85d887fdedde5527dc1142ce425515d50cf7d37db0dbbf177a2d594,MACRO_AFRE_STOCK_YOY,2024-01,9.5,%,pbc-afre-stock-yoy-2023-01-v6,2024-02-09T15:00:28+08:00,0,,artifact-r2-ded20bc5a33d787c2b8ebaa3fe3e7e8bb458619842ef1ce1d122a9a4f8e7deab,FIRST_RELEASE
obs-pbc-d3248cf9792b8e9e348c2eb3396dda21acbfbd3fe606ef3c7114bcc7e361c13c,MACRO_AFRE_STOCK_YOY,2024-02,9.0,%,pbc-afre-stock-yoy-2023-01-v6,2024-03-15T16:30:30+08:00,0,,artifact-r2-0563718135abedcc6ef0d2dea6a51859034cd8e3c0c2f14081bd25371e09a772,FIRST_RELEASE
obs-pbc-e821442eb0f1be24bdd0e5c692220ddbe2d8d40103dc97a575d8d15c6ebc63fe,MACRO_AFRE_STOCK_YOY,2024-03,8.7,%,pbc-afre-stock-yoy-2023-01-v6,2024-04-12T18:43:30+08:00,0,,artifact-r2-18da2f1bb6f4b1cae64cab31f4846577d2c07e9ef7c2917cff36afbd791b0e06,FIRST_RELEASE
obs-pbc-49d5045b13535f527c424d2fa7852c5e08542ce120cfcc73e6b138cb45c0b24f,MACRO_AFRE_STOCK_YOY,2024-04,8.3,%,pbc-afre-stock-yoy-2023-01-v6,2024-05-11T17:00:30+08:00,0,,artifact-r2-35d725d9826be4b0cde20d037e455bfbd4484dc87b566d1311ae90a4c3529200,FIRST_RELEASE
obs-pbc-ca112de9a9648549e12f1c41b23550401084aacd57bcbd9d116930d3ffdcfea9,MACRO_AFRE_STOCK_YOY,2024-05,8.4,%,pbc-afre-stock-yoy-2023-01-v6,2024-06-14T17:00:30+08:00,0,,artifact-r2-b81a7ac9e4a32bd61ca04caee5254bd0ac9ee97d91d7af6f0e95024bc7933efe,FIRST_RELEASE
obs-pbc-fede15ab9f6a1f856dc72605745da85ec76a5667965c06d210a601aeccf7f038,MACRO_AFRE_STOCK_YOY,2024-06,8.1,%,pbc-afre-stock-yoy-2023-01-v6,2024-07-12T17:00:30+08:00,0,,artifact-r2-d293a1496fdf8b3df5e0afcd82cdd09c7d4a60f6f9301d251b23da6b6d045659,FIRST_RELEASE
obs-pbc-a0e966b93f61c76adbeb94ef9146dd17c92b0d766077a54937fc2c51a9e92918,MACRO_AFRE_STOCK_YOY,2024-07,8.2,%,pbc-afre-stock-yoy-2023-01-v6,2024-08-13T17:00:30+08:00,0,,artifact-r2-7320ba0f2c6040b45cf7e9fcb87e9eb41f97615f8bbb6a6b141e865e03a9279e,FIRST_RELEASE
obs-pbc-cbf57ebb6bbaca058f6faefa20a1ce3611a06792ccd5d3a4bba9d4bf675cca5c,MACRO_AFRE_STOCK_YOY,2024-08,8.1,%,pbc-afre-stock-yoy-2023-01-v6,2024-09-13T19:26:30+08:00,0,,artifact-r2-7e63bf188a556cf4a1478224d0b0d39d274813eecf4580f519819652aba3ce38,FIRST_RELEASE
obs-pbc-22a68018e92b8678642e15fd3887732dc5b1bebafbb6dc1d0aa4387aa6614fa0,MACRO_AFRE_STOCK_YOY,2024-09,8.0,%,pbc-afre-stock-yoy-2023-01-v6,2024-10-14T17:00:31+08:00,0,,artifact-r2-25ee705353feff45f2a2f35cdc0c7145e8b66115b43f4afa7253c18234e6c4fe,FIRST_RELEASE
obs-pbc-9b503e0f03249b75cff8f210c26a530f0aed6fbc8b93d1139c14abca57a44255,MACRO_AFRE_STOCK_YOY,2024-10,7.8,%,pbc-afre-stock-yoy-2023-01-v6,2024-11-11T16:30:21+08:00,0,,artifact-r2-16c833c90ddca327b0fcbc67985d0243de74f50f46bfb118e8416b3b080f3fe6,FIRST_RELEASE
obs-pbc-911d0b27ab61fb1384d89531acbdcf9480a0674a91489ae622e07add3dc7e07e,MACRO_AFRE_STOCK_YOY,2024-11,7.8,%,pbc-afre-stock-yoy-2023-01-v6,2024-12-13T19:00:22+08:00,0,,artifact-r2-6fb803d0d99382432f4dc6fa802e51f9977bcffd265676e5327a35a464cc03dd,FIRST_RELEASE
obs-pbc-b92796273d182f48afa06ad4bfcc6b41e9f2501140e27be8d5e57ebab8ebed7d,MACRO_AFRE_STOCK_YOY,2024-12,8.0,%,pbc-afre-stock-yoy-2023-01-v6,2025-01-14T15:07:45+08:00,0,,artifact-r2-e98d041c64614943ebc1716005aa3de801b1da019f9c2b360c1da1ca63a6be9f,FIRST_RELEASE
obs-pbc-1fc4db9124cbb3b4b616eaec011b722c2503a4ea5741776059d7964bce1872f1,MACRO_M2_BALANCE,2005-01,25.78,万亿元,pbc-m2-balance-pre-2011-v1,2005-02-17T14:06:00+08:00,0,,artifact-r2-ab8042de5d3cf4d59d632999ba3f5eaa91c9056289801cc5236b10b0be378bce,FIRST_RELEASE
obs-pbc-1ba42bf85f22729ba9ef81ed9b95f5a9556af596504edc6c80ef2e14a676cea3,MACRO_M2_BALANCE,2005-02,25.94,万亿元,pbc-m2-balance-pre-2011-v1,2005-03-10T09:57:00+08:00,0,,artifact-r2-33cd74d2d64661c4e1ac2b5e45d2f7368d0ad3722faaed8753751bf993ec1ccd,FIRST_RELEASE
obs-pbc-60de509321f54bf112796a7c36fc5766c18506c2eca410e18390f061406fd8f0,MACRO_M2_BALANCE,2005-03,26.5,万亿元,pbc-m2-balance-pre-2011-v1,2005-04-14T16:19:00+08:00,0,,artifact-r2-9c914e515dce85cf8cddb1954dd60f570b00a92299629b8e38c09a95c348fb4b,FIRST_RELEASE
obs-pbc-f94a1fdb8a76170a431ec4d173f44c9b241ef3a80ac4e1967807d829950c00a1,MACRO_M2_BALANCE,2005-04,26.7,万亿元,pbc-m2-balance-pre-2011-v1,2005-05-13T13:31:00+08:00,0,,artifact-r2-f9b9f2f2d359b921a979d532c68163fd75420c8ed5fd6dc4c9646dc543ab84e8,FIRST_RELEASE
obs-pbc-a5f9bd5100068a9c93f2066fd3df51ef9016a8e4cd5eae0a1cc1707cf28d603c,MACRO_M2_BALANCE,2005-05,26.92,万亿元,pbc-m2-balance-pre-2011-v1,2005-06-10T14:01:00+08:00,0,,artifact-r2-734c6fbb4f9c5ba69ea35c1f63c152c1a5afdd27225c3641471b0ca843c6ced3,FIRST_RELEASE
obs-pbc-d7f35d3e1f13ba3979aec24c0832dec2a3898e50be9d84b7c32435ddb27ecedd,MACRO_M2_BALANCE,2005-06,27.6,万亿元,pbc-m2-balance-pre-2011-v1,2005-07-14T15:34:00+08:00,0,,artifact-r2-f472a6093c67c9b689beb0ff7c86a5e3c29d005688f4fa413edaf2df8486a4d0,FIRST_RELEASE
obs-pbc-33850646c78ac476322ee5e2eeffded82f41becd87d126284233adeb02faa0c4,MACRO_M2_BALANCE,2005-07,27.7,万亿元,pbc-m2-balance-pre-2011-v1,2005-08-12T15:01:00+08:00,0,,artifact-r2-07ee136548873893dd926e0ce081fce390499fb84c746e6b2f818a538fc2c8a6,FIRST_RELEASE
obs-pbc-563dc3835d419da0441ebd2829c3886e9e361114134ce2c3097a486381fd1a69,MACRO_M2_BALANCE,2005-08,28.13,万亿元,pbc-m2-balance-pre-2011-v1,2005-09-13T13:02:00+08:00,0,,artifact-r2-34b5b97a698b31b563038998b0de4970c36e71518a448012f97c0fed6b65144b,FIRST_RELEASE
obs-pbc-7d8a7ba9aedc1dd06284777a031db807c808c8c1a065cb9ce3ac59cc47e407d1,MACRO_M2_BALANCE,2005-09,28.7,万亿元,pbc-m2-balance-pre-2011-v1,2005-10-14T16:29:00+08:00,0,,artifact-r2-0def6a17dc5dc589c3cd8ca7540aba06d2921f43c98e94bf6fdedbbc1477a0d4,FIRST_RELEASE
obs-pbc-7c63df24fec3ea09688d72466a8de66c1ae49d8ef6bc0db1cd6660b7d6306316,MACRO_M2_BALANCE,2005-10,28.76,万亿元,pbc-m2-balance-pre-2011-v1,2005-11-11T15:01:00+08:00,0,,artifact-r2-b87f27f13192f9e03f439d3225dcce6051271fb57bc45a7d32d194a6f9932522,FIRST_RELEASE
obs-pbc-d26f950b0eccb8891c11fda4ee7d5c81805a181c05f7dff291fec8b6f19b8acc,MACRO_M2_BALANCE,2005-11,29.24,万亿元,pbc-m2-balance-pre-2011-v1,2005-12-12T14:59:00+08:00,0,,artifact-r2-11049145250ff7aa4a4c94b8e8b1f47b6c209ac7167a24003935a0571622b29b,FIRST_RELEASE
obs-pbc-b1e51cf5125ffb838e2fd8cec51773d75d2c4486aba622772e79abc7d607fb41,MACRO_M2_BALANCE,2005-12,29.88,万亿元,pbc-m2-balance-pre-2011-v1,2006-01-15T10:01:00+08:00,0,,artifact-r2-b66a3796b0c67233939454dbd77a12ec82e1e28f6e4a5c630136a96583bffd34,FIRST_RELEASE
obs-pbc-884a14880e6b952166fee6400c4e9761ae5c13a4a3c08311264c13d2ac79f360,MACRO_M2_BALANCE,2006-01,30.35,万亿元,pbc-m2-balance-pre-2011-v1,2006-02-14T16:50:00+08:00,0,,artifact-r2-73933371880be17e44826453b683981f76ec43d9593c05dfb91e59124abe4635,FIRST_RELEASE
obs-pbc-f1e72aff46c2cf6e392041396da03e9aac203fd9229cf9680a9211106edc643e,MACRO_M2_BALANCE,2006-02,30.45,万亿元,pbc-m2-balance-pre-2011-v1,2006-03-15T17:25:00+08:00,0,,artifact-r2-95343cd4d099fc37fa48bf0020e2a87421d8ab7edfba4ea4f5e8235f49df13f6,FIRST_RELEASE
obs-pbc-c903522265ff690d20f68b0a05a15d213de9b354ba28fb6a6d040e294e0b425e,MACRO_M2_BALANCE,2006-03,31.05,万亿元,pbc-m2-balance-pre-2011-v1,2006-04-14T14:01:00+08:00,0,,artifact-r2-56279c9f8132fc236a5eee5259ba0c5c1f1328ce8ea38a3277a3e486fb587786,FIRST_RELEASE
obs-pbc-96ea38b4158f0412a993476c96310584dc4a3b4afe970b2651f3ad45eaa54db1,MACRO_M2_BALANCE,2006-04,31.37,万亿元,pbc-m2-balance-pre-2011-v1,2006-05-15T15:01:00+08:00,0,,artifact-r2-15443d458faf20f35ec61c31dc657fa4a9b4f83e50536df1a04507c635444566,FIRST_RELEASE
obs-pbc-8da23c8ab9020726fef3692b7b4fe40e0413a94195cbcaf36ba581dc5e448031,MACRO_M2_BALANCE,2006-05,31.67,万亿元,pbc-m2-balance-pre-2011-v1,2006-06-14T16:51:00+08:00,0,,artifact-r2-465c7e0b109f727daba734962fe144913de3682d505711d9feceacaeffcfff8d,FIRST_RELEASE
obs-pbc-39f663a12f56b3b239069df942b2d55c1619a0187217d1199fe077ac4dec49d4,MACRO_M2_BALANCE,2006-06,32.28,万亿元,pbc-m2-balance-pre-2011-v1,2006-07-14T16:30:00+08:00,0,,artifact-r2-c66efbf269296f884826b05f986469e4ca279bfb0c1183e5ed09d096b23097bb,FIRST_RELEASE
obs-pbc-c9e76a3e2bb2882456eb31e120aa8c911b8bc196b4187de8dde0d06eabca54d3,MACRO_M2_BALANCE,2006-07,32.4,万亿元,pbc-m2-balance-pre-2011-v1,2006-08-11T15:01:00+08:00,0,,artifact-r2-cccbd7c736e3bb94dc48157ca2187fa1c35b5e3ec59d5736f76d948fa03d0b26,FIRST_RELEASE
obs-pbc-7ee0419a21099f325e242287a287951b885a6d2da8fbccc3412a9183e1ab7952,MACRO_M2_BALANCE,2006-08,32.79,万亿元,pbc-m2-balance-pre-2011-v1,2006-09-14T15:02:00+08:00,0,,artifact-r2-20b98c7404680368cac4b0655fe3d66db7bcb45b97f11514a6964f8166a77666,FIRST_RELEASE
obs-pbc-ca26268172f49f15d8b3970dcbcbb20cbffa6c7d298f2bf7538d6d4ddc702079,MACRO_M2_BALANCE,2006-09,33.19,万亿元,pbc-m2-balance-pre-2011-v1,2006-10-13T16:01:00+08:00,0,,artifact-r2-b92fcc699fe59d7440808dc1b88d32ffbf4b6f591496abd413ff674925ed0f6d,FIRST_RELEASE
obs-pbc-25e0f8734155d2936a8105091a50b204c81661e56aae3b152c9274d179e02619,MACRO_M2_BALANCE,2006-10,33.27,万亿元,pbc-m2-balance-pre-2011-v1,2006-11-13T15:01:00+08:00,0,,artifact-r2-7b1c951509c0ea4b0db424a3105a99b90b7e544ffbfd42cd0f624990f2e38fcf,FIRST_RELEASE
obs-pbc-aac6414946130af1021ec1dca6aee01d8c41257b2c813489b77d56b86cc2532b,MACRO_M2_BALANCE,2006-11,33.75,万亿元,pbc-m2-balance-pre-2011-v1,2006-12-14T16:30:00+08:00,0,,artifact-r2-2140d7289228121aee6a3e2f5ea0f138c1d6759d3a7a298c46665ba4b43e10aa,FIRST_RELEASE
obs-pbc-5319fd3fdf8f81392bc6000cb7823da8421e6d0a45b6269af4b2b88e88d01a75,MACRO_M2_BALANCE,2007-01,35.2,万亿元,pbc-m2-balance-pre-2011-v1,2007-02-15T15:01:00+08:00,0,,artifact-r2-87ae5bf5c1e9a55985175918f7f06d46ee378fac6d58083fdb598ee15cf77a49,FIRST_RELEASE
obs-pbc-748df809d1c783cb4f321b9ecef9793a91bab551312d5940aa856fa511a35e7e,MACRO_M2_BALANCE,2007-02,35.9,万亿元,pbc-m2-balance-pre-2011-v1,2007-03-12T17:01:00+08:00,0,,artifact-r2-9fabdccb541cdcf595ebc38a829f24510f2e92c6732558efd0922e8c6621f978,FIRST_RELEASE
obs-pbc-1a5a2aed615f0dc301477358d0b93d3129c8920a73a76194493d1df94d187e5b,MACRO_M2_BALANCE,2007-03,36.41,万亿元,pbc-m2-balance-pre-2011-v1,2007-04-12T15:04:00+08:00,0,,artifact-r2-3a43b59912b4ec3daba9ee3242bd9452729852f804bed5ec915eef4e93cee28f,FIRST_RELEASE
obs-pbc-ca277495b39f68e065a346e2bab23f242cda05646c19439e41a742bdae02d5f1,MACRO_M2_BALANCE,2007-04,36.7,万亿元,pbc-m2-balance-pre-2011-v1,2007-05-13T15:01:00+08:00,0,,artifact-r2-abbd3d2d974752120129bcd36e4c5d3e9fcc8694e7def9800b279d1710e36ee4,FIRST_RELEASE
obs-pbc-7e72c07f84a1e48253ad967a7302173e0e36df5d5926ff22b2f27af6becd11f4,MACRO_M2_BALANCE,2007-05,36.97,万亿元,pbc-m2-balance-pre-2011-v1,2007-06-12T15:51:00+08:00,0,,artifact-r2-4e5f8bf91aed88897a96a8c6bca256b7379f6db7c83b2d82914e6e4eb299f095,FIRST_RELEASE
obs-pbc-29e368db4a1fcaf8ff1a85f841ac0cf3a27578fc5e8c92f1aa4968f021dce4ac,MACRO_M2_BALANCE,2007-06,37.78,万亿元,pbc-m2-balance-pre-2011-v1,2007-07-11T18:45:00+08:00,0,,artifact-r2-5bdd848acc5ad9103b21b2b3e65da6bd61780f6debd77bff288f22330d6bc7d0,FIRST_RELEASE
obs-pbc-7fcac9c97f706377abbc6f965e5e351a209e00e59ead34bc368a4ff4b201bf82,MACRO_M2_BALANCE,2007-07,38.39,万亿元,pbc-m2-balance-pre-2011-v1,2007-08-10T15:30:00+08:00,0,,artifact-r2-ffa6ef404eef050e4bdc5fd335c3981679c4fc50de676716c7978c0f62de770c,FIRST_RELEASE
obs-pbc-0b087441673afb180814801904b0024fe6e44a2f988be2f11f7a289c40ead4f2,MACRO_M2_BALANCE,2007-08,38.72,万亿元,pbc-m2-balance-pre-2011-v1,2007-09-12T16:20:00+08:00,0,,artifact-r2-71998ffc88fdc8f8cc6f7421f81b23a63d7cbd240b199c6a45e1ac44ad07174e,FIRST_RELEASE
obs-pbc-190cd5843cf195526ccf8bb1878ecabef549d52ca09b3e441adcd1a7f5b19bfe,MACRO_M2_BALANCE,2007-09,39.31,万亿元,pbc-m2-balance-pre-2011-v1,2007-10-12T18:38:00+08:00,0,,artifact-r2-d4a66efa5745e66a0369b131056e581f3adb3a2addcd0081bb9a7bae722f1bea,FIRST_RELEASE
obs-pbc-7875fa5cacaded06fa100560901c5f795529c13e654134f560ec4bcb9df9fc3c,MACRO_M2_BALANCE,2007-10,39.42,万亿元,pbc-m2-balance-pre-2011-v1,2007-11-12T16:30:00+08:00,0,,artifact-r2-d054d585e14b3d4885c97375425bc9c6d6eeef187b897d96614d53af1e19d052,FIRST_RELEASE
obs-pbc-e676f68643b3dd7c2ea009306d22d612acdbcfec4cfb1bad3bfa715aae02ad67,MACRO_M2_BALANCE,2007-11,39.98,万亿元,pbc-m2-balance-pre-2011-v1,2007-12-10T17:25:00+08:00,0,,artifact-r2-78643643dc7915725b935e358eab2ccb4dcc66c829c3e8afe233818d1e2403fe,FIRST_RELEASE
obs-pbc-11a4d84cd010a2c7eebb5768c99bc5df43501d1e4fb3c99a39ba9b4a9a6b119b,MACRO_M2_BALANCE,2007-12,40.34,万亿元,pbc-m2-balance-pre-2011-v1,2008-01-11T18:20:00+08:00,0,,artifact-r2-431dd9bb6bad3ee08053145b19c1db02fae64465e31ab82b1c850fe57398d57a,FIRST_RELEASE
obs-pbc-17d92b0735b876f93fd74858819a216e6a31ce64bd87e01753b173757bac36cd,MACRO_M2_BALANCE,2008-01,41.78,万亿元,pbc-m2-balance-pre-2011-v1,2008-02-14T15:00:00+08:00,0,,artifact-r2-d6e747aeca92ee53da58bca71abd1f6465719752f13d6dce4db36405e5006596,FIRST_RELEASE
obs-pbc-b7dfd2f23191aa536700d5e194c6ef128c1e513ff30be1c167b6e6716cfa918f,MACRO_M2_BALANCE,2008-02,42.1,万亿元,pbc-m2-balance-pre-2011-v1,2008-03-12T17:00:00+08:00,0,,artifact-r2-aa0846d26ef36dc7d9909dc6734ad88377ff15c80ee5b28b9d5e08a8fdafb493,FIRST_RELEASE
obs-pbc-bf10497c0331ec3b9a21073cc61c34c274fd7506f9052f909863a42d1dddeb00,MACRO_M2_BALANCE,2008-03,42.31,万亿元,pbc-m2-balance-pre-2011-v1,2008-04-11T16:09:00+08:00,0,,artifact-r2-2fe44a67829f14e8f92ece42dbb05e436a0014d57f9614a02d457bbc260bbb05,FIRST_RELEASE
obs-pbc-b46c8cf67314e410f632a7225fc99bfe2d739838ca5ed3a4cdbb4a28aad65dd3,MACRO_M2_BALANCE,2008-04,42.92,万亿元,pbc-m2-balance-pre-2011-v1,2008-05-13T15:30:00+08:00,0,,artifact-r2-37a0266ba2e2ce68fa0a9cac354b12a1f3d9976073ee26d36ed7c9229e11d2e3,FIRST_RELEASE
obs-pbc-92529e56c476b4c4270bc3ae92b81602ac0ae6a27c5b14692806915e61093c08,MACRO_M2_BALANCE,2008-05,43.62,万亿元,pbc-m2-balance-pre-2011-v1,2008-06-12T14:30:00+08:00,0,,artifact-r2-09e8a95bd997727d40763dc9e9bc92a0ea1e5aa07e6868c1a308a3728c6d7d00,FIRST_RELEASE
obs-pbc-e2300ae6c3e4884b2ec6c85b49224d624bc2321636935d0f29a78796916e294f,MACRO_M2_BALANCE,2008-06,44.31,万亿元,pbc-m2-balance-pre-2011-v1,2008-07-14T12:30:00+08:00,0,,artifact-r2-b4ecd01d9b4882758e5a20cc580b3521d84671e31b584f03e971ec6cd67a3c93,FIRST_RELEASE
obs-pbc-c4233ddeeaa818d600c5dffaca1eff2bdb19a0ff59a1020670641e8a977ed4f1,MACRO_M2_BALANCE,2008-07,44.64,万亿元,pbc-m2-balance-pre-2011-v1,2008-08-13T17:10:00+08:00,0,,artifact-r2-7f8102580738928f11da9de96e476cad3b1d96b146f173fd944117fb4cbdf5f1,FIRST_RELEASE
obs-pbc-1f6bc0722486cdd2a425a126648ffb125a172f6dd019f2bfc1d42a0f561e989d,MACRO_M2_BALANCE,2008-08,44.9,万亿元,pbc-m2-balance-pre-2011-v1,2008-09-12T10:30:00+08:00,0,,artifact-r2-7492fc5b44e1272cf924a80e3af5ce6fe26cab35f91bf1f7ae7e9d8074aa048c,FIRST_RELEASE
obs-pbc-bd820acc06cf73aff6326ad01978ab49ea006a7c1075dc839d4591422a501e93,MACRO_M2_BALANCE,2008-09,45.29,万亿元,pbc-m2-balance-pre-2011-v1,2008-10-14T15:30:00+08:00,0,,artifact-r2-186cf4c92119541d386b7f6728a34cf0e352ed9f88ed8305fc5e0815334f0a5f,FIRST_RELEASE
obs-pbc-81e2350f6f36f24da023ecf643b5ce295997c7e99de371962e816209904d440a,MACRO_M2_BALANCE,2008-10,45.31,万亿元,pbc-m2-balance-pre-2011-v1,2008-11-12T17:00:00+08:00,0,,artifact-r2-f065e5d9a3602ffe3bff6e519459c3ed0f579ce8f967d9507acacce991d3491f,FIRST_RELEASE
obs-pbc-088936ac4797ae6b02341459eab3e388e4dbdfa756da276ccd37512a471001ac,MACRO_M2_BALANCE,2008-11,45.86,万亿元,pbc-m2-balance-pre-2011-v1,2008-12-15T11:14:00+08:00,0,,artifact-r2-2889a06277c7bdc175f8d93785b28428f64d98b1ed7de4cc4661451afd672cc9,FIRST_RELEASE
obs-pbc-84c1f0f5442e4880fb6e7004c1bf3fe50cff893b40d51997fa2af7850254ee7d,MACRO_M2_BALANCE,2008-12,47.52,万亿元,pbc-m2-balance-pre-2011-v1,2009-01-13T17:00:00+08:00,0,,artifact-r2-ea1073e6fd07fb36550781f95368e2fd852a702509c89408034b3b82855e6a6e,FIRST_RELEASE
obs-pbc-4e17edcc56704e74f0d7e2ad18a288ceb291baaf908b3ff6292bd3db8964113f,MACRO_M2_BALANCE,2009-01,49.61,万亿元,pbc-m2-balance-pre-2011-v1,2009-02-12T10:00:00+08:00,0,,artifact-r2-0afb2f26cffdc09752abc18ff352b6b25be9dd7c021eaac3d835d37df313a761,FIRST_RELEASE
obs-pbc-5c50ab1cc23ffc3151b1a4f6b7c58f8cb60fc1521ee205921b2a3ebb0af0febf,MACRO_M2_BALANCE,2009-02,50.71,万亿元,pbc-m2-balance-pre-2011-v1,2009-03-12T10:00:00+08:00,0,,artifact-r2-2814c77d5dad73813c54b0554ffbaf6a6a9f82a449d8f3be938c3699ce6dffe5,FIRST_RELEASE
obs-pbc-2d0a77dbf528573947c787190b5c6c2d9d234b8eb66573d214af62da5a23ed16,MACRO_M2_BALANCE,2009-03,53.06,万亿元,pbc-m2-balance-pre-2011-v1,2009-04-11T20:00:57+08:00,0,,artifact-r2-2fa0b6ee8e373c389ea7f8e5a6a5588af0f3f38e9594af3262cdeac57d29918d,FIRST_RELEASE
obs-pbc-231eff4c9a453124f53e8c8b307b4d02ba20acd91d5af55d8f403beb83087e56,MACRO_M2_BALANCE,2009-04,54.05,万亿元,pbc-m2-balance-pre-2011-v1,2009-05-11T20:31:15+08:00,0,,artifact-r2-2f77db8d6bd8d71eb39ce51322daad12da0a57f8965531db0b708529661fa957,FIRST_RELEASE
obs-pbc-dcaae6f1497471f47e4ce919d54937cf4774ddb8c98036957fef2fa050377721,MACRO_M2_BALANCE,2009-05,54.82,万亿元,pbc-m2-balance-pre-2011-v1,2009-06-12T20:48:28+08:00,0,,artifact-r2-35380818e000abf0ad7163f25add3c519eb1b3ebe92900b9ced2b961a2acd225,FIRST_RELEASE
obs-pbc-980e03abf638d6e6295c8c1da1e411aaedf67a3879ee82d19d7cb7db40932617,MACRO_M2_BALANCE,2009-06,56.89,万亿元,pbc-m2-balance-pre-2011-v1,2009-07-15T20:57:21+08:00,0,,artifact-r2-d8fbd29f01f9608e01805be4f55a33702491f6f571894239b45234a271263a0a,FIRST_RELEASE
obs-pbc-bcc6a608cf0f6b44899c07b05ac62d444b88a0d3b70e1858aa96f009ec63ee7c,MACRO_M2_BALANCE,2009-07,57.3,万亿元,pbc-m2-balance-pre-2011-v1,2009-08-11T12:05:30+08:00,0,,artifact-r2-6979f18763e881669e9f4b3f7406e1fd51a526d9e913714495a233f4d35ffa7d,FIRST_RELEASE
obs-pbc-300977f56bcbce7267047c1a3020664032fed0224354fcf200dc773481cfd7fb,MACRO_M2_BALANCE,2009-08,57.67,万亿元,pbc-m2-balance-pre-2011-v1,2009-09-11T10:08:00+08:00,0,,artifact-r2-ce05e45edf520b1f6854e62273c60856b97c8e3d63f7f3748df83a74d7b3945e,FIRST_RELEASE
obs-pbc-4fa240dd1125d49d50cf5102c34c1d053005a976149ca0f723a73a8e9982282a,MACRO_M2_BALANCE,2009-09,58.54,万亿元,pbc-m2-balance-pre-2011-v1,2009-10-14T16:00:00+08:00,0,,artifact-r2-7da18a880cc47c80c9a69de46764b8bbac6ee9cbacd70283b4f3103dfa180362,FIRST_RELEASE
obs-pbc-ac357d7f6bc96019b9053ab31cb72c1c02ea72ca0aca94566f5c7eb006e0d185,MACRO_M2_BALANCE,2009-10,58.62,万亿元,pbc-m2-balance-pre-2011-v1,2009-11-11T10:10:00+08:00,0,,artifact-r2-94f7ee18e0c8cb5013dc125afe19676e480e4f9289e0834ce74aabe925bbf2d0,FIRST_RELEASE
obs-pbc-cefc8f7c0db2cd764d43069ae9fb0055b2fe16b51c479f5b3e4ab1e47330e056,MACRO_M2_BALANCE,2009-11,59.46,万亿元,pbc-m2-balance-pre-2011-v1,2009-12-11T10:03:00+08:00,0,,artifact-r2-32177720c650025becb69dbd03e3102c92bd2975250b580583be0691d338d02a,FIRST_RELEASE
obs-pbc-560275575551c11271f56e0f328d48a5b699b1b95f9c066563118c112b429ef2,MACRO_M2_BALANCE,2009-12,60.62,万亿元,pbc-m2-balance-pre-2011-v1,2010-01-15T16:00:00+08:00,0,,artifact-r2-0604292a1ee0118272c097d14f277c1bd0b14dd624877809e8b962d38b56e01f,FIRST_RELEASE
obs-pbc-388c8498b1913880e682d9f618e3089ffed3522bd2f2c2ea9f40f7385696f68c,MACRO_M2_BALANCE,2010-01,62.51,万亿元,pbc-m2-balance-pre-2011-v1,2010-02-11T18:20:09+08:00,0,,artifact-r2-b2545d00638ff804c3793459711d47b7a5b091dbd159f9674844de06de974cbf,FIRST_RELEASE
obs-pbc-7c25392544b27ed82a4a346f7174865810328bd9649ad2d09de002a479e823fe,MACRO_M2_BALANCE,2010-02,63.6,万亿元,pbc-m2-balance-pre-2011-v1,2010-03-11T18:20:09+08:00,0,,artifact-r2-e8d8b3f3ede10ca202215b6e0bf692bdc52f68a7d2b9c7025a17342d3bfe6915,FIRST_RELEASE
obs-pbc-ae64b470efb91807316c5a5c91e056685ebca01cad1465d0e851544d3fbf8530,MACRO_M2_BALANCE,2010-03,65.0,万亿元,pbc-m2-balance-pre-2011-v1,2010-04-12T16:30:04+08:00,0,,artifact-r2-66a66b92247e500e2714dec98c78bb5fd12531479510cfddd1f9b1a9518eeb4b,FIRST_RELEASE
obs-pbc-f1e00aeea27cfe7a9dc21726da01a3de4c2bcc0657f1713052256f4f32fa3a70,MACRO_M2_BALANCE,2010-04,65.66,万亿元,pbc-m2-balance-pre-2011-v1,2010-05-11T10:00:45+08:00,0,,artifact-r2-c0e36c668e046bc807281e77256dd255c95ff5d450f9d054ce86c456ed42e804,FIRST_RELEASE
obs-pbc-1d52f6fed457895a69394de3341d24a965dc4f420d29ea9ac9297c8c8a93545f,MACRO_M2_BALANCE,2010-05,66.34,万亿元,pbc-m2-balance-pre-2011-v1,2010-06-11T10:00:30+08:00,0,,artifact-r2-814cb294c4455310b204d89f33268829d8455b7f2da707898ab0438dd048a940,FIRST_RELEASE
obs-pbc-c3e2c53a2baea8b08a80c3880638f2a70e6bd3ec698ecc36783c7d179e9ecad1,MACRO_M2_BALANCE,2010-06,67.39,万亿元,pbc-m2-balance-pre-2011-v1,2010-07-11T11:00:53+08:00,0,,artifact-r2-74972ac977c42d1ecd4cd010c49351160c993b9d1b3b26b90ef406d5a38f1d43,FIRST_RELEASE
obs-pbc-a10039a18711213f0a39b1721b2980908c817463a60faf12746381aa40937d14,MACRO_M2_BALANCE,2010-07,67.41,万亿元,pbc-m2-balance-pre-2011-v1,2010-08-11T11:00:01+08:00,0,,artifact-r2-80a5dbe5765b4e78f962c95330c74763e4cfca04078d9bb9b299d16c43ef03a1,FIRST_RELEASE
obs-pbc-52cf0ba06cd9f37b072e07138667f7df14d32d9062f414426ed3f495da32c620,MACRO_M2_BALANCE,2010-08,68.75,万亿元,pbc-m2-balance-pre-2011-v1,2010-09-11T10:00:46+08:00,0,,artifact-r2-567d9c4e4dfef4e910d09767ec2cb766c2ab78e0c2852996514c7e978f041df4,FIRST_RELEASE
obs-pbc-0e34e81285afd1dd5261f9f48bd7bcd4b56c914bc7b983c5747470bd84391365,MACRO_M2_BALANCE,2010-09,69.64,万亿元,pbc-m2-balance-pre-2011-v1,2010-10-13T13:59:32+08:00,0,,artifact-r2-f84d1cfec9f0c19eb24f786bfc364c5bf4c8473c2ec4ced01b3da3225ef9247b,FIRST_RELEASE
obs-pbc-75ad9f1c7ab3e6e797f3873e4ec8ebd94e29054b216ed517c62c9bf35320487f,MACRO_M2_BALANCE,2010-10,69.98,万亿元,pbc-m2-balance-pre-2011-v1,2010-11-11T10:00:00+08:00,0,,artifact-r2-61be04926cc372ab59647caf186f6e96b179c11f624017befa4285326a1e8bfc,FIRST_RELEASE
obs-pbc-ce9eceafcd0b4c98b3e3b93ad2331a68826d1bbcfd74ba3134338a7a10af6cee,MACRO_M2_BALANCE,2010-11,71.03,万亿元,pbc-m2-balance-pre-2011-v1,2010-12-10T15:05:00+08:00,0,,artifact-r2-99332ddd7fd538739fae5c70ef4562e1db6529f01ea77457c11e201b07fc8510,FIRST_RELEASE
obs-pbc-38aac072a12068178317ff7daf32dd3b5c3a3eec0a73b21a1bb0f75dfc538589,MACRO_M2_BALANCE,2010-12,72.58,万亿元,pbc-m2-balance-pre-2011-v1,2011-01-11T10:00:00+08:00,0,,artifact-r2-39e936c966b107ac58b69adb9aacb6261b2595da86bf48c4502b16c16f9a7dde,FIRST_RELEASE
obs-pbc-cc832b50fb8aa1cdc2d9a34cf56be75bd75486bbb6b65e13ccabd21b27fd8de6,MACRO_M2_BALANCE,2011-01,73.56,万亿元,pbc-m2-balance-pre-2011-v1,2011-02-15T15:00:10+08:00,0,,artifact-r2-d83d607247395e56f10f444f162c65ab4331f380ba3856993450e626629b30be,FIRST_RELEASE
obs-pbc-51eae660001bded808edb3018b07ed5ba03b56364fd66f8adfd174dea2a4db56,MACRO_M2_BALANCE,2011-02,73.61,万亿元,pbc-m2-balance-pre-2011-v1,2011-03-14T10:05:54+08:00,0,,artifact-r2-f8054a4794a66d56a0b2c9ee4037b976dbfd78f95feb991bf5ea60a4ccc99053,FIRST_RELEASE
obs-pbc-8247590d965c9d7b43f51ed0f8d16ac9e0f9672a4d56988ffad42d2ffd5ceb4f,MACRO_M2_BALANCE,2011-03,75.81,万亿元,pbc-m2-balance-pre-2011-v1,2011-04-14T15:07:19+08:00,0,,artifact-r2-ad75407fe1a4631a350c7125af44fd963103f4f01cf31e94b5251a31ffcc4ddf,FIRST_RELEASE
obs-pbc-a6d129c59eb3e9d8f478c8f126d1df946141f05912776f1123ddea34e2229795,MACRO_M2_BALANCE,2011-04,75.73,万亿元,pbc-m2-balance-pre-2011-v1,2011-05-11T10:00:01+08:00,0,,artifact-r2-e510f717ab9b49c6a009cd95e066b7b28d2e71ea52967063a6aa1fa36e3f902e,FIRST_RELEASE
obs-pbc-80ec05073247d87c29bcf8054d3eeba6cdb2c1ad7d5549bfd8053748c219a482,MACRO_M2_BALANCE,2011-06,78.08,万亿元,pbc-m2-balance-pre-2011-v1,2011-07-12T10:00:00+08:00,0,,artifact-r2-e9f848c15eb0e0426127327aabfc4c4853e37082f668e13f93e5444234a72718,FIRST_RELEASE
obs-pbc-a600eada5545059e182e737363dd6ab66d866d4ce8b85430d6ef483ee4466b56,MACRO_M2_BALANCE,2011-07,77.29,万亿元,pbc-m2-balance-pre-2011-v1,2011-08-12T15:05:00+08:00,0,,artifact-r2-03fa61dbc530fd5f6915a160d74ea1e9f506a8fc572c5db6d3a027192edad069,FIRST_RELEASE
obs-pbc-4b98c231a3d237778471cb31174566ba2f80f5ca4d2f41fea45971866ac9b8ff,MACRO_M2_BALANCE,2011-08,78.07,万亿元,pbc-m2-balance-pre-2011-v1,2011-09-11T10:00:00+08:00,0,,artifact-r2-acfc70b165a9052c73ca8fa3bbb81cb7e93c0bc69899dc7cafea74f0ddd78ab6,FIRST_RELEASE
obs-pbc-07889b73bb08bc08330955869d530c2d3972690e15eefdfb7a9d37801605616b,MACRO_M2_BALANCE,2011-09,78.74,万亿元,pbc-m2-balance-pre-2011-v1,2011-10-14T15:05:00+08:00,0,,artifact-r2-792a4634d4437f49e5acde952104f4072c24292f04b795eb81d6610b003cc92f,FIRST_RELEASE
obs-pbc-43ed2209d0a697867e5ec8202f6874c2b87e7bbb7f0bb4f424bb92305280e89c,MACRO_M2_BALANCE,2011-10,81.68,万亿元,pbc-m2-balance-2011-v2,2011-11-11T15:05:06+08:00,0,,artifact-r2-56b11c1f665b557b16447aa7cb9bfa333ff1f07b32c1c3786c89242747487533,FIRST_RELEASE
obs-pbc-19d371f5861f59f75e16e81bb0dd8a08345d9209a58a558c8840e1be15087391,MACRO_M2_BALANCE,2011-11,82.55,万亿元,pbc-m2-balance-2011-v2,2011-12-14T15:05:00+08:00,0,,artifact-r2-9c9ec137272417ac72c41d2aeedf6e485dffd2203a4d6cc13ff71c1d663f7b09,FIRST_RELEASE
obs-pbc-1be9ca653bbd4f5c3db66f2f3546d9380c0326bd596eac3b4a671a2a0facb3e5,MACRO_M2_BALANCE,2011-12,85.16,万亿元,pbc-m2-balance-2011-v2,2012-01-08T17:00:00+08:00,0,,artifact-r2-28685590157416ffd9f54c4709998e4838fe41a0641e2a389702b978b6db09d2,FIRST_RELEASE
obs-pbc-074d8ebb408682ab2431e860736c63538a9b51bf50c27d2131381a69dea996e5,MACRO_M2_BALANCE,2012-01,85.58,万亿元,pbc-m2-balance-2011-v2,2012-02-10T17:00:05+08:00,0,,artifact-r2-a3e45517febae1103a6648739dcadab8f4c30edbf46d8d1aa427738fe0f42719,FIRST_RELEASE
obs-pbc-c7d45b08408a4ad1b8fea72460462593d3a7ae43b66f57a584626b28d11d7646,MACRO_M2_BALANCE,2012-02,86.72,万亿元,pbc-m2-balance-2011-v2,2012-03-09T16:00:00+08:00,0,,artifact-r2-f13700b4bb75046d570991a27ee4ae4ecb69a7b8702fad3d5245eb2f5c20d892,FIRST_RELEASE
obs-pbc-c0f0e7a957705017bbd12bef4ec88ea300713bf6af19e66e8c1cb53705579344,MACRO_M2_BALANCE,2012-03,89.56,万亿元,pbc-m2-balance-2011-v2,2012-04-12T16:00:00+08:00,0,,artifact-r2-bf279a869796c4fefbf0260904a71b59341d4a1da3a08e9e45b8ab212b377fe7,FIRST_RELEASE
obs-pbc-b29fbe561c47081edd40f0f516d6cad63116fc0c6c0e68638690b59dcee72101,MACRO_M2_BALANCE,2012-04,88.96,万亿元,pbc-m2-balance-2011-v2,2012-05-11T16:00:00+08:00,0,,artifact-r2-97f559d7d5886496a10fa9774062c80e0dc9726d1945b948a64bbfa3a2a371ca,FIRST_RELEASE
obs-pbc-d3d374e5a4b3ce725afe381a921c9e31de55f24edeb4bbf540a7fdb44267bd6b,MACRO_M2_BALANCE,2012-05,90.0,万亿元,pbc-m2-balance-2011-v2,2012-06-11T16:00:00+08:00,0,,artifact-r2-9607180cd5e9e83ab1884ff1f0a3b949d14cb94fbf12ae5dc14d90d36972158e,FIRST_RELEASE
obs-pbc-9a5bf0b3f0894a638d525a4034658a8ae3f8697b6a442ea134b90798ab632d60,MACRO_M2_BALANCE,2012-06,92.5,万亿元,pbc-m2-balance-2011-v2,2012-07-12T16:00:00+08:00,0,,artifact-r2-94fa78a898b6dd0450b3022567f1637667acbd10fc2201906c485b41326643f9,FIRST_RELEASE
obs-pbc-c865dd5e819f31c84e414dd9ffb6c21c39b67e8df2529cbf07d806d8c8869d2d,MACRO_M2_BALANCE,2012-07,91.91,万亿元,pbc-m2-balance-2011-v2,2012-08-10T13:00:00+08:00,0,,artifact-r2-ef0df569fdc46d77d4bace7f430dccdeb8a5ecc92c510007599c23ade0941a4e,FIRST_RELEASE
obs-pbc-c8cf7931ce63d564ea5aecd2068a73024dd14b335ac3ca2c1586315c632915ad,MACRO_M2_BALANCE,2012-08,92.49,万亿元,pbc-m2-balance-2011-v2,2012-09-11T16:00:00+08:00,0,,artifact-r2-149d565cefb3297a28df393aae7cdb6238d750214ba38caadf53f21d623f1469,FIRST_RELEASE
obs-pbc-3c0b0bbe15bb6b73b74839bde95bc561bc6e51c4a27d0f139e27c6a2ea2b7d2f,MACRO_M2_BALANCE,2012-09,94.37,万亿元,pbc-m2-balance-2011-v2,2012-10-13T15:00:00+08:00,0,,artifact-r2-db56dc6fbfe14e78aa4ddd38f08734abbfccd59fb85d56882e39b4aa09a01b99,FIRST_RELEASE
obs-pbc-391bbc010debe257e63e4f853e45134cabdaf19e225192c3e62cd9c08c625d03,MACRO_M2_BALANCE,2012-10,93.64,万亿元,pbc-m2-balance-2011-v2,2012-11-12T16:00:00+08:00,0,,artifact-r2-c243d68770e69b735ca6955c07715b3967be1bd5bca1448ec2fcb5f5d2bcefbf,FIRST_RELEASE
obs-pbc-059e874fdf896ba04da0862b291720abb6928617c3054b77866e32c9e0c03c99,MACRO_M2_BALANCE,2012-11,94.48,万亿元,pbc-m2-balance-2011-v2,2012-12-11T16:02:09+08:00,0,,artifact-r2-0ca0ea98847bc08b8eae9b43363368eefe1be959c2dffba829922341c9e6f4c2,FIRST_RELEASE
obs-pbc-77a088a5d4987f660035afa26bd82d505214ab21103c18be3219f0ccbc00956e,MACRO_M2_BALANCE,2012-12,97.42,万亿元,pbc-m2-balance-2011-v2,2013-01-10T08:32:40+08:00,0,,artifact-r2-6e7cbe2b62e9e60d41a02ea44568b0b050f83a26375f42d3127bc47a9775b142,FIRST_RELEASE
obs-pbc-91b3da4353fc077c04a2a6d7f561db6d5dee0b1835f9bf52544ae201d6e9c9c5,MACRO_M2_BALANCE,2013-01,99.21,万亿元,pbc-m2-balance-2011-v2,2013-02-08T16:02:45+08:00,0,,artifact-r2-9767aed4f4f4e3959cde0db0efe07cc9034355a5aabda11178f120f95d9aed01,FIRST_RELEASE
obs-pbc-adba1a8dec4b7dbbe6f7b4a93794852e686271a1ea1251f4d9380d6c02ce562b,MACRO_M2_BALANCE,2013-02,99.86,万亿元,pbc-m2-balance-2011-v2,2013-03-10T15:00:00+08:00,0,,artifact-r2-3e5428b7d08bf85cea5aef547571e274ad7569db9ad999941d202cdf1ae0489f,FIRST_RELEASE
obs-pbc-6d618a6a2628b36c787a95219ec776593eda36d06963c9ff3acf62f12ef891dc,MACRO_M2_BALANCE,2013-03,103.61,万亿元,pbc-m2-balance-2011-v2,2013-04-11T09:00:00+08:00,0,,artifact-r2-da27528c3b0becb4e66858679f155285131e129676ee046663fce56b4ae4605f,FIRST_RELEASE
obs-pbc-7e487c989edec7719bfc0df37de4287b076e86747735ac700337d2a45b180d36,MACRO_M2_BALANCE,2013-04,103.26,万亿元,pbc-m2-balance-2011-v2,2013-05-10T16:00:00+08:00,0,,artifact-r2-768f875cd390455d366c14d473c26dc812c7c14ebaa2c8d19781365e33560dfa,FIRST_RELEASE
obs-pbc-9f87106a2c5b0c0f0d8735c36875744f26b17f2763032cdd95f1aff5d5c38988,MACRO_M2_BALANCE,2013-05,104.21,万亿元,pbc-m2-balance-2011-v2,2013-06-09T10:02:21+08:00,0,,artifact-r2-9a530ea16a5ba5e271a6402742802a8b4a9e342df3885bf06399b7028e194f29,FIRST_RELEASE
obs-pbc-ff2a39bb4c162af84c1af30619d3cb4fe6690ea14affa05e39d22f7692335344,MACRO_M2_BALANCE,2013-06,105.45,万亿元,pbc-m2-balance-2011-v2,2013-07-12T16:00:50+08:00,0,,artifact-r2-021251def41ea4be43e256b3ff5f46083f68efecdda60ffddf51a77afbe1b235,FIRST_RELEASE
obs-pbc-f1eb5cffb7b53ce28a5ebcda3d36b1de463d90f53e23bc6d7cee30b12dc520bc,MACRO_M2_BALANCE,2013-07,105.24,万亿元,pbc-m2-balance-2011-v2,2013-08-09T16:04:23+08:00,0,,artifact-r2-1068e99179fabba4e8ec7b18e8ebd7dff8dbbe3356ae066068143be1c6588a78,FIRST_RELEASE
obs-pbc-60e662f5d14690b82881dd55380c68c4d395b70056ec7120c1386408e92ea04c,MACRO_M2_BALANCE,2013-08,106.12,万亿元,pbc-m2-balance-2011-v2,2013-09-10T15:57:52+08:00,0,,artifact-r2-9cb1d0ee26008b189b088a2309b9a113ca109dc11ee0b077249aa89ee4616add,FIRST_RELEASE
obs-pbc-7dc3d148c9cf6c3bc1f294212c2ec70644c75ab63d6d46798f007a60b0ce79aa,MACRO_M2_BALANCE,2013-09,107.74,万亿元,pbc-m2-balance-2011-v2,2013-10-14T16:00:51+08:00,0,,artifact-r2-616c590248c075d6908a5b75a7f876e96bf2ef2af280c078f0fa41449c974a03,FIRST_RELEASE
obs-pbc-1d523cd1c2dd9bc5a53acc4b9e91dab66315475a93bb61fc1589966a234c41fe,MACRO_M2_BALANCE,2013-10,107.02,万亿元,pbc-m2-balance-2011-v2,2013-11-11T16:08:52+08:00,0,,artifact-r2-f4149c0509a9b84b964e2ec37dd46d29f93c7d37c777c88f4488dce2121c501b,FIRST_RELEASE
obs-pbc-c0db44505e34ac063e42150f6a124b73a7282e15a77c0e1881430b2e8d7dc130,MACRO_M2_BALANCE,2013-11,107.93,万亿元,pbc-m2-balance-2011-v2,2013-12-11T16:01:42+08:00,0,,artifact-r2-9acbfc904bc53bbc1f373fe2d127332ca5eff12b154625104aae181bbeb88b8d,FIRST_RELEASE
obs-pbc-590a096ee00e19dde84ec0fff2b47c306531bf9f0f09f4544b542ce7b0243488,MACRO_M2_BALANCE,2013-12,110.65,万亿元,pbc-m2-balance-2011-v2,2014-01-15T10:10:21+08:00,0,,artifact-r2-43fc94e733b17211bfd808d4f2772b8918fc7cfed6edaaaa7220168c3b5a85a0,FIRST_RELEASE
obs-pbc-d46a2536f7bb8a734830989f746ee325b02605af03dcd0085b96b15021c3bdd4,MACRO_M2_BALANCE,2014-01,112.35,万亿元,pbc-m2-balance-2011-v2,2014-02-15T16:01:06+08:00,0,,artifact-r2-51ae53e11f5bbc547933c097044982458c9301f16472294ac9c39b0dc7941515,FIRST_RELEASE
obs-pbc-bfd0eb3ab7c8c96bfa001eea81f3047b4a33fda131b175ae45943e946700c822,MACRO_M2_BALANCE,2014-02,113.18,万亿元,pbc-m2-balance-2011-v2,2014-03-10T16:02:28+08:00,0,,artifact-r2-a07ebadd67bca2aba69e3af91a99933ed06c4e3a8f09eeb8178f8fc08da41a62,FIRST_RELEASE
obs-pbc-cfd555f616691eba729070502e5908a403eafd2c594f96133ad3e7e69fc6b1ca,MACRO_M2_BALANCE,2014-03,116.07,万亿元,pbc-m2-balance-2011-v2,2014-04-15T10:00:24+08:00,0,,artifact-r2-2500d2bdd3b906247a6f75bd151de5edeac5d8b206255b19d25dcbb433352c33,FIRST_RELEASE
obs-pbc-02799598c07e58d3e8ce55046b1ca782148349e2f5a0938d61b8aa0e3e5023c5,MACRO_M2_BALANCE,2014-04,116.88,万亿元,pbc-m2-balance-2011-v2,2014-05-12T16:00:38+08:00,0,,artifact-r2-d9d7b12519cba034a815e1402daf3d3537c582c9f662fae12d113e9ccce3d341,FIRST_RELEASE
obs-pbc-6f446e1a5f4697b35926eb5ed948348f6c5d6638bc425c225c4c389771604d89,MACRO_M2_BALANCE,2014-05,118.23,万亿元,pbc-m2-balance-2011-v2,2014-06-12T16:00:22+08:00,0,,artifact-r2-c541bfe0a673c06831bc3cf2f9af552339cdd0718b570348dc5033e76d8239eb,FIRST_RELEASE
obs-pbc-42ea64c3594a1b1b9684a7d33a2148888ccd8b46a46da588e13c4851355db177,MACRO_M2_BALANCE,2014-06,120.96,万亿元,pbc-m2-balance-2011-v2,2014-07-15T10:15:30+08:00,0,,artifact-r2-60727242d53e6dac0fb852299e287582f8700e9c228f4f155b0f014a893b75fd,FIRST_RELEASE
obs-pbc-ba93e5f5b55f48e9841716a4ebb9e94458ad800448a8055e5ac32efdbf9e9f73,MACRO_M2_BALANCE,2014-07,119.42,万亿元,pbc-m2-balance-2011-v2,2014-08-13T10:30:42+08:00,0,,artifact-r2-e7d89da431029a88b28a311ddeb394efd5926c24c5337f948b811b288df7f547,FIRST_RELEASE
obs-pbc-aa0e4a2e055a3b63fb4083c82741cf181a3903d6e40cea9d6bb8a16be8f66755,MACRO_M2_BALANCE,2014-08,119.75,万亿元,pbc-m2-balance-2011-v2,2014-09-12T10:01:01+08:00,0,,artifact-r2-066918953f1e8fb1ecbe8dfb90147b7fd49e39a5cf29c4fb9ec319c1d5a0af18,FIRST_RELEASE
obs-pbc-2d5e04c4f38d52557abb189c99e578eb80cd677d30542ec0b9dfa4bc6bc8e226,MACRO_M2_BALANCE,2014-09,120.21,万亿元,pbc-m2-balance-2011-v2,2014-10-16T10:00:17+08:00,0,,artifact-r2-f7a121cad7d5a4fc9ce683b08c220f4201452c4e708eb86479e7beb253bd4a5e,FIRST_RELEASE
obs-pbc-115e8f7880c6a6d506abf5763645aad0b3a0c91307ef14b81896031d51c68655,MACRO_M2_BALANCE,2014-10,119.92,万亿元,pbc-m2-balance-2011-v2,2014-11-14T16:00:14+08:00,0,,artifact-r2-731aa151b6e9e7b829d20f7102872fd2576b0a48f8a04edc01899bab6d07f49a,FIRST_RELEASE
obs-pbc-6545fe122a184c054a51625b16b49e1b9d3ad396b7bfcb806ac6bb45f3a13ccd,MACRO_M2_BALANCE,2014-11,120.86,万亿元,pbc-m2-balance-2011-v2,2014-12-12T16:00:11+08:00,0,,artifact-r2-b21931a0f0c3b2fa4303b2320193c4d6c32553f8c7e82740e1b234df055df206,FIRST_RELEASE
obs-pbc-7f4533f7e7eb154e1d1b16a0bcf8603e61d8b1b20022b0395ad3b6bb0357abf6,MACRO_M2_BALANCE,2014-12,122.84,万亿元,pbc-m2-balance-2011-v2,2015-01-15T10:00:56+08:00,0,,artifact-r2-5490305921e0c4a9cbdba50b2e2e4a5ec335ef9e3fbb8c4d528aef10342b7ab2,FIRST_RELEASE
obs-pbc-a901e85527139c9c8a0e0059eca20dc29a049565d9467283e051ec2b4c55de4d,MACRO_M2_BALANCE,2015-01,124.27,万亿元,pbc-m2-balance-2011-v2,2015-02-13T16:58:58+08:00,0,,artifact-r2-21506401c16d83cf78c6c85018bb80ded512745cfa25f407e670933e0b7eb004,FIRST_RELEASE
obs-pbc-e3272812215a6129317a8c26dea8e7f954b96f56c5c8aa8e07e45f690ad82e4a,MACRO_M2_BALANCE,2015-02,125.74,万亿元,pbc-m2-balance-2011-v2,2015-03-12T14:31:17+08:00,0,,artifact-r2-9eca29a1348bc4ad2f0ffcad6899a507c2e805289c57a015edc96ae121813a01,FIRST_RELEASE
obs-pbc-8758291ed08f2c690380677d774e2335c3651c347822096e4a21c15c17f11b44,MACRO_M2_BALANCE,2015-03,127.53,万亿元,pbc-m2-balance-2011-v2,2015-04-14T16:00:34+08:00,0,,artifact-r2-68c8f868c4fecac3c0dd5d603e781b2ed549e4fc8a478c6af5dc9fe0f26ec76a,FIRST_RELEASE
obs-pbc-c63008573b7462f110db743b4bdaf9dd2209761473cfc79b33619476c04024c7,MACRO_M2_BALANCE,2015-04,128.08,万亿元,pbc-m2-balance-2011-v2,2015-05-13T16:01:36+08:00,0,,artifact-r2-b14b39876b2807d0bc93578f63d837b4897181fd58c7f3ef0b8cf01e165e6909,FIRST_RELEASE
obs-pbc-de871d6ba2a082907d05a60e7a4602faaeee2dbff97efd04f0e31e786f3065d6,MACRO_M2_BALANCE,2015-05,130.74,万亿元,pbc-m2-balance-2011-v2,2015-06-11T15:01:02+08:00,0,,artifact-r2-bb59c175474a1e46fe98e6b02440040ea6e504532ad5d4b53e9f6ab4c44143f6,FIRST_RELEASE
obs-pbc-88c46846b05787a51962d6bc9b8e17d007b3a63e8ab607845f02b5f11edff011,MACRO_M2_BALANCE,2015-06,133.34,万亿元,pbc-m2-balance-2011-v2,2015-07-14T10:02:28+08:00,0,,artifact-r2-ce938417653b59bfcc262f9ad27a8c2e40eb39546255a776a2fa613ee1eed71c,FIRST_RELEASE
obs-pbc-637b6c18a092e42b966eef15572d8771a4b877f40dcf8f45fedd31418fc20248,MACRO_M2_BALANCE,2015-07,135.32,万亿元,pbc-m2-balance-2011-v2,2015-08-11T08:25:03+08:00,0,,artifact-r2-41db6a647e546aa204fca88e42c4c3634338c5e41beb1d69884803f8e494d949,FIRST_RELEASE
obs-pbc-6cd92ccdb166275251dbc745ba7ddcd959dd9971bb7f82fbbb814683e91cdb9a,MACRO_M2_BALANCE,2015-08,135.69,万亿元,pbc-m2-balance-2011-v2,2015-09-11T16:00:41+08:00,0,,artifact-r2-265e3b15b64277f8558f7d0b4d2010a8317d3563ff837e20c6cf691424592bdc,FIRST_RELEASE
obs-pbc-ed81c7ba6cae8f56f4342b0ef0ec8605aac8a9f41f8601f7a21d32c296713daa,MACRO_M2_BALANCE,2015-09,135.98,万亿元,pbc-m2-balance-2011-v2,2015-10-15T16:00:00+08:00,0,,artifact-r2-578d75959b880b5e4f8db8af6c3ed661469f94b43a0316610a732d572e7ad189,FIRST_RELEASE
obs-pbc-21933f6807a6a8f456c5fc773adbbdabaf7c47b135b19d6709a922ed8e16f879,MACRO_M2_BALANCE,2015-10,136.1,万亿元,pbc-m2-balance-2011-v2,2015-11-12T16:00:00+08:00,0,,artifact-r2-1d2af792cb6824e789d6b56ca5caae7750dde972027604faba524fc80328bd14,FIRST_RELEASE
obs-pbc-74e8eff8a397b07e7f7daece719135ed31f65db9f37bf58338f143ae2dc1aa55,MACRO_M2_BALANCE,2015-11,137.4,万亿元,pbc-m2-balance-2011-v2,2015-12-11T16:00:00+08:00,0,,artifact-r2-bd02abcc67ec3cef933fa2af0c24c7c048936bfb47e9a282e3a4ce26c3131d1b,FIRST_RELEASE
obs-pbc-b69089575b635f6040cbadea2ad5c63d233380b05ffa2ccb8ab90b1f4a88e130,MACRO_M2_BALANCE,2015-12,139.23,万亿元,pbc-m2-balance-2011-v2,2016-01-15T10:00:11+08:00,0,,artifact-r2-e9c8058a48f22e84e5fec73a1cadb9e5106f1fe4799443675fc73446c8b5004d,FIRST_RELEASE
obs-pbc-c4293337ac5176a601ad26fe9acbe7c3b3135922bad569b37fb7fa85234468aa,MACRO_M2_BALANCE,2016-01,141.63,万亿元,pbc-m2-balance-2011-v2,2016-02-16T10:00:00+08:00,0,,artifact-r2-aaae04d91f22198c6b629ff6001e2a3386af5dc199ed31a4729a66ce5446ce93,FIRST_RELEASE
obs-pbc-209359ef50ea8aec9a09bf439331567a3c42b74a05fad3853b51465f892f50a8,MACRO_M2_BALANCE,2016-02,142.46,万亿元,pbc-m2-balance-2011-v2,2016-03-11T19:30:00+08:00,0,,artifact-r2-75cab33c03ec85afee30a7ab4a03ef0b687c65e0c7d2c1ce37eff90388235a72,FIRST_RELEASE
obs-pbc-b3af4fd4a3f5fe42e393e9c40c1ed34bc97eef2b05682e4f6a22f0f5ab466120,MACRO_M2_BALANCE,2016-03,144.62,万亿元,pbc-m2-balance-2011-v2,2016-04-15T10:00:00+08:00,0,,artifact-r2-3ede827bad74fd39b4e7ebcc8dcb1b6c6e41f0af099d3f32499256ca59bf09ef,FIRST_RELEASE
obs-pbc-c1b437f05793fca5d3cc710c4a0b95cf76be604fcaaea3b40ae579229cb5f1d2,MACRO_M2_BALANCE,2016-04,144.52,万亿元,pbc-m2-balance-2011-v2,2016-05-13T16:00:00+08:00,0,,artifact-r2-92646a32448c3dabd9858dcf2d0291d05c9ab4860df81e382e48a94da66f3484,FIRST_RELEASE
obs-pbc-dee78b68f386adc419a9efb5323c257d7cdc02269cbc4aa85fca696d7452a72e,MACRO_M2_BALANCE,2016-05,146.17,万亿元,pbc-m2-balance-2011-v2,2016-06-15T16:00:11+08:00,0,,artifact-r2-27ac152ac736e6627f82e57ac1ca70e3fd9ca34591b158c3904b5d4a0554d4da,FIRST_RELEASE
obs-pbc-fcb1a5009b96cc6d57552d6413a9947266290b9ebc440ed23c45b2d9b027e540,MACRO_M2_BALANCE,2016-06,149.05,万亿元,pbc-m2-balance-2011-v2,2016-07-15T10:00:00+08:00,0,,artifact-r2-aebb9a8774a43aae70eca96ff22bbf8efb5820d066f53f862e7a81ef5f2cb361,FIRST_RELEASE
obs-pbc-919110e909e2e7d3cd4af70d641478f850c7ffa934ca453c515fb2d196bd06eb,MACRO_M2_BALANCE,2016-07,149.16,万亿元,pbc-m2-balance-2011-v2,2016-08-12T16:00:00+08:00,0,,artifact-r2-d58e0e539377dd1d6f3ded18fb7f225aa6982f1096e8028d1ec5d1f174d16975,FIRST_RELEASE
obs-pbc-36c59ba1398197afea3c4e45da4a5d75ed7a2ccb3ca341f2feede623a57a8fed,MACRO_M2_BALANCE,2016-08,151.1,万亿元,pbc-m2-balance-2011-v2,2016-09-14T16:00:00+08:00,0,,artifact-r2-579041c385e3342e1226d94285ae7ae3f14bdd6ed7d385de76bde46084ac1e3d,FIRST_RELEASE
obs-pbc-93246939030af356e4fbf32e99a80c18d7a96d64b92927879d996635739c64d1,MACRO_M2_BALANCE,2016-09,151.64,万亿元,pbc-m2-balance-2011-v2,2016-10-18T15:00:00+08:00,0,,artifact-r2-961ae534fa600a7dbb0cad00a265b0935e43a6edd2c905ab5134d8824adc0f76,FIRST_RELEASE
obs-pbc-1aba5433fbd6c8ebf5e2154eef7bb64dfe886f51681301564aca4192dc5279ef,MACRO_M2_BALANCE,2016-10,151.95,万亿元,pbc-m2-balance-2011-v2,2016-11-11T16:30:20+08:00,0,,artifact-r2-a3ba29cd7f3b1d1706a1f80360be22f856e26fdff8450e27a355ea5cbef89a13,FIRST_RELEASE
obs-pbc-295854c22978162c1707d62ca681545ff170eb540e2550673c0f266608640c70,MACRO_M2_BALANCE,2016-11,153.04,万亿元,pbc-m2-balance-2011-v2,2016-12-14T15:00:00+08:00,0,,artifact-r2-96e01121b9e0e4fcfe17e2c3d98def9d64e7731e00fe0e91de3d7c5a54bdb0e4,FIRST_RELEASE
obs-pbc-af9b95e564ed0476facf9f25760696ab71e6322659959193f34f615bb80d54b6,MACRO_M2_BALANCE,2016-12,155.01,万亿元,pbc-m2-balance-2011-v2,2017-01-12T17:00:00+08:00,0,,artifact-r2-8091fbc789c5240bf70cc6e3a55697ba3114ce2169eca04d0f4496243bc33156,FIRST_RELEASE
obs-pbc-e58641f139cf4468dd99c4f91b06287fce0711ba3560c558c951520eae83b24d,MACRO_M2_BALANCE,2017-01,157.59,万亿元,pbc-m2-balance-2011-v2,2017-02-14T17:00:01+08:00,0,,artifact-r2-c43c777edf411c40d107e398e9fe493a1d2d84f1a494bb835ada129b71c71861,FIRST_RELEASE
obs-pbc-774e08ac03ae4fe48e9a54a5777b92e53d6d9a83bd72634bd9efb446e76ba6d2,MACRO_M2_BALANCE,2017-02,158.29,万亿元,pbc-m2-balance-2011-v2,2017-03-09T17:00:12+08:00,0,,artifact-r2-709569c3f8d88bdad760935baa9996ebebe399e7c9b4bd4896e127a24787f42f,FIRST_RELEASE
obs-pbc-8d7144847ac1060149007f12066b7dc128002bd1600cc11a2bc6804777bf45ee,MACRO_M2_BALANCE,2017-03,159.96,万亿元,pbc-m2-balance-2011-v2,2017-04-14T15:00:05+08:00,0,,artifact-r2-08a68d48211c5efe1177de11d0556d4c6af19f7a28662169ab2650c3add8ed49,FIRST_RELEASE
obs-pbc-191892aa9d3750283ddc19abaf9375b808d4d9aa152f43dbf05b5fe822316bb1,MACRO_M2_BALANCE,2017-04,159.63,万亿元,pbc-m2-balance-2011-v2,2017-05-12T16:00:05+08:00,0,,artifact-r2-7c2f080886cd3d16d00f8aa1f5d96671c11fd28032d9503dda1836ad5559edd4,FIRST_RELEASE
obs-pbc-c1d29315b00c68d2fe70e76d7bffd495d1f78ed582aaccf7708a6d028f2f8743,MACRO_M2_BALANCE,2017-05,160.14,万亿元,pbc-m2-balance-2011-v2,2017-06-14T17:05:10+08:00,0,,artifact-r2-a31626d704eb881bc8c0016b9e1a1f608a8dfd64f7255d4542bfc479d1b7aa1e,FIRST_RELEASE
obs-pbc-0f70ba8b60a2ee416aa366cd843acf757d145477862c7d4b3fc5c698019b4e42,MACRO_M2_BALANCE,2017-06,163.13,万亿元,pbc-m2-balance-2011-v2,2017-07-12T16:00:08+08:00,0,,artifact-r2-c7b8439e64c3ec93edd7423f5dc923b471cebe3e0c1a49c05b0ca52e108f9cc2,FIRST_RELEASE
obs-pbc-b3985b43d4c07d21769f331241a4a092576c6ca99b72d4aeb2ffd39a10189ac4,MACRO_M2_BALANCE,2017-07,162.9,万亿元,pbc-m2-balance-2011-v2,2017-08-15T16:00:05+08:00,0,,artifact-r2-19e3bcf6a96ad740f6f42dfd96c07941c91bedeee6042dfadf322f16b71f3f3d,FIRST_RELEASE
obs-pbc-6b3d45e2a5c24406959b6834f8e509f258cd1c8e87b0f701488d77eaf7bece8c,MACRO_M2_BALANCE,2017-08,164.52,万亿元,pbc-m2-balance-2011-v2,2017-09-15T16:00:05+08:00,0,,artifact-r2-9d63136d7418b6f6f42b0e8be074d75da266f48bc22c6c503d3b389efec035c3,FIRST_RELEASE
obs-pbc-8eaf98f4c90ab04496bf8d61251d80647659274ce19722e2487dc03f77b1f4ea,MACRO_M2_BALANCE,2017-09,165.57,万亿元,pbc-m2-balance-2011-v2,2017-10-14T10:00:03+08:00,0,,artifact-r2-6d368999df98f5405f14c309ba5b2157f9aac6abdfd9a7b930df4be803e817a1,FIRST_RELEASE
obs-pbc-b537af4e378ee7b5b7342f4d5925f902479b702a67976743e55935d1c3809454,MACRO_M2_BALANCE,2017-10,165.34,万亿元,pbc-m2-balance-2011-v2,2017-11-13T16:00:02+08:00,0,,artifact-r2-dbf90eaee5784ff3ce05c91e75c5e726c26893447299a8cfbaef46f7e6d17192,FIRST_RELEASE
obs-pbc-b1a89031f619a114f39649251db057c3e4c6b30d6db1d79bae814046ed54b51c,MACRO_M2_BALANCE,2017-11,167.0,万亿元,pbc-m2-balance-2011-v2,2017-12-11T17:00:05+08:00,0,,artifact-r2-7e11aabe95475fe7e73ab746209471e2135b8a9a4ec6f9d16d779bc871e06e9a,FIRST_RELEASE
obs-pbc-dfb56a7762c19c15b745f8f4d9caef7cbf35837cacc5e4d6cf113f7e08b1f576,MACRO_M2_BALANCE,2017-12,167.68,万亿元,pbc-m2-balance-2011-v2,2018-01-12T16:00:05+08:00,0,,artifact-r2-adac48a8ffbddc588304dfc1dc9ec270f73ebf22d0f2b1937f9077e7823df0e7,FIRST_RELEASE
obs-pbc-037e40b8f037746d443548d475939484cccbf39e90b82808a25220601377ee9a,MACRO_M2_BALANCE,2018-01,172.08,万亿元,pbc-m2-balance-2018-v3,2018-02-12T17:00:05+08:00,0,,artifact-r2-4afc6c5fb4714b79df077722e2fe10b3fca53c2ba8be7b7122fcc80469d73ce0,FIRST_RELEASE
obs-pbc-5f39f9033bf1a5d68aa11cc7bf1882282f2842c61cc654a9ac1bed19201bd512,MACRO_M2_BALANCE,2018-02,172.91,万亿元,pbc-m2-balance-2018-v3,2018-03-09T09:00:05+08:00,0,,artifact-r2-0a164cf3e821825763a40fe9ddcdc2c411116444e3f4fb334d8ee0c9f540bf6c,FIRST_RELEASE
obs-pbc-f8bf57ec59abb07925a90fa222899ad8b06cb0dec5ee716c4c230d1c831853e1,MACRO_M2_BALANCE,2018-03,173.99,万亿元,pbc-m2-balance-2018-v3,2018-04-13T16:00:05+08:00,0,,artifact-r2-8538bd5f1542ec2756d3d6de3702070687ffbba0e98fd441b6a2adbf79c4b978,FIRST_RELEASE
obs-pbc-9e1cc257e891338627e94f11868f17c351dd18a0a249391e4f9929841f573684,MACRO_M2_BALANCE,2018-04,173.77,万亿元,pbc-m2-balance-2018-v3,2018-05-11T17:00:02+08:00,0,,artifact-r2-7eeffa8b8a97393fd08d74e8f208de43ec30538d7b33d20108400498400574bd,FIRST_RELEASE
obs-pbc-e10867323553795683d8bc7c9d6c36a4a4cb09128f99c54fdabead2ae9f82f8d,MACRO_M2_BALANCE,2018-05,174.31,万亿元,pbc-m2-balance-2018-v3,2018-06-12T17:00:05+08:00,0,,artifact-r2-1e4489d2e2d025bf18839aa78b0097edc44bb7492e1177a3320a0caca963bd08,FIRST_RELEASE
obs-pbc-8acb728d310dfe1029c8d74447833baf6774b2fee197889df8cdcf495b240959,MACRO_M2_BALANCE,2018-06,177.02,万亿元,pbc-m2-balance-2018-v3,2018-07-13T16:30:05+08:00,0,,artifact-r2-8699d717757f63dd1a1886b13598e726055fcd9f31471a2eafa8fa1bf84ab694,FIRST_RELEASE
obs-pbc-58424272f5a2e5a4150bfb5fd501c942b6fcac8fe720bc84995a92d4ad7d0c3f,MACRO_M2_BALANCE,2018-07,177.62,万亿元,pbc-m2-balance-2018-v3,2018-08-13T19:26:09+08:00,0,,artifact-r2-a179056a4dab5569b7bc0c48922593106f0c3a20bc006eebb7f3ec7174fa864c,FIRST_RELEASE
obs-pbc-9a3cdb8e32c455ee8939a596b2bf5508ed0be3b4aed30bd36adf4524306fd299,MACRO_M2_BALANCE,2018-08,178.87,万亿元,pbc-m2-balance-2018-v3,2018-09-12T17:00:05+08:00,0,,artifact-r2-07ae4cc2eb0ce451d984ee82836e5f008b58254e6696dd3d197db381b23fae4c,FIRST_RELEASE
obs-pbc-ce941d05fa1e00ad788c3802163b186cf8e577b4bf9630ffe48a4aa1e2019567,MACRO_M2_BALANCE,2018-09,180.17,万亿元,pbc-m2-balance-2018-v3,2018-10-17T16:00:03+08:00,0,,artifact-r2-216d11233540f77902ea41011b9d890463e8e819be9acc9b7b0cc5dc4ee52511,FIRST_RELEASE
obs-pbc-a187c8945654b6137551bd10f8bb783150f887d93371367792ac1c880e85ad86,MACRO_M2_BALANCE,2018-10,179.56,万亿元,pbc-m2-balance-2018-v3,2018-11-13T16:45:02+08:00,0,,artifact-r2-0762cadb0a43ce16f5d56f3ab3b62770a65dbb5d3ad52b9ef4c4ccb72608c390,FIRST_RELEASE
obs-pbc-b3069f0077c76c6ef94f634208d7e70db52f0c5c31d475fe98d6eb93a7545b6c,MACRO_M2_BALANCE,2018-11,181.32,万亿元,pbc-m2-balance-2018-v3,2018-12-11T17:00:02+08:00,0,,artifact-r2-437f3d33aa9c0a6c94986202df33180674be53b862cc77e2256bf85abe316738,FIRST_RELEASE
obs-pbc-e16fab6418ff6cce822e5e8f2cb96723ab23b3c73e85918f2fa8c11a43209722,MACRO_M2_BALANCE,2018-12,182.67,万亿元,pbc-m2-balance-2018-v3,2019-01-15T16:00:02+08:00,0,,artifact-r2-a533b6a57ed5641b0139cbeff1bb89a9fa7480020ae1d5f88316f10a49dad079,FIRST_RELEASE
obs-pbc-f718d8b26c5adb0e204a7adb2e6dcade8548e458088a1cc7c54496ec1b78e155,MACRO_M2_BALANCE,2019-01,186.59,万亿元,pbc-m2-balance-2018-v3,2019-02-15T15:02:00+08:00,0,,artifact-r2-6a031b821595bf1d27480ac6c3a3711d67f5f7bcf197d55bcf213b7093d46774,FIRST_RELEASE
obs-pbc-aeae2dffca79bbc09c46fb9302671428d1fe2ae69f217bc392e16d258fcb66d6,MACRO_M2_BALANCE,2019-02,186.74,万亿元,pbc-m2-balance-2018-v3,2019-03-10T09:00:02+08:00,0,,artifact-r2-ed87cb6799c04dc761c791de53c78d9beda3ad17c264b1619948aa40d9e472bf,FIRST_RELEASE
obs-pbc-cef8d8324b854b9286256220a789f35459a1dc3fe048cf078d37c5324206749f,MACRO_M2_BALANCE,2019-03,188.94,万亿元,pbc-m2-balance-2018-v3,2019-04-12T16:00:03+08:00,0,,artifact-r2-7144c834f585202cbf26e163fe91c152ba0c5eb7a61a3bc9eda9eaf7341bacf2,FIRST_RELEASE
obs-pbc-d499e830fdb8ddc215ec4ab6ef8aa27da617870b828e68067a0752ff5d246b2f,MACRO_M2_BALANCE,2019-04,188.47,万亿元,pbc-m2-balance-2018-v3,2019-05-09T10:00:03+08:00,0,,artifact-r2-5a99e735d962fb153a370ac6dd2dffc847b66ba5ade8351830774ccfda880091,FIRST_RELEASE
obs-pbc-7accd15f308770f7f10ddbbda18a30f2aa38ecb503cb711237773d23cb5af677,MACRO_M2_BALANCE,2019-05,189.12,万亿元,pbc-m2-balance-2018-v3,2019-06-12T16:00:02+08:00,0,,artifact-r2-0cf704bdd84f1c755d4d6676c860232dee304160b9af8f3ceebdef737cce8def,FIRST_RELEASE
obs-pbc-0a06a63e3bee6dfe649245cd625ff9c6d72ad829d9f1d492569559fd849b5db8,MACRO_M2_BALANCE,2019-06,192.14,万亿元,pbc-m2-balance-2018-v3,2019-07-12T16:00:20+08:00,0,,artifact-r2-b5a8f31e0b6e3f8dbcb86519c61f045e4e1b30dfd57fb32aa2a601be190aa20b,FIRST_RELEASE
obs-pbc-922121e38fa10a16b4fd87821083d15d1fb4599947542ea73fa6202fc7e72197,MACRO_M2_BALANCE,2019-07,191.94,万亿元,pbc-m2-balance-2018-v3,2019-08-12T17:00:02+08:00,0,,artifact-r2-f93694fdee2227ad7eec83b36413687885188ba9053171bcac89483849f03611,FIRST_RELEASE
obs-pbc-8f10e4af5d7831b142bc9e9b1df4c7091cdff9a70e48749109eab65b75fc8319,MACRO_M2_BALANCE,2019-08,193.55,万亿元,pbc-m2-balance-2018-v3,2019-09-11T17:00:30+08:00,0,,artifact-r2-f492d825ef5522065e16a454a3c785af0bfc16e8a84ef1d9207f6ffe2940f361,FIRST_RELEASE
obs-pbc-1234f2b34e02243a0e3dc54a0535b472aab27b56c2418404390a7c579f8965ff,MACRO_M2_BALANCE,2019-09,195.23,万亿元,pbc-m2-balance-2018-v3,2019-10-15T16:30:03+08:00,0,,artifact-r2-adbb812c0ce21596df12d7b5fb9b19f6bd65167c480f744897a05d840f0d075f,FIRST_RELEASE
obs-pbc-74a1d0494e0258507bd06e0b464711f58b34cffa1870e642ded9e1a697e7c39a,MACRO_M2_BALANCE,2019-10,194.56,万亿元,pbc-m2-balance-2018-v3,2019-11-11T17:00:05+08:00,0,,artifact-r2-8d6c12a0b182cbd9e9b14927693ec0e6757e5bfb2ef587d60db56ecc3ab963ec,FIRST_RELEASE
obs-pbc-fcdb877f0b9ec0f6413dfd1386a34ffb65c4a891577fe624820e528e0129d007,MACRO_M2_BALANCE,2019-11,196.14,万亿元,pbc-m2-balance-2018-v3,2019-12-10T17:03:12+08:00,0,,artifact-r2-3414e3af99324511c84c2d0703f3bafc9372a00dfeafbe6e3225a6fbf672f0d8,FIRST_RELEASE
obs-pbc-c0de866aa58f4fba929d1ab2781208da6158ee506a186a90623720f65e25e294,MACRO_M2_BALANCE,2019-12,198.65,万亿元,pbc-m2-balance-2018-v3,2020-01-16T15:00:50+08:00,0,,artifact-r2-e36440e536326e2b009198ebfdeef68d7ba660a58bb443cc0bde79fd93b9c36c,FIRST_RELEASE
obs-pbc-b71353583cf5c2d0fe21f1aaed7ef600ad6c3834bbf486f6f0553161ce014d0b,MACRO_M2_BALANCE,2020-01,202.31,万亿元,pbc-m2-balance-2018-v3,2020-02-20T16:00:20+08:00,0,,artifact-r2-f4ca74bc9e8a3122683da6cb35d506ec89a16861841ad705f1fab2ccf8f30692,FIRST_RELEASE
obs-pbc-41a0dd2ee03325ea00ec4041d9d1f435cbbee28e86b8a291cbd52a7a9128ef44,MACRO_M2_BALANCE,2020-02,203.08,万亿元,pbc-m2-balance-2018-v3,2020-03-11T16:01:20+08:00,0,,artifact-r2-0008e83a7a5a78ca6cbbd24228bbe8ce00b1f3ec5ead2125fad8d66d9ffca00d,FIRST_RELEASE
obs-pbc-26e5c80bd0e1686003eef7efb664d4f70f17f7dd5712678b10447450c8ee0ed8,MACRO_M2_BALANCE,2020-03,208.09,万亿元,pbc-m2-balance-2018-v3,2020-04-10T15:31:30+08:00,0,,artifact-r2-eed3da3484ad530e6c5985de11daab6fd93cde6006379f22a0d22de8582b486d,FIRST_RELEASE
obs-pbc-36340fd1192acb388099c4dec6759e01b8fa504627eaafa992137e0112441ca8,MACRO_M2_BALANCE,2020-04,209.35,万亿元,pbc-m2-balance-2018-v3,2020-05-11T15:30:20+08:00,0,,artifact-r2-a1c3870f3fb44ef10044dd16a38565db3b9b088caa35a7632cb2c2c9c7ab44fa,FIRST_RELEASE
obs-pbc-55f514124a3bd1d7defbac4530baba0a4aac39e9237ceb4eb292a995666f969b,MACRO_M2_BALANCE,2020-05,210.02,万亿元,pbc-m2-balance-2018-v3,2020-06-10T16:30:20+08:00,0,,artifact-r2-88cf9a649748a7e44aa9762649bd281dadd5ed47098d717ae14902852ef77709,FIRST_RELEASE
obs-pbc-5eaa359ef6dbaf118174d47da81ec0986875690de992bca4f31a377cf068ffcd,MACRO_M2_BALANCE,2020-06,213.49,万亿元,pbc-m2-balance-2018-v3,2020-07-10T15:30:20+08:00,0,,artifact-r2-349168fe67142711e60911caeb6d6ff6af12f2ca9c6faf7f5fc22aa982d9b124,FIRST_RELEASE
obs-pbc-f844043f6f6cbbb3843e78d3416093f8daf2b60a090a96eaadaf13edcee1d035,MACRO_M2_BALANCE,2020-07,212.55,万亿元,pbc-m2-balance-2018-v3,2020-08-11T16:30:50+08:00,0,,artifact-r2-259842960173970795a0e224cd4b1b43a4a94d5d60e127529254410368951724,FIRST_RELEASE
obs-pbc-fb790e0e894b44f0af64e70cf127073eb6fc8739d89484935cfe145d7a70582b,MACRO_M2_BALANCE,2020-08,213.68,万亿元,pbc-m2-balance-2018-v3,2020-09-11T16:00:31+08:00,0,,artifact-r2-76f3623c5f2728d15e0febd3666b0c020251bc70b7eb9634df63ed77fac65864,FIRST_RELEASE
obs-pbc-ead053f803d0df6f2c988725b3ea44a597dc4962f33e64299defe3ba90e7fd47,MACRO_M2_BALANCE,2020-09,216.41,万亿元,pbc-m2-balance-2018-v3,2020-10-14T16:31:34+08:00,0,,artifact-r2-bbfa3b569974447625381056927ffb66601882cd1dba8ad51b3d0d0666ad5998,FIRST_RELEASE
obs-pbc-475893220dbb0673b04cde83dfacd0f2aa6ebe332a9cdbbeabfb359f6a0fc161,MACRO_M2_BALANCE,2020-10,214.97,万亿元,pbc-m2-balance-2018-v3,2020-11-11T16:00:00+08:00,0,,artifact-r2-c32f7aea3417246cab48c7cee6dd568eb33adefce8cf6faa623e0975ba8b8c5b,FIRST_RELEASE
obs-pbc-be087a56d7d5006a4c7f7b1386948df383530f7260fdd3a68b490818cab82818,MACRO_M2_BALANCE,2020-11,217.2,万亿元,pbc-m2-balance-2018-v3,2020-12-09T16:13:01+08:00,0,,artifact-r2-63b66d716543013879288fddae49e1d42ec73de9ba74070104eb06f8ed97c80f,FIRST_RELEASE
obs-pbc-a90ce182015e68c35041a1d9a0be924da29041c39c7ba4b94907bea445d1a533,MACRO_M2_BALANCE,2020-12,218.68,万亿元,pbc-m2-balance-2018-v3,2021-01-12T19:00:27+08:00,0,,artifact-r2-a06ddf0a377957bea06c798d5f7573ad548a1d700e9c74a0de6b11f80a110277,FIRST_RELEASE
obs-pbc-39738048c6431355eeff910259fd309294f956f83c3b809c029f57f48b4d175c,MACRO_M2_BALANCE,2021-01,221.3,万亿元,pbc-m2-balance-2018-v3,2021-02-09T16:00:20+08:00,0,,artifact-r2-307fdb4306684e0116eeebc686507183ab987d45fbcfc4f5dc2f8ef4b60be58f,FIRST_RELEASE
obs-pbc-f4bac750eed3d3c8a856645ecd451529cc643a79d59e5f17baa42d7b3e861ddc,MACRO_M2_BALANCE,2021-02,223.6,万亿元,pbc-m2-balance-2018-v3,2021-03-10T16:30:20+08:00,0,,artifact-r2-6188ef195d9e029a1e95ecb68f4514ab54592ca7b157801f56574426532cdad6,FIRST_RELEASE
obs-pbc-91972fcb539c39684eeeabfcbb57035b2a535fff2a85fec887da40a1df0f8c4c,MACRO_M2_BALANCE,2021-03,227.65,万亿元,pbc-m2-balance-2018-v3,2021-04-12T16:00:31+08:00,0,,artifact-r2-5835824edab3f9b3942c7d2c347647748bdd2f85d36546c9d8747ba27b4ed19c,FIRST_RELEASE
obs-pbc-daf6da9fdffb988cf9df30fd8876a26089bde3a51d1973ba42ab00999fedeec9,MACRO_M2_BALANCE,2021-04,226.21,万亿元,pbc-m2-balance-2018-v3,2021-05-12T16:30:25+08:00,0,,artifact-r2-025db6aab8d2924413e0fac276e3b90e9b0939dfea8b6c6daecaa4832b87cb6f,FIRST_RELEASE
obs-pbc-8ce60e36e0a0b21cf1ca1e39f074dfe3ffd80d646a457aa5e5a02d48be4fce5f,MACRO_M2_BALANCE,2021-05,227.55,万亿元,pbc-m2-balance-2018-v3,2021-06-10T16:00:27+08:00,0,,artifact-r2-1507fd3aca887fbe84ed4a4fe65dd7f79ecba72ca35f8879f8824a594e83aabc,FIRST_RELEASE
obs-pbc-1ab429d3e7ccf54bd493bbf1518bf12e29827ddb7ff855272c6cb6e963804df5,MACRO_M2_BALANCE,2021-06,231.78,万亿元,pbc-m2-balance-2018-v3,2021-07-09T17:00:29+08:00,0,,artifact-r2-f1b45912e3949b471a54fef562fc28f1dd18eb4220c8bed0e8ff16396f374275,FIRST_RELEASE
obs-pbc-2fba5cfd0051d0ce05ddce92f942ac3f0bdb734dd986d39ae160df97524dff52,MACRO_M2_BALANCE,2021-07,230.22,万亿元,pbc-m2-balance-2018-v3,2021-08-11T16:00:34+08:00,0,,artifact-r2-dd34f45e8d70810749ad3000604cc10cddd14c7906d896cfcf81f6f719f894f4,FIRST_RELEASE
obs-pbc-1adc41dfdb7871933ec7508ce5584cc8a2171450ae069d27778b77ed16ad59c8,MACRO_M2_BALANCE,2021-08,231.23,万亿元,pbc-m2-balance-2018-v3,2021-09-10T16:30:42+08:00,0,,artifact-r2-9ec2cb60358c56f44017ff4c2ce534f2aec689a8fad47489a8f3891b062543f9,FIRST_RELEASE
obs-pbc-998c262c5e49a4f5f4ffecc51f9f854ce5134f66c5766a648caf0a62354fcba4,MACRO_M2_BALANCE,2021-09,234.28,万亿元,pbc-m2-balance-2018-v3,2021-10-13T17:00:36+08:00,0,,artifact-r2-5bae9cb3c90c89032072a3d62c2ac1d1dbf2614a2ce1f16e4180fdac9f22f752,FIRST_RELEASE
obs-pbc-8e485409cd573f5a779e7ab3f3de34578cc60cc29843ef8965b77f9c367aa69f,MACRO_M2_BALANCE,2021-10,233.62,万亿元,pbc-m2-balance-2018-v3,2021-11-10T16:00:25+08:00,0,,artifact-r2-b548ad1c531139b320193a8c229426339d1808cf6f27bdcc58a5ad399a4f81af,FIRST_RELEASE
obs-pbc-66e7e49b41e3ff61e870fa1de207bdba4fc016dc9c53ca258d4a5906c88b9111,MACRO_M2_BALANCE,2021-11,235.6,万亿元,pbc-m2-balance-2018-v3,2021-12-09T16:30:27+08:00,0,,artifact-r2-c234a7a760802f8462e897267e0a7fbc0bd3fd7006d4377088f880754d75b414,FIRST_RELEASE
obs-pbc-4b397f3dcf7a25075e686cd3f04ea90d21996654b048a152f380fa0403cd6cf9,MACRO_M2_BALANCE,2021-12,238.29,万亿元,pbc-m2-balance-2018-v3,2022-01-12T16:30:29+08:00,0,,artifact-r2-a6f3fda50d7f3c141475ccc5d28b936f65d98b4ab8b9d1335b8e09bffaaacba1,FIRST_RELEASE
obs-pbc-c940744ba17ab7608dd71c9fcca4d7d1016ac38519c982b777d613af626471ea,MACRO_M2_BALANCE,2022-01,243.1,万亿元,pbc-m2-balance-2018-v3,2022-02-10T18:00:30+08:00,0,,artifact-r2-2d1bad160ec00bb7735b345fa43bc9fe4501fe1089c4a2803dcd63fbf94a3eb8,FIRST_RELEASE
obs-pbc-07f01ca036d70b19f870bd822ae01507aebe5d6bf0a4663aab8ddbab7adca887,MACRO_M2_BALANCE,2022-02,244.15,万亿元,pbc-m2-balance-2018-v3,2022-03-11T16:00:32+08:00,0,,artifact-r2-9c9fe74b8dd17ad136ca4630d8ff2990c5a9deb947cb31c161c97f556799e2fc,FIRST_RELEASE
obs-pbc-6a110f1c0144d07b239fe49674389aed340cbaa30f1a767aa27605fd75b9b215,MACRO_M2_BALANCE,2022-03,249.77,万亿元,pbc-m2-balance-2018-v3,2022-04-11T16:00:37+08:00,0,,artifact-r2-33e1e2e8700cce69c43090b22c24f8f9d8a6cc6e2816d3b33735852e608dbb8c,FIRST_RELEASE
obs-pbc-2b5201c65d540775316ba2a24373b0541a58c6b38e35dc69f688d4c9a6287a91,MACRO_M2_BALANCE,2022-04,249.97,万亿元,pbc-m2-balance-2018-v3,2022-05-13T16:30:30+08:00,0,,artifact-r2-cbb9f8a2159d512e8d707f43cf1aea3e53d5a027be7571a3c2782d67a1d5da0e,FIRST_RELEASE
obs-pbc-ad5689d085310b42024a13d443e1666c238478fa9f1e3bf66e587eaa43fb3d1f,MACRO_M2_BALANCE,2022-05,252.7,万亿元,pbc-m2-balance-2018-v3,2022-06-10T16:00:20+08:00,0,,artifact-r2-abdb74f33bf100a2d968b8dd29ff46e475bd02e78dddddd27007f675bb9f4b87,FIRST_RELEASE
obs-pbc-266173cf8bbbc12e135adadf28f9da7979301d8a342d3b77ff367ea59d6fe039,MACRO_M2_BALANCE,2022-06,258.15,万亿元,pbc-m2-balance-2018-v3,2022-07-11T17:00:40+08:00,0,,artifact-r2-fad2160754b2cf10a20274f784c7904ab90594ec8a0ca8ceb0d53207f30bf7c9,FIRST_RELEASE
obs-pbc-e010ae1877ff58aed980957d2cfc98dcb753950a21dc8d0bcfcb008da0baca38,MACRO_M2_BALANCE,2022-07,257.81,万亿元,pbc-m2-balance-2018-v3,2022-08-12T18:00:20+08:00,0,,artifact-r2-8e3d8533f246d858a1b511ebee5c7ee1a076c5ce4d21ff6b567650990ba51d62,FIRST_RELEASE
obs-pbc-154dbe7f9f35a7de63a77ef2dfa99f26104c60c21e6673b61dfa78f0e7caec8c,MACRO_M2_BALANCE,2022-08,259.51,万亿元,pbc-m2-balance-2018-v3,2022-09-09T16:00:40+08:00,0,,artifact-r2-b2562e635461a8af01df0ae31ff74c2553d33aafd2598e1750a5274dd7e654e1,FIRST_RELEASE
obs-pbc-5c56a0a2baca10cc37ae97093a1767d16a83fbe62793557e2de2b19f14e1e292,MACRO_M2_BALANCE,2022-09,262.66,万亿元,pbc-m2-balance-2018-v3,2022-10-11T20:30:40+08:00,0,,artifact-r2-0ed114aa8d4c59613acc51be598f708b446805b39794da074d820414738d3d6c,FIRST_RELEASE
obs-pbc-9daa0877a7ced28f433c9e9dacf34003a5064158841b004e86fe4c62280b7911,MACRO_M2_BALANCE,2022-10,261.29,万亿元,pbc-m2-balance-2018-v3,2022-11-10T18:15:00+08:00,0,,artifact-r2-c512b1c1a08464e060035420d3bf8fcb7bad54a5ec1e6d1094ab6b57656988ce,FIRST_RELEASE
obs-pbc-b988e92c4d93d4a5913d6b4f72ab99ee5cacff2f67b3a7f7d24a871d1cd59aa7,MACRO_M2_BALANCE,2022-11,264.7,万亿元,pbc-m2-balance-2018-v3,2022-12-12T16:09:00+08:00,0,,artifact-r2-be6fe13716ddebc53564b1daa88de0fab179be72531c1a9f63b668d4dc35ba25,FIRST_RELEASE
obs-pbc-161bb6b2317573e8b8a1983175254ced431d5efb43c637024844758e7e6d925e,MACRO_M2_BALANCE,2022-12,266.43,万亿元,pbc-m2-balance-2022-12-v4,2023-01-10T17:06:00+08:00,0,,artifact-r2-419e8a9d4ec256246506be640c5cd89a30f6e301d18fedfd1543e4dc55a796d9,FIRST_RELEASE
obs-pbc-cf80b4ef97aa76623f6975a7808d073255171d33db6635985d0cae814304c808,MACRO_M2_BALANCE,2023-01,273.81,万亿元,pbc-m2-balance-2022-12-v4,2023-02-10T17:01:00+08:00,0,,artifact-r2-8577df2d8586bda6da502d62a376047484d139ab30893462820da69d62eef9c2,FIRST_RELEASE
obs-pbc-09d637f9db131f493e387ac51a5cd50a386e54a2562becb365187195b23abbc9,MACRO_M2_BALANCE,2023-02,275.52,万亿元,pbc-m2-balance-2022-12-v4,2023-03-10T16:31:00+08:00,0,,artifact-r2-ba11aacb3f3b76f61aea0ffc0eb867e505368026c2fcdb06d686367d3beda8d8,FIRST_RELEASE
obs-pbc-5ef7d854069183c4878b197f51c59cfae29fe51848c05b13da04862bc0c96313,MACRO_M2_BALANCE,2023-03,281.46,万亿元,pbc-m2-balance-2022-12-v4,2023-04-11T16:31:00+08:00,0,,artifact-r2-98e2ae0d2713ef7007390315b6fb72b90fb7b04288977254d50f6018fa326b4f,FIRST_RELEASE
obs-pbc-e096c811f9d0b78be919b4746766015b35b0f37346eaab83ef75133d1c4fb17f,MACRO_M2_BALANCE,2023-04,280.85,万亿元,pbc-m2-balance-2022-12-v4,2023-05-11T16:01:00+08:00,0,,artifact-r2-c764339a893ea93cfdfb18dc661f6d5883545a1aa8b011554ad2d523f97b6bee,FIRST_RELEASE
obs-pbc-f6c69b37e7ed43a4eb95251f7a2487ef244fb0c684e97f1f0d14cce5f072cdb4,MACRO_M2_BALANCE,2023-05,282.05,万亿元,pbc-m2-balance-2022-12-v4,2023-06-13T16:01:05+08:00,0,,artifact-r2-889b1cee7cdc7acd7854410e8d17ab2ab09439c4ddde639ec0a0bcab2af6b8bc,FIRST_RELEASE
obs-pbc-0b83aaadbda55a04e4f8b4529c24a5534c76e5f05c8bf773e2a2cace9063bb53,MACRO_M2_BALANCE,2023-06,287.3,万亿元,pbc-m2-balance-2022-12-v4,2023-07-11T17:31:00+08:00,0,,artifact-r2-5e666383f3b0e5522d04bc4d8eba89abd014555bd8b07e91df038c9d1e3610a2,FIRST_RELEASE
obs-pbc-c018b15fc09d0c04e2d23b5182d2cf43d4c7b35739203ec2c464d7a528983fa9,MACRO_M2_BALANCE,2023-07,285.4,万亿元,pbc-m2-balance-2022-12-v4,2023-08-11T16:31:00+08:00,0,,artifact-r2-4b7532f509c2c89c4617c0852e633fe8c9385946d839e211ecaa7e4a682709fb,FIRST_RELEASE
obs-pbc-37c35bb363e0b9668f2f29263318d8a0c99689d2e77667da096c090ed1b5ba10,MACRO_M2_BALANCE,2023-08,286.93,万亿元,pbc-m2-balance-2022-12-v4,2023-09-11T12:41:00+08:00,0,,artifact-r2-9006d5e14ae93ce5bcb2435b17ad91b1902280071e48487c11bed4e98eb4faeb,FIRST_RELEASE
obs-pbc-ee67285c8491ba4b30790b83ee302105aac7782a56796c32086fbd2034638a7e,MACRO_M2_BALANCE,2023-09,289.67,万亿元,pbc-m2-balance-2022-12-v4,2023-10-13T16:01:00+08:00,0,,artifact-r2-025cf98267d210a5403d3f7561b8fe09ed62c034dd356ed40a1832482d9793a6,FIRST_RELEASE
obs-pbc-8e90348275731079de3bd41f5d307a5d78c5a9cde56b7ec58d7aa1c4d7420b3f,MACRO_M2_BALANCE,2023-10,288.23,万亿元,pbc-m2-balance-2022-12-v4,2023-11-13T18:01:00+08:00,0,,artifact-r2-1186a456b1f40929c48052fc44a7b89d43788af348c43e7cdba419c915f4a491,FIRST_RELEASE
obs-pbc-2bb5357b14e5727018a6a66d02f8755807cd7d85d73d14b8fe1a94884f6aefc6,MACRO_M2_BALANCE,2023-11,291.2,万亿元,pbc-m2-balance-2022-12-v4,2023-12-13T17:01:00+08:00,0,,artifact-r2-405953ba167e96ca208ab5a79df53af0e51b9699847a881ea5973ff1c7c0a07a,FIRST_RELEASE
obs-pbc-4a15bd6f7f9349074b67c591a5613eaee2dee0ea5dd14bf360929d8746329fc7,MACRO_M2_BALANCE,2023-12,292.27,万亿元,pbc-m2-balance-2022-12-v4,2024-01-12T17:36:00+08:00,0,,artifact-r2-f9949f0b5a893798692e5c78c33c6304520a303ce149154e94c248a762cf716d,FIRST_RELEASE
obs-pbc-493ff06153c73eac04974ac1971daf0b956ed813caa0935a48c424ab1a462655,MACRO_M2_BALANCE,2024-01,297.63,万亿元,pbc-m2-balance-2022-12-v4,2024-02-09T15:00:30+08:00,0,,artifact-r2-40dd1cb557ef52b9fdbafaabb05369c12fb01a344b7b1372f64764873c9a2d9b,FIRST_RELEASE
obs-pbc-bd5a386e36948213aadf72c23380f56697a32254d1f502e60babb218c011a6b1,MACRO_M2_BALANCE,2024-02,299.56,万亿元,pbc-m2-balance-2022-12-v4,2024-03-15T16:31:00+08:00,0,,artifact-r2-75959c63e2681f0d3e217d28eb9e35aa3f92a1bff79f15a03d53bf16c73fe606,FIRST_RELEASE
obs-pbc-76553b66177e8a1c06807d4a76257bd50ace3d445112e05a7cb1b92efb36e07d,MACRO_M2_BALANCE,2024-03,304.8,万亿元,pbc-m2-balance-2022-12-v4,2024-04-12T18:44:00+08:00,0,,artifact-r2-35bbfdc049740abf93246a6f3047233043d7434123b8e215e129f6dadb726e7a,FIRST_RELEASE
obs-pbc-5cb0e185182843203a17373e84eb98b0dc1cfc667850598f9a684b14960f8068,MACRO_M2_BALANCE,2024-04,301.19,万亿元,pbc-m2-balance-2022-12-v4,2024-05-11T17:01:00+08:00,0,,artifact-r2-b9e912b714a27c018d6b412bea0316b6862ed2e294984839ad10775c3ef9b30e,FIRST_RELEASE
obs-pbc-edae0e1ee0f21545fd7c36a0407ae01a2ff48bdcf7a69369804ae4906b887a6f,MACRO_M2_BALANCE,2024-05,301.85,万亿元,pbc-m2-balance-2022-12-v4,2024-06-14T17:01:00+08:00,0,,artifact-r2-f8a8cc8963522f9deceac2ba1e6e3ffacccdee5fc5e300025c76b7cff5cf6430,FIRST_RELEASE
obs-pbc-f5a41d604fbc72bcd2041f9c791dfa2b7fd90b96cef9edcc464c39f94de5ccdb,MACRO_M2_BALANCE,2024-06,305.02,万亿元,pbc-m2-balance-2022-12-v4,2024-07-12T17:01:00+08:00,0,,artifact-r2-55a69d7525b5f6128201092203b45f4bf8d890ef7549a98919558b97b8963215,FIRST_RELEASE
obs-pbc-197894089cdd6a64a14c2cc801b95ca2e9b3f677ab29399c5417bdd73de2523c,MACRO_M2_BALANCE,2024-07,303.31,万亿元,pbc-m2-balance-2022-12-v4,2024-08-13T17:01:00+08:00,0,,artifact-r2-34fd85913032f8b80f7c0d9cc54c317d05d2b9cfa027ed34bf31255a8aee0a2e,FIRST_RELEASE
obs-pbc-dff46ff1f70ced0c27310daef3728df1f51ed07a3ff675b17d1a24e3c433a039,MACRO_M2_BALANCE,2024-08,305.05,万亿元,pbc-m2-balance-2022-12-v4,2024-09-13T19:26:00+08:00,0,,artifact-r2-e07764e18da3454bff0f57f65e036b36eae8f600cd07bfd230133b5b3f8a5386,FIRST_RELEASE
obs-pbc-8736c29e48b9ed8387396fef998434e3dfcea5f4644f682640749a9fab940ee2,MACRO_M2_BALANCE,2024-09,309.48,万亿元,pbc-m2-balance-2022-12-v4,2024-10-14T17:00:50+08:00,0,,artifact-r2-9ee430da38882a76f3ffe77aa4e004ed9240bad43aa25c2c2311533a98181142,FIRST_RELEASE
obs-pbc-dc25f3dbd3078e0aee2a1540208a1c70da84b7d7b8e9500cf8657a29f8fbe167,MACRO_M2_BALANCE,2024-10,309.71,万亿元,pbc-m2-balance-2022-12-v4,2024-11-11T16:30:38+08:00,0,,artifact-r2-367597e51a9212418baec00ab1d49d899a6aa30414d35187d38a4cc8676fee83,FIRST_RELEASE
obs-pbc-6859969af8746dd4f54719b8013b5a388dca84db9cff78b537c1dad360134276,MACRO_M2_BALANCE,2024-11,311.96,万亿元,pbc-m2-balance-2022-12-v4,2024-12-13T19:00:38+08:00,0,,artifact-r2-b52fdd01a407fe167b356db133c2d6b80a0a2029a686bc6a7d4602c895ab9996,FIRST_RELEASE
obs-pbc-a03b4e4e68148ee4d98caa960094eeaab520d2131a21946593a131784d766faf,MACRO_M2_BALANCE,2024-12,313.53,万亿元,pbc-m2-balance-2022-12-v4,2025-01-14T15:08:00+08:00,0,,artifact-r2-8b2931c6c1f4a5461f29261c6c21696ad97234b6af8e9baf91b8fd9bb4b99989,FIRST_RELEASE
obs-pbc-9faa86d6cc867041bb522eb0b3c0b728d0a5ee6f02ada3f9f816b04decb90c67,MACRO_M2_BALANCE,2025-02,320.52,万亿元,pbc-m2-balance-2022-12-v4,2025-03-14T17:00:31+08:00,0,,artifact-r2-51085838dfd29daa75288a6438623ce55fc3262e2727b1d37342e3a1e3d0873e,FIRST_RELEASE
obs-pbc-bd4cf71ba036fea7b7369b194c20c5c2c9fa1148978cbed176598c586d42dcb9,MACRO_M2_BALANCE,2025-03,326.06,万亿元,pbc-m2-balance-2022-12-v4,2025-04-13T17:00:26+08:00,0,,artifact-r2-cc753f5734d7d996de2ed3add51126095c0ddc0c91dd500dabe92adca363be80,FIRST_RELEASE
obs-pbc-dafdcfe8b71332f77a57a7483d99df372444486efae46f5c3a491cc7f00d82a8,MACRO_M2_BALANCE,2025-04,325.17,万亿元,pbc-m2-balance-2022-12-v4,2025-05-14T17:00:31+08:00,0,,artifact-r2-6a55611dfb90c9e50972009e8cf6a9cb4b6a812c1516facf33c4ca9a42c0f686,FIRST_RELEASE
obs-pbc-d8f8f6123fb1124725c45fc0da92026274c25b8a4bee27baf87f4bcc4eda5390,MACRO_M2_BALANCE,2025-05,325.78,万亿元,pbc-m2-balance-2022-12-v4,2025-06-13T16:30:32+08:00,0,,artifact-r2-904786f8ee7c8909240450cf39196d74a3d5778c1510f5425b670f8a6e7e2acc,FIRST_RELEASE
obs-pbc-31b3936b32f7175c4cb94a38b150d2dca6de299eaa2fb690026154597c046b65,MACRO_M2_BALANCE,2025-06,330.29,万亿元,pbc-m2-balance-2022-12-v4,2025-07-14T15:00:34+08:00,0,,artifact-r2-1b07528eb5b95ec0e588a157ee7d0b6e2f790974d2c9210c25eb205485e461a3,FIRST_RELEASE
obs-pbc-6a1e082bb2383d1e03ebba263c987dff6ab56bdbaef06551f27d001116578b92,MACRO_M2_BALANCE,2025-07,329.94,万亿元,pbc-m2-balance-2022-12-v4,2025-08-13T17:00:28+08:00,0,,artifact-r2-bed2c92d5d3edc670cffc6bb584c4f1b540df95d4b0b010c738a447b7fd54e9c,FIRST_RELEASE
obs-pbc-273163ebe6175af2a625c5324beab7f410d7911b6c30dec0cb15491f0595e926,MACRO_M2_BALANCE,2025-08,331.98,万亿元,pbc-m2-balance-2022-12-v4,2025-09-12T17:00:31+08:00,0,,artifact-r2-beab3685be3c4ff6d8f9eeb3f47b49c1953e39d3961d1886f08f9b7bb30e0e40,FIRST_RELEASE
obs-pbc-b442032be29f3af9b0692a4911fdb93a95a6efcec971640a9feb96efbeba8e33,MACRO_M2_BALANCE,2025-09,335.38,万亿元,pbc-m2-balance-2022-12-v4,2025-10-15T17:00:03+08:00,0,,artifact-r2-cfa3e4e5bf70eebe1602baac4fe88d6d7d2050bab177a16d575ec1d4b840be09,FIRST_RELEASE
obs-pbc-65a2628b3772a31ab4dbe691ce2b47fc368837dd0eb92683b5272d85ea15a9c8,MACRO_M2_BALANCE,2025-10,335.13,万亿元,pbc-m2-balance-2022-12-v4,2025-11-13T17:00:19+08:00,0,,artifact-r2-49c52471f7f437c709c136e357f36ab6fd045b0b708bb602964b4959c095c8b2,FIRST_RELEASE
obs-pbc-a5a2a3d29aba83df79526827d224e92c3c4cf5c0a2f7c0ae5976292ad4f755e9,MACRO_M2_BALANCE,2025-11,336.99,万亿元,pbc-m2-balance-2022-12-v4,2025-12-12T17:00:01+08:00,0,,artifact-r2-b77e3c07e3d512b26302d0979a23ff2af1e79d4f477295d434f566affd830e4a,FIRST_RELEASE
obs-pbc-b49556035b1ee246b15bf9c7f5d66470ff4815ea17aa578084c3bde0403863de,MACRO_M2_BALANCE,2025-12,340.29,万亿元,pbc-m2-balance-2022-12-v4,2026-01-15T14:59:40+08:00,0,,artifact-r2-24688dbe1e4196e56707100c09ad91b2e288060fae69c2d0d350b37dff53b0b8,FIRST_RELEASE
obs-pbc-27ef8e2781d4499321734f2fa82cc0e4510f6313c8bd2ebacd3fc18c0baaf194,MACRO_M2_BALANCE,2026-01,347.19,万亿元,pbc-m2-balance-2022-12-v4,2026-02-13T17:00:04+08:00,0,,artifact-r2-be7f2db5c588f7413ff57583b15a0f0901eab17dcc3cfb9fc935409992311a77,FIRST_RELEASE
obs-pbc-06e2ebdf0807e476d3378cdf456198a0af7d78c9fc4236e6b4dd61259c936a7b,MACRO_M2_BALANCE,2026-02,349.22,万亿元,pbc-m2-balance-2022-12-v4,2026-03-13T17:00:01+08:00,0,,artifact-r2-949e513557739f9ed14374def0694a2fc61643b72463f9a38828b137fcf0430d,FIRST_RELEASE
obs-pbc-0e3423c95ee56a2ea3890d2be7173f69f5f16cc1caf49a7db2f554d4ae86f037,MACRO_M2_BALANCE,2026-03,353.86,万亿元,pbc-m2-balance-2022-12-v4,2026-04-13T17:00:00+08:00,0,,artifact-r2-40d2f317d93b7a95d4e89ea2bbbd6847c406845744453fd3498375d3f8f904e1,FIRST_RELEASE
obs-pbc-708cd93052756f21b93c1fa34af3fca08b7d6d18e19256b4ca0dc41fe4265e9d,MACRO_M2_BALANCE,2026-04,353.04,万亿元,pbc-m2-balance-2022-12-v4,2026-05-14T17:00:02+08:00,0,,artifact-r2-b4f4631bd835c49e1dc5ca23cc2e913de58d4d178c334d142cf14e2feae6b5db,FIRST_RELEASE
obs-pbc-517e70801bc9d3e03b31771277c3b8c02a7a942cdbcfa8492f2fd2b85d286c6c,MACRO_M2_BALANCE,2026-05,353.67,万亿元,pbc-m2-balance-2022-12-v4,2026-06-12T17:00:01+08:00,0,,artifact-r2-2a0044a8ae4c8328625dc66198d7a4ebada3887c4dd6a0c651b5385cbb428ce1,FIRST_RELEASE
obs-pbc-b003bafd1ee9b9c48936b35c06d2444e4d0602f63107d10073d3205248836a8e,MACRO_M2_BALANCE,2026-06,356.71,万亿元,pbc-m2-balance-2022-12-v4,2026-07-15T15:00:09+08:00,0,,artifact-r2-c97ec18fdd4e98ccd4747ef75110a17ec3dc203d7a05d3a92a9e474bcffe670c,FIRST_RELEASE
obs-pbc-3ccae8c8aaa91db83507ed47f4419e9a066454adf025e32e7043207511f0aa75,MACRO_M2_BALANCE,2026-07,355.51,万亿元,pbc-m2-balance-2022-12-v4,2026-08-14T16:30:05+08:00,0,,artifact-r2-2921d3fc65232145af7ba27311016ccfb6d51c7063da6e92c70460fd7b9a1d75,FIRST_RELEASE
obs-pbc-acb74d4cfd5f1b4b0ac5ce3ee039967864bdb4eda5b977e37cc104007cf21937,MACRO_M2_YOY,2005-01,14.1,%,pbc-m2-yoy-pre-2011-v1,2005-02-17T14:06:00+08:00,0,,artifact-r2-ab8042de5d3cf4d59d632999ba3f5eaa91c9056289801cc5236b10b0be378bce,FIRST_RELEASE
obs-pbc-19b149110d2d0774621257e2c52b0de99bdbca72450e395ee288a090252c1769,MACRO_M2_YOY,2005-02,13.9,%,pbc-m2-yoy-pre-2011-v1,2005-03-10T09:57:00+08:00,0,,artifact-r2-33cd74d2d64661c4e1ac2b5e45d2f7368d0ad3722faaed8753751bf993ec1ccd,FIRST_RELEASE
obs-pbc-8f939e67d439dd3a7fe71075a3c20c73c88771c6bbc50d25741fdf104aed87f8,MACRO_M2_YOY,2005-03,14.0,%,pbc-m2-yoy-pre-2011-v1,2005-04-14T16:19:00+08:00,0,,artifact-r2-9c914e515dce85cf8cddb1954dd60f570b00a92299629b8e38c09a95c348fb4b,FIRST_RELEASE
obs-pbc-1ac41bbc0331efb503e26cbe024ad264b819b2f4e170802e56cda6bfc1a83114,MACRO_M2_YOY,2005-04,14.1,%,pbc-m2-yoy-pre-2011-v1,2005-05-13T13:31:00+08:00,0,,artifact-r2-f9b9f2f2d359b921a979d532c68163fd75420c8ed5fd6dc4c9646dc543ab84e8,FIRST_RELEASE
obs-pbc-cd8797a88093f54342dadf53e2eacd42f0735779b1b7b1a419b71eeec384108b,MACRO_M2_YOY,2005-05,14.6,%,pbc-m2-yoy-pre-2011-v1,2005-06-10T14:01:00+08:00,0,,artifact-r2-734c6fbb4f9c5ba69ea35c1f63c152c1a5afdd27225c3641471b0ca843c6ced3,FIRST_RELEASE
obs-pbc-34e7faee11de5221a32dbb3f8a5b8e8ccc7546a5dd0c7f7389a8e9689212cca7,MACRO_M2_YOY,2005-06,15.7,%,pbc-m2-yoy-pre-2011-v1,2005-07-14T15:34:00+08:00,0,,artifact-r2-f472a6093c67c9b689beb0ff7c86a5e3c29d005688f4fa413edaf2df8486a4d0,FIRST_RELEASE
obs-pbc-b01ae66c6c0aa0f79755fc00f2d880189b07063420cf6610d8653e5d5510f263,MACRO_M2_YOY,2005-07,16.3,%,pbc-m2-yoy-pre-2011-v1,2005-08-12T15:01:00+08:00,0,,artifact-r2-07ee136548873893dd926e0ce081fce390499fb84c746e6b2f818a538fc2c8a6,FIRST_RELEASE
obs-pbc-cc368b9d8e9569f02dc1dab16f31666cf5b7029605db83f099650974cf701d20,MACRO_M2_YOY,2005-08,17.3,%,pbc-m2-yoy-pre-2011-v1,2005-09-13T13:02:00+08:00,0,,artifact-r2-34b5b97a698b31b563038998b0de4970c36e71518a448012f97c0fed6b65144b,FIRST_RELEASE
obs-pbc-9157d4d3b8975e200f77cdd4ef0b951c9f50f17edb3f7b6e16284cca6505943d,MACRO_M2_YOY,2005-09,17.9,%,pbc-m2-yoy-pre-2011-v1,2005-10-14T16:29:00+08:00,0,,artifact-r2-0def6a17dc5dc589c3cd8ca7540aba06d2921f43c98e94bf6fdedbbc1477a0d4,FIRST_RELEASE
obs-pbc-6ec30472a612fed1b7c3eeb0922acf8426c1e6f8651e4718ade00c971d16ae85,MACRO_M2_YOY,2005-10,18.0,%,pbc-m2-yoy-pre-2011-v1,2005-11-11T15:01:00+08:00,0,,artifact-r2-b87f27f13192f9e03f439d3225dcce6051271fb57bc45a7d32d194a6f9932522,FIRST_RELEASE
obs-pbc-b38e02f53c7cbd580b2c34d3e5f28845468213d9a17cea2b981c2198fd1cfbff,MACRO_M2_YOY,2005-11,18.3,%,pbc-m2-yoy-pre-2011-v1,2005-12-12T14:59:00+08:00,0,,artifact-r2-11049145250ff7aa4a4c94b8e8b1f47b6c209ac7167a24003935a0571622b29b,FIRST_RELEASE
obs-pbc-b729f903e3c4cee62fad7417f488be9710fdbd2bbd4e11c15deeda172b2e9185,MACRO_M2_YOY,2005-12,17.57,%,pbc-m2-yoy-pre-2011-v1,2006-01-15T10:01:00+08:00,0,,artifact-r2-b66a3796b0c67233939454dbd77a12ec82e1e28f6e4a5c630136a96583bffd34,FIRST_RELEASE
obs-pbc-3ee8f17f12558c5b5df54ff387eeb83fa35d11c08aff48011ea310b62ba4807c,MACRO_M2_YOY,2006-01,19.2,%,pbc-m2-yoy-pre-2011-v1,2006-02-14T16:50:00+08:00,0,,artifact-r2-73933371880be17e44826453b683981f76ec43d9593c05dfb91e59124abe4635,FIRST_RELEASE
obs-pbc-d58e3fdb099bec6272bfaaa6207cf728b0628df399616d44cd7265d261f5d9fc,MACRO_M2_YOY,2006-02,18.8,%,pbc-m2-yoy-pre-2011-v1,2006-03-15T17:25:00+08:00,0,,artifact-r2-95343cd4d099fc37fa48bf0020e2a87421d8ab7edfba4ea4f5e8235f49df13f6,FIRST_RELEASE
obs-pbc-33abad34a4b282be590c1a63bda23b54923cef2e4911027e119725070ebf7fa0,MACRO_M2_YOY,2006-03,18.8,%,pbc-m2-yoy-pre-2011-v1,2006-04-14T14:01:00+08:00,0,,artifact-r2-56279c9f8132fc236a5eee5259ba0c5c1f1328ce8ea38a3277a3e486fb587786,FIRST_RELEASE
obs-pbc-13925d6bc6e611eac3d60261ccddbc9742299fdd58bbaa5fcb23368692c6641f,MACRO_M2_YOY,2006-04,18.9,%,pbc-m2-yoy-pre-2011-v1,2006-05-15T15:01:00+08:00,0,,artifact-r2-15443d458faf20f35ec61c31dc657fa4a9b4f83e50536df1a04507c635444566,FIRST_RELEASE
obs-pbc-d5da9190c9f7441a235fad33d5aca72f4b8ca509528ae40ab0abb7ac5d0a0697,MACRO_M2_YOY,2006-05,19.1,%,pbc-m2-yoy-pre-2011-v1,2006-06-14T16:51:00+08:00,0,,artifact-r2-465c7e0b109f727daba734962fe144913de3682d505711d9feceacaeffcfff8d,FIRST_RELEASE
obs-pbc-8d14a09388f52439f728d85212cba81e649a50ff0687b96b9a6107720a558092,MACRO_M2_YOY,2006-06,18.43,%,pbc-m2-yoy-pre-2011-v1,2006-07-14T16:30:00+08:00,0,,artifact-r2-c66efbf269296f884826b05f986469e4ca279bfb0c1183e5ed09d096b23097bb,FIRST_RELEASE
obs-pbc-8c5e3c9cedfdf4582caa35517ecd736f24fd098479e2d8c44910e3fd67910d4e,MACRO_M2_YOY,2006-07,18.4,%,pbc-m2-yoy-pre-2011-v1,2006-08-11T15:01:00+08:00,0,,artifact-r2-cccbd7c736e3bb94dc48157ca2187fa1c35b5e3ec59d5736f76d948fa03d0b26,FIRST_RELEASE
obs-pbc-e4ab8e5b784c618fe19598f92d4ea4b70b4d03c3826a4b21cb8ffa312b3a2ebe,MACRO_M2_YOY,2006-08,17.9,%,pbc-m2-yoy-pre-2011-v1,2006-09-14T15:02:00+08:00,0,,artifact-r2-20b98c7404680368cac4b0655fe3d66db7bcb45b97f11514a6964f8166a77666,FIRST_RELEASE
obs-pbc-6b5376093da5d8a1dd201f92508a54f3e15657a1b2336bd35bccb332bb2fdc3e,MACRO_M2_YOY,2006-09,16.83,%,pbc-m2-yoy-pre-2011-v1,2006-10-13T16:01:00+08:00,0,,artifact-r2-b92fcc699fe59d7440808dc1b88d32ffbf4b6f591496abd413ff674925ed0f6d,FIRST_RELEASE
obs-pbc-932d803707d7a343ce2d07dca84d583e12beb0da55f16bb77382922a49b6335a,MACRO_M2_YOY,2006-10,17.1,%,pbc-m2-yoy-pre-2011-v1,2006-11-13T15:01:00+08:00,0,,artifact-r2-7b1c951509c0ea4b0db424a3105a99b90b7e544ffbfd42cd0f624990f2e38fcf,FIRST_RELEASE
obs-pbc-01614356191c650cabf3320ef34baeada43e60c052c8ab7439cfcc9f12474704,MACRO_M2_YOY,2006-11,16.8,%,pbc-m2-yoy-pre-2011-v1,2006-12-14T16:30:00+08:00,0,,artifact-r2-2140d7289228121aee6a3e2f5ea0f138c1d6759d3a7a298c46665ba4b43e10aa,FIRST_RELEASE
obs-pbc-8ced34f6de2a76a7194e07c766738249e9eda4b53538046cadbada383655fecb,MACRO_M2_YOY,2007-01,15.9,%,pbc-m2-yoy-pre-2011-v1,2007-02-15T15:01:00+08:00,0,,artifact-r2-87ae5bf5c1e9a55985175918f7f06d46ee378fac6d58083fdb598ee15cf77a49,FIRST_RELEASE
obs-pbc-43ba7b06a22b39b611013f4f4d637b372770233ca9ed2a82150da9e9b181e0c8,MACRO_M2_YOY,2007-02,17.8,%,pbc-m2-yoy-pre-2011-v1,2007-03-12T17:01:00+08:00,0,,artifact-r2-9fabdccb541cdcf595ebc38a829f24510f2e92c6732558efd0922e8c6621f978,FIRST_RELEASE
obs-pbc-8814a1abf75527a858aedfb34dadc146826e4af991168fd321e87ad7d04a9137,MACRO_M2_YOY,2007-03,17.27,%,pbc-m2-yoy-pre-2011-v1,2007-04-12T15:04:00+08:00,0,,artifact-r2-3a43b59912b4ec3daba9ee3242bd9452729852f804bed5ec915eef4e93cee28f,FIRST_RELEASE
obs-pbc-67e97c61162cca9f36287d91d7c65f19132292312f7d6c253a582660c030a453,MACRO_M2_YOY,2007-04,17.1,%,pbc-m2-yoy-pre-2011-v1,2007-05-13T15:01:00+08:00,0,,artifact-r2-abbd3d2d974752120129bcd36e4c5d3e9fcc8694e7def9800b279d1710e36ee4,FIRST_RELEASE
obs-pbc-294fb6a77097870fea931b0bc85cb1e90ef69a096d16c817d6b9832324f02472,MACRO_M2_YOY,2007-05,16.74,%,pbc-m2-yoy-pre-2011-v1,2007-06-12T15:51:00+08:00,0,,artifact-r2-4e5f8bf91aed88897a96a8c6bca256b7379f6db7c83b2d82914e6e4eb299f095,FIRST_RELEASE
obs-pbc-24bf23f68af753222e2c28a73b24df82c6d19b3d7089121de2dd0eb48361f875,MACRO_M2_YOY,2007-06,17.06,%,pbc-m2-yoy-pre-2011-v1,2007-07-11T18:45:00+08:00,0,,artifact-r2-5bdd848acc5ad9103b21b2b3e65da6bd61780f6debd77bff288f22330d6bc7d0,FIRST_RELEASE
obs-pbc-601f71050e2f19ac58c848fe127a4e653195f42e1192214a097f1eace68a0515,MACRO_M2_YOY,2007-07,18.48,%,pbc-m2-yoy-pre-2011-v1,2007-08-10T15:30:00+08:00,0,,artifact-r2-ffa6ef404eef050e4bdc5fd335c3981679c4fc50de676716c7978c0f62de770c,FIRST_RELEASE
obs-pbc-255b0d51ee6c4b0023eadf040c4f829cb17116048ffb5c9c6db8955fc48dd577,MACRO_M2_YOY,2007-08,18.09,%,pbc-m2-yoy-pre-2011-v1,2007-09-12T16:20:00+08:00,0,,artifact-r2-71998ffc88fdc8f8cc6f7421f81b23a63d7cbd240b199c6a45e1ac44ad07174e,FIRST_RELEASE
obs-pbc-cfae3438535feb064a49278c2b041b7bb0bc75e5b73f0886632b7e94ae6ca0a9,MACRO_M2_YOY,2007-09,18.45,%,pbc-m2-yoy-pre-2011-v1,2007-10-12T18:38:00+08:00,0,,artifact-r2-d4a66efa5745e66a0369b131056e581f3adb3a2addcd0081bb9a7bae722f1bea,FIRST_RELEASE
obs-pbc-5c056c44b6bf086211edad4a6cfbd06b04b49ca11c850ae2586818c96537ac2d,MACRO_M2_YOY,2007-10,18.47,%,pbc-m2-yoy-pre-2011-v1,2007-11-12T16:30:00+08:00,0,,artifact-r2-d054d585e14b3d4885c97375425bc9c6d6eeef187b897d96614d53af1e19d052,FIRST_RELEASE
obs-pbc-03d35e587d60e9470411028c41f0f0b2dd1db21b55c56e61c83df6681f3dbe7b,MACRO_M2_YOY,2007-11,18.45,%,pbc-m2-yoy-pre-2011-v1,2007-12-10T17:25:00+08:00,0,,artifact-r2-78643643dc7915725b935e358eab2ccb4dcc66c829c3e8afe233818d1e2403fe,FIRST_RELEASE
obs-pbc-f89c46ac6670288e1194792ebbc3f4492e6712357edf47a04c9ddf50cb488a6c,MACRO_M2_YOY,2007-12,16.72,%,pbc-m2-yoy-pre-2011-v1,2008-01-11T18:20:00+08:00,0,,artifact-r2-431dd9bb6bad3ee08053145b19c1db02fae64465e31ab82b1c850fe57398d57a,FIRST_RELEASE
obs-pbc-7d0557d26110b5b66337c9c9f0ef41ed7e1a2de2acd7170947b30ea4c3c04127,MACRO_M2_YOY,2008-01,18.94,%,pbc-m2-yoy-pre-2011-v1,2008-02-14T15:00:00+08:00,0,,artifact-r2-d6e747aeca92ee53da58bca71abd1f6465719752f13d6dce4db36405e5006596,FIRST_RELEASE
obs-pbc-a9b42a6c3e7d8dcf8427d36d086ec842229344105ea2de97479fea853f798aaf,MACRO_M2_YOY,2008-02,17.48,%,pbc-m2-yoy-pre-2011-v1,2008-03-12T17:00:00+08:00,0,,artifact-r2-aa0846d26ef36dc7d9909dc6734ad88377ff15c80ee5b28b9d5e08a8fdafb493,FIRST_RELEASE
obs-pbc-ab8c08facca38a43db3c0bcdb6246202da402766ba337d7ec28260f8f25dab0a,MACRO_M2_YOY,2008-03,16.29,%,pbc-m2-yoy-pre-2011-v1,2008-04-11T16:09:00+08:00,0,,artifact-r2-2fe44a67829f14e8f92ece42dbb05e436a0014d57f9614a02d457bbc260bbb05,FIRST_RELEASE
obs-pbc-f08179b42613d9edb06cd3f03016807c2037e6ba292bbc2825037f524e355b41,MACRO_M2_YOY,2008-04,16.94,%,pbc-m2-yoy-pre-2011-v1,2008-05-13T15:30:00+08:00,0,,artifact-r2-37a0266ba2e2ce68fa0a9cac354b12a1f3d9976073ee26d36ed7c9229e11d2e3,FIRST_RELEASE
obs-pbc-5bb312559737f43ebd344dfa4da566adfb41b88855d386c4d0cbf47a7a6ff971,MACRO_M2_YOY,2008-05,18.07,%,pbc-m2-yoy-pre-2011-v1,2008-06-12T14:30:00+08:00,0,,artifact-r2-09e8a95bd997727d40763dc9e9bc92a0ea1e5aa07e6868c1a308a3728c6d7d00,FIRST_RELEASE
obs-pbc-9c62cc8e1f5e001d51493a80aeec5a96a2fa1531b48dbaff52a74663a1728490,MACRO_M2_YOY,2008-06,17.37,%,pbc-m2-yoy-pre-2011-v1,2008-07-14T12:30:00+08:00,0,,artifact-r2-b4ecd01d9b4882758e5a20cc580b3521d84671e31b584f03e971ec6cd67a3c93,FIRST_RELEASE
obs-pbc-36d3ed1ffdf58dd0aa331da25e3c9b78c3eae6bff0b790eaeb2eaa087b7960b9,MACRO_M2_YOY,2008-07,16.35,%,pbc-m2-yoy-pre-2011-v1,2008-08-13T17:10:00+08:00,0,,artifact-r2-7f8102580738928f11da9de96e476cad3b1d96b146f173fd944117fb4cbdf5f1,FIRST_RELEASE
obs-pbc-c05e3a9428f83de063013a079b500e02b46b8c18f4db8fe13dae6a2a4f5b7e6c,MACRO_M2_YOY,2008-08,16.0,%,pbc-m2-yoy-pre-2011-v1,2008-09-12T10:30:00+08:00,0,,artifact-r2-7492fc5b44e1272cf924a80e3af5ce6fe26cab35f91bf1f7ae7e9d8074aa048c,FIRST_RELEASE
obs-pbc-4d0b01fdf921e51d3321c2f3c8ada9d8612ab8a4341e000cf1879da1fe1c3226,MACRO_M2_YOY,2008-09,15.29,%,pbc-m2-yoy-pre-2011-v1,2008-10-14T15:30:00+08:00,0,,artifact-r2-186cf4c92119541d386b7f6728a34cf0e352ed9f88ed8305fc5e0815334f0a5f,FIRST_RELEASE
obs-pbc-38ef2adfd2a29efde6cad64429821b759d7aa9d2294720115f1debfc9b263596,MACRO_M2_YOY,2008-10,15.02,%,pbc-m2-yoy-pre-2011-v1,2008-11-12T17:00:00+08:00,0,,artifact-r2-f065e5d9a3602ffe3bff6e519459c3ed0f579ce8f967d9507acacce991d3491f,FIRST_RELEASE
obs-pbc-1f6b8a3b56e5a642201c4d7b9099acee4a4a20a998934965c5763a651e9b9d46,MACRO_M2_YOY,2008-11,14.8,%,pbc-m2-yoy-pre-2011-v1,2008-12-15T11:14:00+08:00,0,,artifact-r2-2889a06277c7bdc175f8d93785b28428f64d98b1ed7de4cc4661451afd672cc9,FIRST_RELEASE
obs-pbc-83b3b079187868f962e760631028bf34a83848babb94757e7f388468a0d1375d,MACRO_M2_YOY,2008-12,17.82,%,pbc-m2-yoy-pre-2011-v1,2009-01-13T17:00:00+08:00,0,,artifact-r2-ea1073e6fd07fb36550781f95368e2fd852a702509c89408034b3b82855e6a6e,FIRST_RELEASE
obs-pbc-5314adec58d2339fc9aed159ad4aa6ae61f031ec4e982e1b0d141e9af2671f8c,MACRO_M2_YOY,2009-01,18.79,%,pbc-m2-yoy-pre-2011-v1,2009-02-12T10:00:00+08:00,0,,artifact-r2-0afb2f26cffdc09752abc18ff352b6b25be9dd7c021eaac3d835d37df313a761,FIRST_RELEASE
obs-pbc-f0e6a2e482986ea221d620cd7bc5bf5c08852edb191909d2d28813e689cc58fe,MACRO_M2_YOY,2009-02,20.48,%,pbc-m2-yoy-pre-2011-v1,2009-03-12T10:00:00+08:00,0,,artifact-r2-2814c77d5dad73813c54b0554ffbaf6a6a9f82a449d8f3be938c3699ce6dffe5,FIRST_RELEASE
obs-pbc-bed4effb919ffda9e098c1119a1006ae2184532089b3b3137eed86740d2ec298,MACRO_M2_YOY,2009-03,25.51,%,pbc-m2-yoy-pre-2011-v1,2009-04-11T20:00:57+08:00,0,,artifact-r2-2fa0b6ee8e373c389ea7f8e5a6a5588af0f3f38e9594af3262cdeac57d29918d,FIRST_RELEASE
obs-pbc-f89ab6823e2f1c9340b293e1cdd54275181132ff736989189d240c8e574203b0,MACRO_M2_YOY,2009-04,25.95,%,pbc-m2-yoy-pre-2011-v1,2009-05-11T20:31:15+08:00,0,,artifact-r2-2f77db8d6bd8d71eb39ce51322daad12da0a57f8965531db0b708529661fa957,FIRST_RELEASE
obs-pbc-5129aa6c2ec0ee91a1707ed31ac4259e57fbce3c39188026f2afaea93faa228c,MACRO_M2_YOY,2009-05,25.74,%,pbc-m2-yoy-pre-2011-v1,2009-06-12T20:48:28+08:00,0,,artifact-r2-35380818e000abf0ad7163f25add3c519eb1b3ebe92900b9ced2b961a2acd225,FIRST_RELEASE
obs-pbc-9bb7bcc0becb147fcc1bb3250a7a51f50258835b58edada113f6e29f1aa9e2be,MACRO_M2_YOY,2009-06,28.46,%,pbc-m2-yoy-pre-2011-v1,2009-07-15T20:57:21+08:00,0,,artifact-r2-d8fbd29f01f9608e01805be4f55a33702491f6f571894239b45234a271263a0a,FIRST_RELEASE
obs-pbc-1e2b2d31c1066bed8490315a7c57861421b7151d5429e39f021b2695dc72716f,MACRO_M2_YOY,2009-07,28.42,%,pbc-m2-yoy-pre-2011-v1,2009-08-11T12:05:30+08:00,0,,artifact-r2-6979f18763e881669e9f4b3f7406e1fd51a526d9e913714495a233f4d35ffa7d,FIRST_RELEASE
obs-pbc-e79d2e236c350c42ad2fd87e697ee383d519caebaefbce75562f04de70c01ab4,MACRO_M2_YOY,2009-08,28.53,%,pbc-m2-yoy-pre-2011-v1,2009-09-11T10:08:00+08:00,0,,artifact-r2-ce05e45edf520b1f6854e62273c60856b97c8e3d63f7f3748df83a74d7b3945e,FIRST_RELEASE
obs-pbc-a1ec0e8c5a2af971f2f9b00c1efa14c38e843679f6a33ee92181fd803a5a4786,MACRO_M2_YOY,2009-09,29.31,%,pbc-m2-yoy-pre-2011-v1,2009-10-14T16:00:00+08:00,0,,artifact-r2-7da18a880cc47c80c9a69de46764b8bbac6ee9cbacd70283b4f3103dfa180362,FIRST_RELEASE
obs-pbc-40304245ddb6b03362801ff15b23b969b544d220c1c63daeb9ce8164386ac0c4,MACRO_M2_YOY,2009-10,29.42,%,pbc-m2-yoy-pre-2011-v1,2009-11-11T10:10:00+08:00,0,,artifact-r2-94f7ee18e0c8cb5013dc125afe19676e480e4f9289e0834ce74aabe925bbf2d0,FIRST_RELEASE
obs-pbc-99060ec84958005af5849d89c882c6fd214d5b251782a4af031d4ccf25690ef0,MACRO_M2_YOY,2009-11,29.74,%,pbc-m2-yoy-pre-2011-v1,2009-12-11T10:03:00+08:00,0,,artifact-r2-32177720c650025becb69dbd03e3102c92bd2975250b580583be0691d338d02a,FIRST_RELEASE
obs-pbc-6d5505511461e363ccd1852851ab27df478c2cc8cb87e525867bbcb65c8dd372,MACRO_M2_YOY,2009-12,27.68,%,pbc-m2-yoy-pre-2011-v1,2010-01-15T16:00:00+08:00,0,,artifact-r2-0604292a1ee0118272c097d14f277c1bd0b14dd624877809e8b962d38b56e01f,FIRST_RELEASE
obs-pbc-1620932feb23cd5e3557155c569f679328d3bc877d3405f70af44d82d769f402,MACRO_M2_YOY,2010-01,25.98,%,pbc-m2-yoy-pre-2011-v1,2010-02-11T18:20:09+08:00,0,,artifact-r2-b2545d00638ff804c3793459711d47b7a5b091dbd159f9674844de06de974cbf,FIRST_RELEASE
obs-pbc-807a7b340a1857b0b57fe3ce8ec3da74e46339fdb36294c5d025aad3b4e710ff,MACRO_M2_YOY,2010-02,25.52,%,pbc-m2-yoy-pre-2011-v1,2010-03-11T18:20:09+08:00,0,,artifact-r2-e8d8b3f3ede10ca202215b6e0bf692bdc52f68a7d2b9c7025a17342d3bfe6915,FIRST_RELEASE
obs-pbc-82415c5623696d94da00cf4b098108464adc6298f027d5a014c563b7d0b7faed,MACRO_M2_YOY,2010-03,22.5,%,pbc-m2-yoy-pre-2011-v1,2010-04-12T16:30:04+08:00,0,,artifact-r2-66a66b92247e500e2714dec98c78bb5fd12531479510cfddd1f9b1a9518eeb4b,FIRST_RELEASE
obs-pbc-995a4597f0561e24563e94589fc019858c4946d84343e9ddfdf80b8e4ce89c4d,MACRO_M2_YOY,2010-04,21.48,%,pbc-m2-yoy-pre-2011-v1,2010-05-11T10:00:45+08:00,0,,artifact-r2-c0e36c668e046bc807281e77256dd255c95ff5d450f9d054ce86c456ed42e804,FIRST_RELEASE
obs-pbc-4c8767c1a51da0a808c82f8b9bbbff0ecc95fa583b5cec1f16802a6c734cb53f,MACRO_M2_YOY,2010-05,21.0,%,pbc-m2-yoy-pre-2011-v1,2010-06-11T10:00:30+08:00,0,,artifact-r2-814cb294c4455310b204d89f33268829d8455b7f2da707898ab0438dd048a940,FIRST_RELEASE
obs-pbc-4dfe7fcf5b2d8179a154ad8d97a0d6ddf08867f83a661e94fc139b7fd02f7679,MACRO_M2_YOY,2010-06,18.5,%,pbc-m2-yoy-pre-2011-v1,2010-07-11T11:00:53+08:00,0,,artifact-r2-74972ac977c42d1ecd4cd010c49351160c993b9d1b3b26b90ef406d5a38f1d43,FIRST_RELEASE
obs-pbc-72e0ca4afec2fe2c6643f3c28c8859e9c47a20b5f6a370da106476c4504a293d,MACRO_M2_YOY,2010-07,17.6,%,pbc-m2-yoy-pre-2011-v1,2010-08-11T11:00:01+08:00,0,,artifact-r2-80a5dbe5765b4e78f962c95330c74763e4cfca04078d9bb9b299d16c43ef03a1,FIRST_RELEASE
obs-pbc-3d1a5ea64f84d2b732fabde6d5d89e31ad94dfff44ecc7ffa3b982818fc13d73,MACRO_M2_YOY,2010-08,19.2,%,pbc-m2-yoy-pre-2011-v1,2010-09-11T10:00:46+08:00,0,,artifact-r2-567d9c4e4dfef4e910d09767ec2cb766c2ab78e0c2852996514c7e978f041df4,FIRST_RELEASE
obs-pbc-425daa253a6615dbf2c27bebbae811e0021c5e7adb8784db0dfb8f4aa0d3caa6,MACRO_M2_YOY,2010-09,19.0,%,pbc-m2-yoy-pre-2011-v1,2010-10-13T13:59:32+08:00,0,,artifact-r2-f84d1cfec9f0c19eb24f786bfc364c5bf4c8473c2ec4ced01b3da3225ef9247b,FIRST_RELEASE
obs-pbc-1053d5670376915e344a144221dbf1899d6421b480269b4325c22cfeddc8e448,MACRO_M2_YOY,2010-10,19.3,%,pbc-m2-yoy-pre-2011-v1,2010-11-11T10:00:00+08:00,0,,artifact-r2-61be04926cc372ab59647caf186f6e96b179c11f624017befa4285326a1e8bfc,FIRST_RELEASE
obs-pbc-47358684d7d26bbc3369bd38f55153a2fe7047a3bd11392ff4fb203cb4e3c8e5,MACRO_M2_YOY,2010-11,19.5,%,pbc-m2-yoy-pre-2011-v1,2010-12-10T15:05:00+08:00,0,,artifact-r2-99332ddd7fd538739fae5c70ef4562e1db6529f01ea77457c11e201b07fc8510,FIRST_RELEASE
obs-pbc-97a868b6574174197f8a8e19201f8b6083bcc131f3aeb111f91ee4cdd0976c9f,MACRO_M2_YOY,2010-12,19.7,%,pbc-m2-yoy-pre-2011-v1,2011-01-11T10:00:00+08:00,0,,artifact-r2-39e936c966b107ac58b69adb9aacb6261b2595da86bf48c4502b16c16f9a7dde,FIRST_RELEASE
obs-pbc-2811488c5a65866e394e31b981de02f285c5a84b2be87e6413341e337c3f0ff7,MACRO_M2_YOY,2011-01,17.2,%,pbc-m2-yoy-pre-2011-v1,2011-02-15T15:00:10+08:00,0,,artifact-r2-d83d607247395e56f10f444f162c65ab4331f380ba3856993450e626629b30be,FIRST_RELEASE
obs-pbc-e10dd79d2eb7c4a48ced41a5ee151463221e170cc0edcce97bf656d82d515415,MACRO_M2_YOY,2011-02,15.7,%,pbc-m2-yoy-pre-2011-v1,2011-03-14T10:05:54+08:00,0,,artifact-r2-f8054a4794a66d56a0b2c9ee4037b976dbfd78f95feb991bf5ea60a4ccc99053,FIRST_RELEASE
obs-pbc-f4b3e56ca617bd16ea6edcb12c50a3bc70c84a0dac2e25eb765bee154aed3c4c,MACRO_M2_YOY,2011-03,16.6,%,pbc-m2-yoy-pre-2011-v1,2011-04-14T15:07:19+08:00,0,,artifact-r2-ad75407fe1a4631a350c7125af44fd963103f4f01cf31e94b5251a31ffcc4ddf,FIRST_RELEASE
obs-pbc-118a219b351841b702ed6f9d64154e87a3eecf10679daaf8e10789e8355b07a0,MACRO_M2_YOY,2011-04,15.3,%,pbc-m2-yoy-pre-2011-v1,2011-05-11T10:00:01+08:00,0,,artifact-r2-e510f717ab9b49c6a009cd95e066b7b28d2e71ea52967063a6aa1fa36e3f902e,FIRST_RELEASE
obs-pbc-d054b8367d699f2dc61d9eb56751488245f3dd5dbeac0e71199eacf778066ec0,MACRO_M2_YOY,2011-06,15.9,%,pbc-m2-yoy-pre-2011-v1,2011-07-12T10:00:00+08:00,0,,artifact-r2-e9f848c15eb0e0426127327aabfc4c4853e37082f668e13f93e5444234a72718,FIRST_RELEASE
obs-pbc-dc4148882e5ed190dbf943d10c68bb99a08a50271a9657c650e18e4c5a626a8b,MACRO_M2_YOY,2011-07,14.7,%,pbc-m2-yoy-pre-2011-v1,2011-08-12T15:05:00+08:00,0,,artifact-r2-03fa61dbc530fd5f6915a160d74ea1e9f506a8fc572c5db6d3a027192edad069,FIRST_RELEASE
obs-pbc-b69178d773ea79558df99ced7c660db433b62f777195d3bce9988c32143993e2,MACRO_M2_YOY,2011-08,13.5,%,pbc-m2-yoy-pre-2011-v1,2011-09-11T10:00:00+08:00,0,,artifact-r2-acfc70b165a9052c73ca8fa3bbb81cb7e93c0bc69899dc7cafea74f0ddd78ab6,FIRST_RELEASE
obs-pbc-406f027c444bbb28d2d24dc61cd9b5ab75972bd7ad2f28b0f5c6923222eca752,MACRO_M2_YOY,2011-09,13.0,%,pbc-m2-yoy-pre-2011-v1,2011-10-14T15:05:00+08:00,0,,artifact-r2-792a4634d4437f49e5acde952104f4072c24292f04b795eb81d6610b003cc92f,FIRST_RELEASE
obs-pbc-d379727ffaa23490e6217ee69a300c03b09b3871093a8eae9ee415da7f46b176,MACRO_M2_YOY,2011-10,12.9,%,pbc-m2-yoy-2011-v2,2011-11-11T15:05:06+08:00,0,,artifact-r2-56b11c1f665b557b16447aa7cb9bfa333ff1f07b32c1c3786c89242747487533,FIRST_RELEASE
obs-pbc-d77fb2d6fa7bc882cacf7441da300a9193439546abb7208ea2d8d43c3e6410f6,MACRO_M2_YOY,2011-11,12.7,%,pbc-m2-yoy-2011-v2,2011-12-14T15:05:00+08:00,0,,artifact-r2-9c9ec137272417ac72c41d2aeedf6e485dffd2203a4d6cc13ff71c1d663f7b09,FIRST_RELEASE
obs-pbc-9c032f1edc368f37a6d87d1565673f9e1567f50be4121eb6370f0afdedb7fb64,MACRO_M2_YOY,2011-12,13.6,%,pbc-m2-yoy-2011-v2,2012-01-08T17:00:00+08:00,0,,artifact-r2-28685590157416ffd9f54c4709998e4838fe41a0641e2a389702b978b6db09d2,FIRST_RELEASE
obs-pbc-cd79ddc8c7096cfdfdcb3a12782ab300291d5371f3b733284fababfd9d09281d,MACRO_M2_YOY,2012-01,12.4,%,pbc-m2-yoy-2011-v2,2012-02-10T17:00:05+08:00,0,,artifact-r2-a3e45517febae1103a6648739dcadab8f4c30edbf46d8d1aa427738fe0f42719,FIRST_RELEASE
obs-pbc-40a9cc34532a66754f7121b1c38fb4e21d1cc220021be4170c44671fbfb4949a,MACRO_M2_YOY,2012-02,13.0,%,pbc-m2-yoy-2011-v2,2012-03-09T16:00:00+08:00,0,,artifact-r2-f13700b4bb75046d570991a27ee4ae4ecb69a7b8702fad3d5245eb2f5c20d892,FIRST_RELEASE
obs-pbc-2884a46937c71918d90650883656699804cafc91839b0b6ad927aef2f79033d7,MACRO_M2_YOY,2012-03,13.4,%,pbc-m2-yoy-2011-v2,2012-04-12T16:00:00+08:00,0,,artifact-r2-bf279a869796c4fefbf0260904a71b59341d4a1da3a08e9e45b8ab212b377fe7,FIRST_RELEASE
obs-pbc-b059d651a24a1836edd7b0363c72b99e055f9b78b912f00ebcc3ed0b51cc972d,MACRO_M2_YOY,2012-04,12.8,%,pbc-m2-yoy-2011-v2,2012-05-11T16:00:00+08:00,0,,artifact-r2-97f559d7d5886496a10fa9774062c80e0dc9726d1945b948a64bbfa3a2a371ca,FIRST_RELEASE
obs-pbc-69a1b6b23ea70fc5fc2c2520ec16dcd0577c6c912a9ae673cf830bee13f2a64f,MACRO_M2_YOY,2012-05,13.2,%,pbc-m2-yoy-2011-v2,2012-06-11T16:00:00+08:00,0,,artifact-r2-9607180cd5e9e83ab1884ff1f0a3b949d14cb94fbf12ae5dc14d90d36972158e,FIRST_RELEASE
obs-pbc-4d32cf15d69c8aff945edb453385d190546a798d2f780bfcff87deaf1870f661,MACRO_M2_YOY,2012-06,13.6,%,pbc-m2-yoy-2011-v2,2012-07-12T16:00:00+08:00,0,,artifact-r2-94fa78a898b6dd0450b3022567f1637667acbd10fc2201906c485b41326643f9,FIRST_RELEASE
obs-pbc-070bec95aab89b5a2931a0e64b5a6b4442256fe4f5579d0d4c6b29580ad6c87d,MACRO_M2_YOY,2012-07,13.9,%,pbc-m2-yoy-2011-v2,2012-08-10T13:00:00+08:00,0,,artifact-r2-ef0df569fdc46d77d4bace7f430dccdeb8a5ecc92c510007599c23ade0941a4e,FIRST_RELEASE
obs-pbc-883e63fceb7439cd47947d70dddee5b4c93fea3192d28c5a04c916fbaa115587,MACRO_M2_YOY,2012-08,13.5,%,pbc-m2-yoy-2011-v2,2012-09-11T16:00:00+08:00,0,,artifact-r2-149d565cefb3297a28df393aae7cdb6238d750214ba38caadf53f21d623f1469,FIRST_RELEASE
obs-pbc-9eed01ba617d5518a17a59fdc5b9c44e489a8c7708a0036efbd7feb5e0d7f434,MACRO_M2_YOY,2012-09,14.8,%,pbc-m2-yoy-2011-v2,2012-10-13T15:00:00+08:00,0,,artifact-r2-db56dc6fbfe14e78aa4ddd38f08734abbfccd59fb85d56882e39b4aa09a01b99,FIRST_RELEASE
obs-pbc-eea14762b6d9559cf7b8b34cfa73151c37519ff5f8d71085a18f384ec70960d5,MACRO_M2_YOY,2012-10,14.1,%,pbc-m2-yoy-2011-v2,2012-11-12T16:00:00+08:00,0,,artifact-r2-c243d68770e69b735ca6955c07715b3967be1bd5bca1448ec2fcb5f5d2bcefbf,FIRST_RELEASE
obs-pbc-9605c7b77cd7bc78b32b115c443ce9d59c7fb9ca16fa397983d6f2ae3cdf7647,MACRO_M2_YOY,2012-11,13.9,%,pbc-m2-yoy-2011-v2,2012-12-11T16:02:09+08:00,0,,artifact-r2-0ca0ea98847bc08b8eae9b43363368eefe1be959c2dffba829922341c9e6f4c2,FIRST_RELEASE
obs-pbc-4f90e3c5fbbe0a8a5f69916308cbab48afbd7e22ac1ffafbb06b73d8feae829d,MACRO_M2_YOY,2012-12,13.8,%,pbc-m2-yoy-2011-v2,2013-01-10T08:32:40+08:00,0,,artifact-r2-6e7cbe2b62e9e60d41a02ea44568b0b050f83a26375f42d3127bc47a9775b142,FIRST_RELEASE
obs-pbc-fe7190b87d9e33e3447e35e59da7755824a3720d36c62a0f2893529019fd2b50,MACRO_M2_YOY,2013-01,15.9,%,pbc-m2-yoy-2011-v2,2013-02-08T16:02:45+08:00,0,,artifact-r2-9767aed4f4f4e3959cde0db0efe07cc9034355a5aabda11178f120f95d9aed01,FIRST_RELEASE
obs-pbc-5bc9e216072c2a94e7310c6813f8fb85fae18fcc0ba030219b035aead82d0327,MACRO_M2_YOY,2013-02,15.2,%,pbc-m2-yoy-2011-v2,2013-03-10T15:00:00+08:00,0,,artifact-r2-3e5428b7d08bf85cea5aef547571e274ad7569db9ad999941d202cdf1ae0489f,FIRST_RELEASE
obs-pbc-d578968750b380e08df257da24acbe491de2ac2f9058f6dc6a2023b08c04ccf8,MACRO_M2_YOY,2013-03,15.7,%,pbc-m2-yoy-2011-v2,2013-04-11T09:00:00+08:00,0,,artifact-r2-da27528c3b0becb4e66858679f155285131e129676ee046663fce56b4ae4605f,FIRST_RELEASE
obs-pbc-4fb8f7703460be3d33ce4822246d457d913e127865a02014b2c03cb479e80050,MACRO_M2_YOY,2013-04,16.1,%,pbc-m2-yoy-2011-v2,2013-05-10T16:00:00+08:00,0,,artifact-r2-768f875cd390455d366c14d473c26dc812c7c14ebaa2c8d19781365e33560dfa,FIRST_RELEASE
obs-pbc-1e3601f4ea660e43f3fb641ba66dbd11a2490bbdc3a128e330ce6523c276d343,MACRO_M2_YOY,2013-05,15.8,%,pbc-m2-yoy-2011-v2,2013-06-09T10:02:21+08:00,0,,artifact-r2-9a530ea16a5ba5e271a6402742802a8b4a9e342df3885bf06399b7028e194f29,FIRST_RELEASE
obs-pbc-8b35404c4aba241d3d6e7511ceccb8c92f54a741620df2dad6877374114de2ea,MACRO_M2_YOY,2013-06,14.0,%,pbc-m2-yoy-2011-v2,2013-07-12T16:00:50+08:00,0,,artifact-r2-021251def41ea4be43e256b3ff5f46083f68efecdda60ffddf51a77afbe1b235,FIRST_RELEASE
obs-pbc-a43396ffccb06f2b15f53c3eeb0d143fdac9840fcc1a45cb2657f4648986da3b,MACRO_M2_YOY,2013-07,14.5,%,pbc-m2-yoy-2011-v2,2013-08-09T16:04:23+08:00,0,,artifact-r2-1068e99179fabba4e8ec7b18e8ebd7dff8dbbe3356ae066068143be1c6588a78,FIRST_RELEASE
obs-pbc-cbe76e90a2d66c163aa850fe70b8ef399835ccab59f9ca1e9c4b2372a08f2a3c,MACRO_M2_YOY,2013-08,14.7,%,pbc-m2-yoy-2011-v2,2013-09-10T15:57:52+08:00,0,,artifact-r2-9cb1d0ee26008b189b088a2309b9a113ca109dc11ee0b077249aa89ee4616add,FIRST_RELEASE
obs-pbc-523ca64f41c73d08b43c787378b3ec104ef745264e3af30b903e31ed193c4af3,MACRO_M2_YOY,2013-09,14.2,%,pbc-m2-yoy-2011-v2,2013-10-14T16:00:51+08:00,0,,artifact-r2-616c590248c075d6908a5b75a7f876e96bf2ef2af280c078f0fa41449c974a03,FIRST_RELEASE
obs-pbc-54f946c1b52a986905cc02051413982524ba9db790a09db604a8fef83a1c9bf2,MACRO_M2_YOY,2013-10,14.3,%,pbc-m2-yoy-2011-v2,2013-11-11T16:08:52+08:00,0,,artifact-r2-f4149c0509a9b84b964e2ec37dd46d29f93c7d37c777c88f4488dce2121c501b,FIRST_RELEASE
obs-pbc-978081dac0e979e4efb9691dbc7cb441e8839d7e58fee28305c02e67fab3fc04,MACRO_M2_YOY,2013-11,14.2,%,pbc-m2-yoy-2011-v2,2013-12-11T16:01:42+08:00,0,,artifact-r2-9acbfc904bc53bbc1f373fe2d127332ca5eff12b154625104aae181bbeb88b8d,FIRST_RELEASE
obs-pbc-3bc65a45fa409e8069c85f9834b80b4e219b905d1417e95968b17f98dbe6b13c,MACRO_M2_YOY,2013-12,13.6,%,pbc-m2-yoy-2011-v2,2014-01-15T10:10:21+08:00,0,,artifact-r2-43fc94e733b17211bfd808d4f2772b8918fc7cfed6edaaaa7220168c3b5a85a0,FIRST_RELEASE
obs-pbc-b88ac4e2e23b49b5ec80ae3f217060f818d60f3d055772bb79b1c0d3e4a9dcb4,MACRO_M2_YOY,2014-01,13.2,%,pbc-m2-yoy-2011-v2,2014-02-15T16:01:06+08:00,0,,artifact-r2-51ae53e11f5bbc547933c097044982458c9301f16472294ac9c39b0dc7941515,FIRST_RELEASE
obs-pbc-bc564945e7af364dca584c9702586dc3e14504533f440d98bddee6e56f03954d,MACRO_M2_YOY,2014-02,13.3,%,pbc-m2-yoy-2011-v2,2014-03-10T16:02:28+08:00,0,,artifact-r2-a07ebadd67bca2aba69e3af91a99933ed06c4e3a8f09eeb8178f8fc08da41a62,FIRST_RELEASE
obs-pbc-3fa72f9deb45e39b14da6a83b0d71855c565e4e70baba23d0ea5b890e463d167,MACRO_M2_YOY,2014-03,12.1,%,pbc-m2-yoy-2011-v2,2014-04-15T10:00:24+08:00,0,,artifact-r2-2500d2bdd3b906247a6f75bd151de5edeac5d8b206255b19d25dcbb433352c33,FIRST_RELEASE
obs-pbc-6e5bf74a75604fb8d72b8546742519e9cd4daff5990056af48c31c970b089ac2,MACRO_M2_YOY,2014-04,13.2,%,pbc-m2-yoy-2011-v2,2014-05-12T16:00:38+08:00,0,,artifact-r2-d9d7b12519cba034a815e1402daf3d3537c582c9f662fae12d113e9ccce3d341,FIRST_RELEASE
obs-pbc-2e5b3b791b87928dd7c3d47b77d52932e14afbd92712502502fe6a683d7b0146,MACRO_M2_YOY,2014-05,13.4,%,pbc-m2-yoy-2011-v2,2014-06-12T16:00:22+08:00,0,,artifact-r2-c541bfe0a673c06831bc3cf2f9af552339cdd0718b570348dc5033e76d8239eb,FIRST_RELEASE
obs-pbc-83da392536b9cd68e95a9ddf05f06f718157f37bd7f23bb51de9b2a4e39498dc,MACRO_M2_YOY,2014-06,14.7,%,pbc-m2-yoy-2011-v2,2014-07-15T10:15:30+08:00,0,,artifact-r2-60727242d53e6dac0fb852299e287582f8700e9c228f4f155b0f014a893b75fd,FIRST_RELEASE
obs-pbc-a57c1a8ef9e6a693f67611c0803cc671965ae3775fb3d1f9b62be06eaa311ded,MACRO_M2_YOY,2014-07,13.5,%,pbc-m2-yoy-2011-v2,2014-08-13T10:30:42+08:00,0,,artifact-r2-e7d89da431029a88b28a311ddeb394efd5926c24c5337f948b811b288df7f547,FIRST_RELEASE
obs-pbc-5099be6c444df1da6123726ab83bc4bde72024294f06fd2c5ba5ddef7fed4f43,MACRO_M2_YOY,2014-08,12.8,%,pbc-m2-yoy-2011-v2,2014-09-12T10:01:01+08:00,0,,artifact-r2-066918953f1e8fb1ecbe8dfb90147b7fd49e39a5cf29c4fb9ec319c1d5a0af18,FIRST_RELEASE
obs-pbc-98a085580bcd62574a5d1f1f82c8c0555d03acbd17bbbbb88d8e73947a2bf88f,MACRO_M2_YOY,2014-09,12.9,%,pbc-m2-yoy-2011-v2,2014-10-16T10:00:17+08:00,0,,artifact-r2-f7a121cad7d5a4fc9ce683b08c220f4201452c4e708eb86479e7beb253bd4a5e,FIRST_RELEASE
obs-pbc-e35cfd3e15faff274c704e89c89442bb8bc5eb11cfeccc0d0a7ff104bd1d9969,MACRO_M2_YOY,2014-10,12.6,%,pbc-m2-yoy-2011-v2,2014-11-14T16:00:14+08:00,0,,artifact-r2-731aa151b6e9e7b829d20f7102872fd2576b0a48f8a04edc01899bab6d07f49a,FIRST_RELEASE
obs-pbc-39461fb0bd221258c10de107e3cb2b33483f6957208643b12b5a75d1d9d6217d,MACRO_M2_YOY,2014-11,12.3,%,pbc-m2-yoy-2011-v2,2014-12-12T16:00:11+08:00,0,,artifact-r2-b21931a0f0c3b2fa4303b2320193c4d6c32553f8c7e82740e1b234df055df206,FIRST_RELEASE
obs-pbc-88b3c51bf37a231b928b88ec5cfc4735f7299d3e8baf0941b2803278d07686ad,MACRO_M2_YOY,2014-12,12.2,%,pbc-m2-yoy-2011-v2,2015-01-15T10:00:56+08:00,0,,artifact-r2-5490305921e0c4a9cbdba50b2e2e4a5ec335ef9e3fbb8c4d528aef10342b7ab2,FIRST_RELEASE
obs-pbc-5daed51cf3cf3c0a4be2b92e7780b9396e0282549f16801b591d3b0832c6d327,MACRO_M2_YOY,2015-01,10.8,%,pbc-m2-yoy-2011-v2,2015-02-13T16:58:58+08:00,0,,artifact-r2-21506401c16d83cf78c6c85018bb80ded512745cfa25f407e670933e0b7eb004,FIRST_RELEASE
obs-pbc-83d092437ba710e9d828e8dcca45d2aec79d5e5e78586e6518442ee5566dae7d,MACRO_M2_YOY,2015-02,12.5,%,pbc-m2-yoy-2011-v2,2015-03-12T14:31:17+08:00,0,,artifact-r2-9eca29a1348bc4ad2f0ffcad6899a507c2e805289c57a015edc96ae121813a01,FIRST_RELEASE
obs-pbc-1ffd1dce0ce54c7ecaeb225a6976b5e0c2c314286edb6c264b99c644e9f8331f,MACRO_M2_YOY,2015-03,11.6,%,pbc-m2-yoy-2011-v2,2015-04-14T16:00:34+08:00,0,,artifact-r2-68c8f868c4fecac3c0dd5d603e781b2ed549e4fc8a478c6af5dc9fe0f26ec76a,FIRST_RELEASE
obs-pbc-5746e20a4f3cf3e1145a3d84a36fdb3c7c8e3b1a51e37dce2b373640c4e600b9,MACRO_M2_YOY,2015-04,10.1,%,pbc-m2-yoy-2011-v2,2015-05-13T16:01:36+08:00,0,,artifact-r2-b14b39876b2807d0bc93578f63d837b4897181fd58c7f3ef0b8cf01e165e6909,FIRST_RELEASE
obs-pbc-9b13a1c955b7a64b44589dbcc1fc05f5ae8eaa2db2dd3dd3118b377ab9f2ac8e,MACRO_M2_YOY,2015-05,10.8,%,pbc-m2-yoy-2011-v2,2015-06-11T15:01:02+08:00,0,,artifact-r2-bb59c175474a1e46fe98e6b02440040ea6e504532ad5d4b53e9f6ab4c44143f6,FIRST_RELEASE
obs-pbc-6b57f37a42a17adb686c228995cbf26697d4ec08ffd6b9c512306667cabd5cc3,MACRO_M2_YOY,2015-06,11.8,%,pbc-m2-yoy-2011-v2,2015-07-14T10:02:28+08:00,0,,artifact-r2-ce938417653b59bfcc262f9ad27a8c2e40eb39546255a776a2fa613ee1eed71c,FIRST_RELEASE
obs-pbc-e27e45f56b2c6088e6be2525f4b5e1579093a2d313d3de57f5dbd354e460a6e2,MACRO_M2_YOY,2015-07,13.3,%,pbc-m2-yoy-2011-v2,2015-08-11T08:25:03+08:00,0,,artifact-r2-41db6a647e546aa204fca88e42c4c3634338c5e41beb1d69884803f8e494d949,FIRST_RELEASE
obs-pbc-12863633a8bc8a97811094090c9cf369e55a7cf9dac3fdd3a4c0df7b4765365a,MACRO_M2_YOY,2015-08,13.3,%,pbc-m2-yoy-2011-v2,2015-09-11T16:00:41+08:00,0,,artifact-r2-265e3b15b64277f8558f7d0b4d2010a8317d3563ff837e20c6cf691424592bdc,FIRST_RELEASE
obs-pbc-1b07d9367699b550b2be1860a19adf5af7a10025b83e3cf280f991d087a04825,MACRO_M2_YOY,2015-09,13.1,%,pbc-m2-yoy-2011-v2,2015-10-15T16:00:00+08:00,0,,artifact-r2-578d75959b880b5e4f8db8af6c3ed661469f94b43a0316610a732d572e7ad189,FIRST_RELEASE
obs-pbc-afcdca766ccf2b491133486bc1c8ba2f19a62ba3f2864ac487e38bd40392eb30,MACRO_M2_YOY,2015-10,13.5,%,pbc-m2-yoy-2011-v2,2015-11-12T16:00:00+08:00,0,,artifact-r2-1d2af792cb6824e789d6b56ca5caae7750dde972027604faba524fc80328bd14,FIRST_RELEASE
obs-pbc-d0fd030a57b328e7e96bdcb8cbfe212b41ccba899331427875416345089e16d6,MACRO_M2_YOY,2015-11,13.7,%,pbc-m2-yoy-2011-v2,2015-12-11T16:00:00+08:00,0,,artifact-r2-bd02abcc67ec3cef933fa2af0c24c7c048936bfb47e9a282e3a4ce26c3131d1b,FIRST_RELEASE
obs-pbc-fc776ca587d3deb8d2eeac41e03795e6baac8cc01bd388838228d712ef8b4c3c,MACRO_M2_YOY,2015-12,13.3,%,pbc-m2-yoy-2011-v2,2016-01-15T10:00:11+08:00,0,,artifact-r2-e9c8058a48f22e84e5fec73a1cadb9e5106f1fe4799443675fc73446c8b5004d,FIRST_RELEASE
obs-pbc-0ca372fcd8492cb0f002b7af813bd1e21afdd6a72c14f55d8e4e49ab7f66f91e,MACRO_M2_YOY,2016-01,14.0,%,pbc-m2-yoy-2011-v2,2016-02-16T10:00:00+08:00,0,,artifact-r2-aaae04d91f22198c6b629ff6001e2a3386af5dc199ed31a4729a66ce5446ce93,FIRST_RELEASE
obs-pbc-f232113241ca98092b2db5be84f16332a33035a670721f3c9c80af95790dcdbe,MACRO_M2_YOY,2016-02,13.3,%,pbc-m2-yoy-2011-v2,2016-03-11T19:30:00+08:00,0,,artifact-r2-75cab33c03ec85afee30a7ab4a03ef0b687c65e0c7d2c1ce37eff90388235a72,FIRST_RELEASE
obs-pbc-985cb6e650b33ca825c6a6d1f9deac7831069b282a80f1ddeecf76777b8d43eb,MACRO_M2_YOY,2016-03,13.4,%,pbc-m2-yoy-2011-v2,2016-04-15T10:00:00+08:00,0,,artifact-r2-3ede827bad74fd39b4e7ebcc8dcb1b6c6e41f0af099d3f32499256ca59bf09ef,FIRST_RELEASE
obs-pbc-e2c46a4d142763512ae37f4677adc905434936b4b0a231b168131339be56f5db,MACRO_M2_YOY,2016-04,12.8,%,pbc-m2-yoy-2011-v2,2016-05-13T16:00:00+08:00,0,,artifact-r2-92646a32448c3dabd9858dcf2d0291d05c9ab4860df81e382e48a94da66f3484,FIRST_RELEASE
obs-pbc-6c630b9c26dcaeeb261454a90f22716831cca2cd53c4c15fb3771d20c350bd8f,MACRO_M2_YOY,2016-05,11.8,%,pbc-m2-yoy-2011-v2,2016-06-15T16:00:11+08:00,0,,artifact-r2-27ac152ac736e6627f82e57ac1ca70e3fd9ca34591b158c3904b5d4a0554d4da,FIRST_RELEASE
obs-pbc-290496940659b339e7674e56ee5e62907294dc2f0b68c18565653ddb0231559c,MACRO_M2_YOY,2016-06,11.8,%,pbc-m2-yoy-2011-v2,2016-07-15T10:00:00+08:00,0,,artifact-r2-aebb9a8774a43aae70eca96ff22bbf8efb5820d066f53f862e7a81ef5f2cb361,FIRST_RELEASE
obs-pbc-e02b300a88ae9e42689abd0f9f57c3cad769662e1737380dcf76ef3985903d9b,MACRO_M2_YOY,2016-07,10.2,%,pbc-m2-yoy-2011-v2,2016-08-12T16:00:00+08:00,0,,artifact-r2-d58e0e539377dd1d6f3ded18fb7f225aa6982f1096e8028d1ec5d1f174d16975,FIRST_RELEASE
obs-pbc-cc2bbe788780e33181f7b2e97e66f973d7b49432145ef9163121b55fef4272fd,MACRO_M2_YOY,2016-08,11.4,%,pbc-m2-yoy-2011-v2,2016-09-14T16:00:00+08:00,0,,artifact-r2-579041c385e3342e1226d94285ae7ae3f14bdd6ed7d385de76bde46084ac1e3d,FIRST_RELEASE
obs-pbc-ee677dd162d69b2b2d0b52cc0622d606d8704184b739cc04455c3a6d13048690,MACRO_M2_YOY,2016-09,11.5,%,pbc-m2-yoy-2011-v2,2016-10-18T15:00:00+08:00,0,,artifact-r2-961ae534fa600a7dbb0cad00a265b0935e43a6edd2c905ab5134d8824adc0f76,FIRST_RELEASE
obs-pbc-e0c9bfc712dbcce9cbee9efd62b794e247dff8c7f8c65bbb23c30e58e84a6cb5,MACRO_M2_YOY,2016-10,11.6,%,pbc-m2-yoy-2011-v2,2016-11-11T16:30:20+08:00,0,,artifact-r2-a3ba29cd7f3b1d1706a1f80360be22f856e26fdff8450e27a355ea5cbef89a13,FIRST_RELEASE
obs-pbc-453437cfae3d01eb3ed83bd171825c6f1020f578e173a4c5b9417b09e18f2204,MACRO_M2_YOY,2016-11,11.4,%,pbc-m2-yoy-2011-v2,2016-12-14T15:00:00+08:00,0,,artifact-r2-96e01121b9e0e4fcfe17e2c3d98def9d64e7731e00fe0e91de3d7c5a54bdb0e4,FIRST_RELEASE
obs-pbc-c89d36ee9046254de1582f9bd2e148827bfa7172b69711478b1ac6b25abba263,MACRO_M2_YOY,2016-12,11.3,%,pbc-m2-yoy-2011-v2,2017-01-12T17:00:00+08:00,0,,artifact-r2-8091fbc789c5240bf70cc6e3a55697ba3114ce2169eca04d0f4496243bc33156,FIRST_RELEASE
obs-pbc-087836d14413191ca1d6efd669c0948eb9cd55a99c76fe39b1ada977a11b31cc,MACRO_M2_YOY,2017-01,11.3,%,pbc-m2-yoy-2011-v2,2017-02-14T17:00:01+08:00,0,,artifact-r2-c43c777edf411c40d107e398e9fe493a1d2d84f1a494bb835ada129b71c71861,FIRST_RELEASE
obs-pbc-e745b3c5e7ac4028c66c23eb54d7399be347b478c906ba77e79fe50d7e34f92d,MACRO_M2_YOY,2017-02,11.1,%,pbc-m2-yoy-2011-v2,2017-03-09T17:00:12+08:00,0,,artifact-r2-709569c3f8d88bdad760935baa9996ebebe399e7c9b4bd4896e127a24787f42f,FIRST_RELEASE
obs-pbc-ee69bbb07273900a929da0ce5d2984f1db86c916a00cecfd5bf2957b379ed87f,MACRO_M2_YOY,2017-03,10.6,%,pbc-m2-yoy-2011-v2,2017-04-14T15:00:05+08:00,0,,artifact-r2-08a68d48211c5efe1177de11d0556d4c6af19f7a28662169ab2650c3add8ed49,FIRST_RELEASE
obs-pbc-5420fb3bbf795e7232b2f841268ca08905c6c8d51051851c272211c7f0e89528,MACRO_M2_YOY,2017-04,10.5,%,pbc-m2-yoy-2011-v2,2017-05-12T16:00:05+08:00,0,,artifact-r2-7c2f080886cd3d16d00f8aa1f5d96671c11fd28032d9503dda1836ad5559edd4,FIRST_RELEASE
obs-pbc-fec5956ec8a331bd60892f6229ac9b687e2bbc37c228be7a92811c25df952bc4,MACRO_M2_YOY,2017-05,9.6,%,pbc-m2-yoy-2011-v2,2017-06-14T17:05:10+08:00,0,,artifact-r2-a31626d704eb881bc8c0016b9e1a1f608a8dfd64f7255d4542bfc479d1b7aa1e,FIRST_RELEASE
obs-pbc-33bfb496a8be111374dc06cf76726fbf6f4652ba4b64a074d1b7d09fae8cf466,MACRO_M2_YOY,2017-06,9.4,%,pbc-m2-yoy-2011-v2,2017-07-12T16:00:08+08:00,0,,artifact-r2-c7b8439e64c3ec93edd7423f5dc923b471cebe3e0c1a49c05b0ca52e108f9cc2,FIRST_RELEASE
obs-pbc-8503a128bdadbbec7fb21ec7697945534e6f10fd4950576d39c7996350c6796c,MACRO_M2_YOY,2017-07,9.2,%,pbc-m2-yoy-2011-v2,2017-08-15T16:00:05+08:00,0,,artifact-r2-19e3bcf6a96ad740f6f42dfd96c07941c91bedeee6042dfadf322f16b71f3f3d,FIRST_RELEASE
obs-pbc-d65e9db5cd712222696c5f70d9215246b55624c5050ce6ac01f315459b09b9f1,MACRO_M2_YOY,2017-08,8.9,%,pbc-m2-yoy-2011-v2,2017-09-15T16:00:05+08:00,0,,artifact-r2-9d63136d7418b6f6f42b0e8be074d75da266f48bc22c6c503d3b389efec035c3,FIRST_RELEASE
obs-pbc-b4ad43c7359864b31bf56d4f2e0efde9a37536787738785e8b7f2b991e61cf66,MACRO_M2_YOY,2017-09,9.2,%,pbc-m2-yoy-2011-v2,2017-10-14T10:00:03+08:00,0,,artifact-r2-6d368999df98f5405f14c309ba5b2157f9aac6abdfd9a7b930df4be803e817a1,FIRST_RELEASE
obs-pbc-0549cc7fe172fdb99bca2a6e2b95ed2e6a71fb2f3dc265b52b32eb90853705f1,MACRO_M2_YOY,2017-10,8.8,%,pbc-m2-yoy-2011-v2,2017-11-13T16:00:02+08:00,0,,artifact-r2-dbf90eaee5784ff3ce05c91e75c5e726c26893447299a8cfbaef46f7e6d17192,FIRST_RELEASE
obs-pbc-f9aa924ce9d5028ceefffbfc90119b1dcda776515c58ebf17a2a56c0d1352b05,MACRO_M2_YOY,2017-11,9.1,%,pbc-m2-yoy-2011-v2,2017-12-11T17:00:05+08:00,0,,artifact-r2-7e11aabe95475fe7e73ab746209471e2135b8a9a4ec6f9d16d779bc871e06e9a,FIRST_RELEASE
obs-pbc-a561da378fcee26282ed23a814a2826391d5beff18ff20b8f196108f6ce1ce93,MACRO_M2_YOY,2017-12,8.2,%,pbc-m2-yoy-2011-v2,2018-01-12T16:00:05+08:00,0,,artifact-r2-adac48a8ffbddc588304dfc1dc9ec270f73ebf22d0f2b1937f9077e7823df0e7,FIRST_RELEASE
obs-pbc-e68364ece80f0448814a5f530892550ab1af18d941899bb9d7abc23b4123f705,MACRO_M2_YOY,2017-12,8.1,%,pbc-m2-yoy-2018-backcast-2017-12-v1,2018-02-12T17:00:05+08:00,1,obs-pbc-a561da378fcee26282ed23a814a2826391d5beff18ff20b8f196108f6ce1ce93,artifact-r2-2ebd81b7ee52533b9029bb9dd44ee4006acbba880e3287a8daa5505cd38362de,BACKCAST
obs-pbc-c53729618e43c564539b3b19d05df91904c5ab25cc0688b01b4aec538bbed45b,MACRO_M2_YOY,2018-01,8.6,%,pbc-m2-yoy-2018-v3,2018-02-12T17:00:05+08:00,0,,artifact-r2-4afc6c5fb4714b79df077722e2fe10b3fca53c2ba8be7b7122fcc80469d73ce0,FIRST_RELEASE
obs-pbc-719e10d1965253716720bd89f661f86c3a474588cf04ab7a3575ca8e98ba6169,MACRO_M2_YOY,2018-02,8.8,%,pbc-m2-yoy-2018-v3,2018-03-09T09:00:05+08:00,0,,artifact-r2-0a164cf3e821825763a40fe9ddcdc2c411116444e3f4fb334d8ee0c9f540bf6c,FIRST_RELEASE
obs-pbc-944638de73d92cbf1f069e63cc9f5dff2f9659f13467806636a9ba78140cd1a2,MACRO_M2_YOY,2018-03,8.2,%,pbc-m2-yoy-2018-v3,2018-04-13T16:00:05+08:00,0,,artifact-r2-8538bd5f1542ec2756d3d6de3702070687ffbba0e98fd441b6a2adbf79c4b978,FIRST_RELEASE
obs-pbc-62874700141f65ab3849c182b4513349c9a4d66384442677ad2186990ea57e65,MACRO_M2_YOY,2018-04,8.3,%,pbc-m2-yoy-2018-v3,2018-05-11T17:00:02+08:00,0,,artifact-r2-7eeffa8b8a97393fd08d74e8f208de43ec30538d7b33d20108400498400574bd,FIRST_RELEASE
obs-pbc-bb049460e13ce2132337df6909658988b96f1381fb606d2afec6ac47457a0f89,MACRO_M2_YOY,2018-05,8.3,%,pbc-m2-yoy-2018-v3,2018-06-12T17:00:05+08:00,0,,artifact-r2-1e4489d2e2d025bf18839aa78b0097edc44bb7492e1177a3320a0caca963bd08,FIRST_RELEASE
obs-pbc-43536b7cd9e9799da22df8aea3ee806dba4a6d7e20e85e8e04ea3cb755156461,MACRO_M2_YOY,2018-06,8.0,%,pbc-m2-yoy-2018-v3,2018-07-13T16:30:05+08:00,0,,artifact-r2-8699d717757f63dd1a1886b13598e726055fcd9f31471a2eafa8fa1bf84ab694,FIRST_RELEASE
obs-pbc-053da55f6fdc3abd3dc65d853721f756b9bfe9b1f10101c6b56500d0d6ff3ba0,MACRO_M2_YOY,2018-07,8.5,%,pbc-m2-yoy-2018-v3,2018-08-13T19:26:09+08:00,0,,artifact-r2-a179056a4dab5569b7bc0c48922593106f0c3a20bc006eebb7f3ec7174fa864c,FIRST_RELEASE
obs-pbc-9d9e0e61cca9a59610f02e489e98a78205381a2da65b82d078ed80dc5781b277,MACRO_M2_YOY,2018-08,8.2,%,pbc-m2-yoy-2018-v3,2018-09-12T17:00:05+08:00,0,,artifact-r2-07ae4cc2eb0ce451d984ee82836e5f008b58254e6696dd3d197db381b23fae4c,FIRST_RELEASE
obs-pbc-bb1e9e3fb6fdfdda52729c0bacb1a8df70d85183ed33ec87e242a5e5789575b4,MACRO_M2_YOY,2018-09,8.3,%,pbc-m2-yoy-2018-v3,2018-10-17T16:00:03+08:00,0,,artifact-r2-216d11233540f77902ea41011b9d890463e8e819be9acc9b7b0cc5dc4ee52511,FIRST_RELEASE
obs-pbc-58783db4c9bc1483c30ac3fb48cb256bb6aef83c991a7cfd2722ecc38cb96584,MACRO_M2_YOY,2018-10,8.0,%,pbc-m2-yoy-2018-v3,2018-11-13T16:45:02+08:00,0,,artifact-r2-0762cadb0a43ce16f5d56f3ab3b62770a65dbb5d3ad52b9ef4c4ccb72608c390,FIRST_RELEASE
obs-pbc-572c37f47df7f5d30ca4421c6e8f42698acda1610dd24ae1bd1353a3ef72e4fd,MACRO_M2_YOY,2018-11,8.0,%,pbc-m2-yoy-2018-v3,2018-12-11T17:00:02+08:00,0,,artifact-r2-437f3d33aa9c0a6c94986202df33180674be53b862cc77e2256bf85abe316738,FIRST_RELEASE
obs-pbc-5684c313702ea387e7d05c99f6a204c27ef8a92ef051983652676daef85b19a4,MACRO_M2_YOY,2018-12,8.1,%,pbc-m2-yoy-2018-v3,2019-01-15T16:00:02+08:00,0,,artifact-r2-a533b6a57ed5641b0139cbeff1bb89a9fa7480020ae1d5f88316f10a49dad079,FIRST_RELEASE
obs-pbc-1e81d03e6102e835978810c38262880e0555a34822bcadc22c2b429ecb7ca54b,MACRO_M2_YOY,2019-01,8.4,%,pbc-m2-yoy-2018-v3,2019-02-15T15:02:00+08:00,0,,artifact-r2-6a031b821595bf1d27480ac6c3a3711d67f5f7bcf197d55bcf213b7093d46774,FIRST_RELEASE
obs-pbc-b1e9912d9163696baeb5a115f092d93e9a1929e7aeaa0927e430809e7766a1e1,MACRO_M2_YOY,2019-02,8.0,%,pbc-m2-yoy-2018-v3,2019-03-10T09:00:02+08:00,0,,artifact-r2-ed87cb6799c04dc761c791de53c78d9beda3ad17c264b1619948aa40d9e472bf,FIRST_RELEASE
obs-pbc-7971fa719e2241503b8507c6fd8e80befed14810965b016b7fcf6c5d23ea4f12,MACRO_M2_YOY,2019-03,8.6,%,pbc-m2-yoy-2018-v3,2019-04-12T16:00:03+08:00,0,,artifact-r2-7144c834f585202cbf26e163fe91c152ba0c5eb7a61a3bc9eda9eaf7341bacf2,FIRST_RELEASE
obs-pbc-6f1aefa6c3f866aa2c68493c6dfcf0101d9775c2b14406baa9b1511a17772420,MACRO_M2_YOY,2019-04,8.5,%,pbc-m2-yoy-2018-v3,2019-05-09T10:00:03+08:00,0,,artifact-r2-5a99e735d962fb153a370ac6dd2dffc847b66ba5ade8351830774ccfda880091,FIRST_RELEASE
obs-pbc-2005fef9a1cc0b6afadc4df9cdb990230e1ea45e5b5abd6f2587d614bf09e69a,MACRO_M2_YOY,2019-05,8.5,%,pbc-m2-yoy-2018-v3,2019-06-12T16:00:02+08:00,0,,artifact-r2-0cf704bdd84f1c755d4d6676c860232dee304160b9af8f3ceebdef737cce8def,FIRST_RELEASE
obs-pbc-85f18dc10e58b459ea4f4ab0e0ad3ff282f32291328f6f0afcf16121d764ae89,MACRO_M2_YOY,2019-06,8.5,%,pbc-m2-yoy-2018-v3,2019-07-12T16:00:20+08:00,0,,artifact-r2-b5a8f31e0b6e3f8dbcb86519c61f045e4e1b30dfd57fb32aa2a601be190aa20b,FIRST_RELEASE
obs-pbc-c688da8d146de194c74199e79af35dfb76c9c755020bf9b40e16d324e8fc84f3,MACRO_M2_YOY,2019-07,8.1,%,pbc-m2-yoy-2018-v3,2019-08-12T17:00:02+08:00,0,,artifact-r2-f93694fdee2227ad7eec83b36413687885188ba9053171bcac89483849f03611,FIRST_RELEASE
obs-pbc-c55d34383a4e3663671f768954742bf4972b2315646754f7aa0dc5cc3691c7a6,MACRO_M2_YOY,2019-08,8.2,%,pbc-m2-yoy-2018-v3,2019-09-11T17:00:30+08:00,0,,artifact-r2-f492d825ef5522065e16a454a3c785af0bfc16e8a84ef1d9207f6ffe2940f361,FIRST_RELEASE
obs-pbc-bb76c8565e2164e20a47e2e8280501b7382861ba638946f4209df8f274b34c72,MACRO_M2_YOY,2019-09,8.4,%,pbc-m2-yoy-2018-v3,2019-10-15T16:30:03+08:00,0,,artifact-r2-adbb812c0ce21596df12d7b5fb9b19f6bd65167c480f744897a05d840f0d075f,FIRST_RELEASE
obs-pbc-067fab221f0c35965602389072ed0e7dab1a34a2091319bdfecd9b2e26d69b0e,MACRO_M2_YOY,2019-10,8.4,%,pbc-m2-yoy-2018-v3,2019-11-11T17:00:05+08:00,0,,artifact-r2-8d6c12a0b182cbd9e9b14927693ec0e6757e5bfb2ef587d60db56ecc3ab963ec,FIRST_RELEASE
obs-pbc-77cef9c0dc4baafee2bc91fabd16d0172c981775a4ad8e5233ce79a1fbb53094,MACRO_M2_YOY,2019-11,8.2,%,pbc-m2-yoy-2018-v3,2019-12-10T17:03:12+08:00,0,,artifact-r2-3414e3af99324511c84c2d0703f3bafc9372a00dfeafbe6e3225a6fbf672f0d8,FIRST_RELEASE
obs-pbc-9621fb67aa1894b560c041c1b6177f15ec0ea76dc2de171db90a13d12b8f2e00,MACRO_M2_YOY,2019-12,8.7,%,pbc-m2-yoy-2018-v3,2020-01-16T15:00:50+08:00,0,,artifact-r2-e36440e536326e2b009198ebfdeef68d7ba660a58bb443cc0bde79fd93b9c36c,FIRST_RELEASE
obs-pbc-cee54fcb99b69984590f73e7d6fc255872cf58bf0ab7f856e4aa52e15b0f5faf,MACRO_M2_YOY,2020-01,8.4,%,pbc-m2-yoy-2018-v3,2020-02-20T16:00:20+08:00,0,,artifact-r2-f4ca74bc9e8a3122683da6cb35d506ec89a16861841ad705f1fab2ccf8f30692,FIRST_RELEASE
obs-pbc-c5b016062070892c6b992c6eab995ad08a6d169807dd05b75118bb8ece718e8d,MACRO_M2_YOY,2020-02,8.8,%,pbc-m2-yoy-2018-v3,2020-03-11T16:01:20+08:00,0,,artifact-r2-0008e83a7a5a78ca6cbbd24228bbe8ce00b1f3ec5ead2125fad8d66d9ffca00d,FIRST_RELEASE
obs-pbc-aa5920d695ace3cd8f8f5fa92f3d2dfd7548575441eeb5c3951b43abda921c54,MACRO_M2_YOY,2020-03,10.1,%,pbc-m2-yoy-2018-v3,2020-04-10T15:31:30+08:00,0,,artifact-r2-eed3da3484ad530e6c5985de11daab6fd93cde6006379f22a0d22de8582b486d,FIRST_RELEASE
obs-pbc-caac91d219edf6aa7808fd0fef7747357f86e5918be5665b3394dc9b49868369,MACRO_M2_YOY,2020-04,11.1,%,pbc-m2-yoy-2018-v3,2020-05-11T15:30:20+08:00,0,,artifact-r2-a1c3870f3fb44ef10044dd16a38565db3b9b088caa35a7632cb2c2c9c7ab44fa,FIRST_RELEASE
obs-pbc-4fc69da30bb28bc87951962abd2e3be809f4849420475fe3b8c3adbc4969f422,MACRO_M2_YOY,2020-05,11.1,%,pbc-m2-yoy-2018-v3,2020-06-10T16:30:20+08:00,0,,artifact-r2-88cf9a649748a7e44aa9762649bd281dadd5ed47098d717ae14902852ef77709,FIRST_RELEASE
obs-pbc-b16d21b4d7789353864f256ad055d75e15b13950f3dc9c29802f8c58de0a1aa8,MACRO_M2_YOY,2020-06,11.1,%,pbc-m2-yoy-2018-v3,2020-07-10T15:30:20+08:00,0,,artifact-r2-349168fe67142711e60911caeb6d6ff6af12f2ca9c6faf7f5fc22aa982d9b124,FIRST_RELEASE
obs-pbc-e55aa13d2dcece1eb117cd946092775faaf082ca01a32017db38abdacf5d7477,MACRO_M2_YOY,2020-07,10.7,%,pbc-m2-yoy-2018-v3,2020-08-11T16:30:50+08:00,0,,artifact-r2-259842960173970795a0e224cd4b1b43a4a94d5d60e127529254410368951724,FIRST_RELEASE
obs-pbc-f3c38b14bd118709f353cc2c5bdfd530517d8ee290f74471dadce2d007b6bca4,MACRO_M2_YOY,2020-08,10.4,%,pbc-m2-yoy-2018-v3,2020-09-11T16:00:31+08:00,0,,artifact-r2-76f3623c5f2728d15e0febd3666b0c020251bc70b7eb9634df63ed77fac65864,FIRST_RELEASE
obs-pbc-591353eca6b634614157634889d7dad82c37f9fc41a702a5d557f7091955478a,MACRO_M2_YOY,2020-09,10.9,%,pbc-m2-yoy-2018-v3,2020-10-14T16:31:34+08:00,0,,artifact-r2-bbfa3b569974447625381056927ffb66601882cd1dba8ad51b3d0d0666ad5998,FIRST_RELEASE
obs-pbc-fd9a0e7135961dca4ec0520662e6b3c29a530988cf37c7b945688a00bfc2e2a3,MACRO_M2_YOY,2020-10,10.5,%,pbc-m2-yoy-2018-v3,2020-11-11T16:00:00+08:00,0,,artifact-r2-c32f7aea3417246cab48c7cee6dd568eb33adefce8cf6faa623e0975ba8b8c5b,FIRST_RELEASE
obs-pbc-8a59cbd0db4b9ec4e0b03afa646d985a9c6590b312fdc1974b987b79f34ce1d7,MACRO_M2_YOY,2020-11,10.7,%,pbc-m2-yoy-2018-v3,2020-12-09T16:13:01+08:00,0,,artifact-r2-63b66d716543013879288fddae49e1d42ec73de9ba74070104eb06f8ed97c80f,FIRST_RELEASE
obs-pbc-9edd83663a869f5209637fe0e9769667393f3aa2ab4cd8b69349d99da1732c7e,MACRO_M2_YOY,2020-12,10.1,%,pbc-m2-yoy-2018-v3,2021-01-12T19:00:27+08:00,0,,artifact-r2-a06ddf0a377957bea06c798d5f7573ad548a1d700e9c74a0de6b11f80a110277,FIRST_RELEASE
obs-pbc-60bac5649fb6e1a04b841608a8f7365cbe96067f4ed0c57cb8188b3d2e7b497d,MACRO_M2_YOY,2021-01,9.4,%,pbc-m2-yoy-2018-v3,2021-02-09T16:00:20+08:00,0,,artifact-r2-307fdb4306684e0116eeebc686507183ab987d45fbcfc4f5dc2f8ef4b60be58f,FIRST_RELEASE
obs-pbc-f27acceab42a49df44ac1c0ce433c4e3deb566f1891939c184c18dc7de3a2158,MACRO_M2_YOY,2021-02,10.1,%,pbc-m2-yoy-2018-v3,2021-03-10T16:30:20+08:00,0,,artifact-r2-6188ef195d9e029a1e95ecb68f4514ab54592ca7b157801f56574426532cdad6,FIRST_RELEASE
obs-pbc-04674678abe4b39364dfd3563fd22c088a6e6aa1782632cd57bbe6a23a72b7d0,MACRO_M2_YOY,2021-03,9.4,%,pbc-m2-yoy-2018-v3,2021-04-12T16:00:31+08:00,0,,artifact-r2-5835824edab3f9b3942c7d2c347647748bdd2f85d36546c9d8747ba27b4ed19c,FIRST_RELEASE
obs-pbc-dd70747af09052c22415490c77325daf62d6a837a3904e59080424d9e06ea54b,MACRO_M2_YOY,2021-04,8.1,%,pbc-m2-yoy-2018-v3,2021-05-12T16:30:25+08:00,0,,artifact-r2-025db6aab8d2924413e0fac276e3b90e9b0939dfea8b6c6daecaa4832b87cb6f,FIRST_RELEASE
obs-pbc-e59b4f27130ecbac4135f0597975b10ff625a9227c1c553273d732827b66396a,MACRO_M2_YOY,2021-05,8.3,%,pbc-m2-yoy-2018-v3,2021-06-10T16:00:27+08:00,0,,artifact-r2-1507fd3aca887fbe84ed4a4fe65dd7f79ecba72ca35f8879f8824a594e83aabc,FIRST_RELEASE
obs-pbc-50c1b48c01ad7a8ec39244a44bcecdab520c4a36592c121a3a48f0c63a7352a4,MACRO_M2_YOY,2021-06,8.6,%,pbc-m2-yoy-2018-v3,2021-07-09T17:00:29+08:00,0,,artifact-r2-f1b45912e3949b471a54fef562fc28f1dd18eb4220c8bed0e8ff16396f374275,FIRST_RELEASE
obs-pbc-a295633729e7ba33be4152648df967ef5c7d2506badd6fcb6766def2059c8d1e,MACRO_M2_YOY,2021-07,8.3,%,pbc-m2-yoy-2018-v3,2021-08-11T16:00:34+08:00,0,,artifact-r2-dd34f45e8d70810749ad3000604cc10cddd14c7906d896cfcf81f6f719f894f4,FIRST_RELEASE
obs-pbc-fcf4db29685e6a7ec4a437da797c4cc19e6ac6f34ccc03da977c060f0e1c18f8,MACRO_M2_YOY,2021-08,8.2,%,pbc-m2-yoy-2018-v3,2021-09-10T16:30:42+08:00,0,,artifact-r2-9ec2cb60358c56f44017ff4c2ce534f2aec689a8fad47489a8f3891b062543f9,FIRST_RELEASE
obs-pbc-a1cf87e87d84f250535c19856b763779873c77b726158c65f26e21bec1854505,MACRO_M2_YOY,2021-09,8.3,%,pbc-m2-yoy-2018-v3,2021-10-13T17:00:36+08:00,0,,artifact-r2-5bae9cb3c90c89032072a3d62c2ac1d1dbf2614a2ce1f16e4180fdac9f22f752,FIRST_RELEASE
obs-pbc-7e6f071bb942a3b2aece66b45d152a28cba62ba39c13e9592e8c975e1fbd8b7e,MACRO_M2_YOY,2021-10,8.7,%,pbc-m2-yoy-2018-v3,2021-11-10T16:00:25+08:00,0,,artifact-r2-b548ad1c531139b320193a8c229426339d1808cf6f27bdcc58a5ad399a4f81af,FIRST_RELEASE
obs-pbc-5808e88cec24020c6cb32cf630a2fddf92adec38343ae0285c782af07e97e56f,MACRO_M2_YOY,2021-11,8.5,%,pbc-m2-yoy-2018-v3,2021-12-09T16:30:27+08:00,0,,artifact-r2-c234a7a760802f8462e897267e0a7fbc0bd3fd7006d4377088f880754d75b414,FIRST_RELEASE
obs-pbc-396d9f18127e45cf4f590e6c699e01f99467f52caed7e7d6bc75da6063edd45f,MACRO_M2_YOY,2021-12,9.0,%,pbc-m2-yoy-2018-v3,2022-01-12T16:30:29+08:00,0,,artifact-r2-a6f3fda50d7f3c141475ccc5d28b936f65d98b4ab8b9d1335b8e09bffaaacba1,FIRST_RELEASE
obs-pbc-a3afb4dcc19c077163fb96d7fdc8d9d7a08fab620153bb2918a7357bc7e139e7,MACRO_M2_YOY,2022-01,9.8,%,pbc-m2-yoy-2018-v3,2022-02-10T18:00:30+08:00,0,,artifact-r2-2d1bad160ec00bb7735b345fa43bc9fe4501fe1089c4a2803dcd63fbf94a3eb8,FIRST_RELEASE
obs-pbc-548351e5add3f93c9bec47d16f4f0f3896ed1979014d9f2246f918079cc99533,MACRO_M2_YOY,2022-02,9.2,%,pbc-m2-yoy-2018-v3,2022-03-11T16:00:32+08:00,0,,artifact-r2-9c9fe74b8dd17ad136ca4630d8ff2990c5a9deb947cb31c161c97f556799e2fc,FIRST_RELEASE
obs-pbc-558686f01a8e70ca70e994143fa84277c343c8acfcb73034166df383cd2696b5,MACRO_M2_YOY,2022-03,9.7,%,pbc-m2-yoy-2018-v3,2022-04-11T16:00:37+08:00,0,,artifact-r2-33e1e2e8700cce69c43090b22c24f8f9d8a6cc6e2816d3b33735852e608dbb8c,FIRST_RELEASE
obs-pbc-fc1db2da5b0f523afe54306244fd412cbb2654ff9ba18ca499b31fe6e8fef2e4,MACRO_M2_YOY,2022-04,10.5,%,pbc-m2-yoy-2018-v3,2022-05-13T16:30:30+08:00,0,,artifact-r2-cbb9f8a2159d512e8d707f43cf1aea3e53d5a027be7571a3c2782d67a1d5da0e,FIRST_RELEASE
obs-pbc-647743807b5c94c8dd66c73206c8e4fc0fa051039bc9468f65f719deabdfcdd7,MACRO_M2_YOY,2022-05,11.1,%,pbc-m2-yoy-2018-v3,2022-06-10T16:00:20+08:00,0,,artifact-r2-abdb74f33bf100a2d968b8dd29ff46e475bd02e78dddddd27007f675bb9f4b87,FIRST_RELEASE
obs-pbc-85cd1e420e2a574e8a3243a19ce4e55e8b96aaca58b675f7d7bf25d42de9d358,MACRO_M2_YOY,2022-06,11.4,%,pbc-m2-yoy-2018-v3,2022-07-11T17:00:40+08:00,0,,artifact-r2-fad2160754b2cf10a20274f784c7904ab90594ec8a0ca8ceb0d53207f30bf7c9,FIRST_RELEASE
obs-pbc-3e5df6912fa54a389c15a900f2c0497b12169225b40ff602d9f6eb8206aff6da,MACRO_M2_YOY,2022-07,12.0,%,pbc-m2-yoy-2018-v3,2022-08-12T18:00:20+08:00,0,,artifact-r2-8e3d8533f246d858a1b511ebee5c7ee1a076c5ce4d21ff6b567650990ba51d62,FIRST_RELEASE
obs-pbc-d488dcbbf896cfcbd6427882dfd2b7cca5076f86f1f30a12eb901e152b8dfb0c,MACRO_M2_YOY,2022-08,12.2,%,pbc-m2-yoy-2018-v3,2022-09-09T16:00:40+08:00,0,,artifact-r2-b2562e635461a8af01df0ae31ff74c2553d33aafd2598e1750a5274dd7e654e1,FIRST_RELEASE
obs-pbc-b078886ea23a8322c1a5bfe2d881f49bac617900b76e0c19255b0c899b2b944b,MACRO_M2_YOY,2022-09,12.1,%,pbc-m2-yoy-2018-v3,2022-10-11T20:30:40+08:00,0,,artifact-r2-0ed114aa8d4c59613acc51be598f708b446805b39794da074d820414738d3d6c,FIRST_RELEASE
obs-pbc-3b718fc869f876be74dfb227a103d5c4060b2d3dee8b87215301eebe6002efee,MACRO_M2_YOY,2022-10,11.8,%,pbc-m2-yoy-2018-v3,2022-11-10T18:15:00+08:00,0,,artifact-r2-c512b1c1a08464e060035420d3bf8fcb7bad54a5ec1e6d1094ab6b57656988ce,FIRST_RELEASE
obs-pbc-ffa96708d64649d2ae7774faaf16a10bc7368455db5f6041a72490b5eee0b40b,MACRO_M2_YOY,2022-11,12.4,%,pbc-m2-yoy-2018-v3,2022-12-12T16:09:00+08:00,0,,artifact-r2-be6fe13716ddebc53564b1daa88de0fab179be72531c1a9f63b668d4dc35ba25,FIRST_RELEASE
obs-pbc-aad3a529873f1108c50ebaeb8fa7883cf135101081bb74dd94832b5b0b33f4db,MACRO_M2_YOY,2022-12,11.8,%,pbc-m2-yoy-2022-12-v4,2023-01-10T17:06:00+08:00,0,,artifact-r2-419e8a9d4ec256246506be640c5cd89a30f6e301d18fedfd1543e4dc55a796d9,FIRST_RELEASE
obs-pbc-074595981c50c593962f576ab37d04b63209d6f0a89aab593baaf471a45f05e9,MACRO_M2_YOY,2023-01,12.6,%,pbc-m2-yoy-2022-12-v4,2023-02-10T17:01:00+08:00,0,,artifact-r2-8577df2d8586bda6da502d62a376047484d139ab30893462820da69d62eef9c2,FIRST_RELEASE
obs-pbc-01bdbac52f4eb7e8e491641ba590d5a7bf0b793f2ac03b781b23f194c640be85,MACRO_M2_YOY,2023-02,12.9,%,pbc-m2-yoy-2022-12-v4,2023-03-10T16:31:00+08:00,0,,artifact-r2-ba11aacb3f3b76f61aea0ffc0eb867e505368026c2fcdb06d686367d3beda8d8,FIRST_RELEASE
obs-pbc-a232ccce4c51a30ca14e2fa45aff54db3c4243bdbe904386adf366b8d4163bec,MACRO_M2_YOY,2023-03,12.7,%,pbc-m2-yoy-2022-12-v4,2023-04-11T16:31:00+08:00,0,,artifact-r2-98e2ae0d2713ef7007390315b6fb72b90fb7b04288977254d50f6018fa326b4f,FIRST_RELEASE
obs-pbc-d14ff5853a503082cfb80cac2f5dd5b6283f934f00899b325bfd2019ae080b7c,MACRO_M2_YOY,2023-04,12.4,%,pbc-m2-yoy-2022-12-v4,2023-05-11T16:01:00+08:00,0,,artifact-r2-c764339a893ea93cfdfb18dc661f6d5883545a1aa8b011554ad2d523f97b6bee,FIRST_RELEASE
obs-pbc-38fe4b3e5b378a686eda2c0f46bf24ec50746c8758e0aa909313fcab2001bd53,MACRO_M2_YOY,2023-05,11.6,%,pbc-m2-yoy-2022-12-v4,2023-06-13T16:01:05+08:00,0,,artifact-r2-889b1cee7cdc7acd7854410e8d17ab2ab09439c4ddde639ec0a0bcab2af6b8bc,FIRST_RELEASE
obs-pbc-fd9cae71d8ddf6930494dd8beccdede70928597a015bb24abc80d84fce38dfbf,MACRO_M2_YOY,2023-06,11.3,%,pbc-m2-yoy-2022-12-v4,2023-07-11T17:31:00+08:00,0,,artifact-r2-5e666383f3b0e5522d04bc4d8eba89abd014555bd8b07e91df038c9d1e3610a2,FIRST_RELEASE
obs-pbc-99174e916ef78d5f2fcfb511fd584bb1c6e70518be249d402e23b2e061b7594f,MACRO_M2_YOY,2023-07,10.7,%,pbc-m2-yoy-2022-12-v4,2023-08-11T16:31:00+08:00,0,,artifact-r2-4b7532f509c2c89c4617c0852e633fe8c9385946d839e211ecaa7e4a682709fb,FIRST_RELEASE
obs-pbc-f20b640b13103a565515e82962298146efbbdf37a99d5a596a69fa913f032fff,MACRO_M2_YOY,2023-08,10.6,%,pbc-m2-yoy-2022-12-v4,2023-09-11T12:41:00+08:00,0,,artifact-r2-9006d5e14ae93ce5bcb2435b17ad91b1902280071e48487c11bed4e98eb4faeb,FIRST_RELEASE
obs-pbc-92ad26b70e7d5fd8dc1631a5d875082feae2f95460706de8eaf6e6eb043e71e6,MACRO_M2_YOY,2023-09,10.3,%,pbc-m2-yoy-2022-12-v4,2023-10-13T16:01:00+08:00,0,,artifact-r2-025cf98267d210a5403d3f7561b8fe09ed62c034dd356ed40a1832482d9793a6,FIRST_RELEASE
obs-pbc-858d0e1561c096207f65aa0888923e98c9843d2d9c15b6e3c1873fc863095887,MACRO_M2_YOY,2023-10,10.3,%,pbc-m2-yoy-2022-12-v4,2023-11-13T18:01:00+08:00,0,,artifact-r2-1186a456b1f40929c48052fc44a7b89d43788af348c43e7cdba419c915f4a491,FIRST_RELEASE
obs-pbc-43b971e92ad313556bff014ad36f89f0864d6c72092159c7b884ccc8d89b83eb,MACRO_M2_YOY,2023-11,10.0,%,pbc-m2-yoy-2022-12-v4,2023-12-13T17:01:00+08:00,0,,artifact-r2-405953ba167e96ca208ab5a79df53af0e51b9699847a881ea5973ff1c7c0a07a,FIRST_RELEASE
obs-pbc-1c88de9a4363052c064458e74e312e4ed01b7d0569aac29ec28dcf1a498e44d5,MACRO_M2_YOY,2023-12,9.7,%,pbc-m2-yoy-2022-12-v4,2024-01-12T17:36:00+08:00,0,,artifact-r2-f9949f0b5a893798692e5c78c33c6304520a303ce149154e94c248a762cf716d,FIRST_RELEASE
obs-pbc-e92d334b9551b292f450ed2ab4ea755a5b3a2225a6f177f02df1a38ced0e6b57,MACRO_M2_YOY,2024-01,8.7,%,pbc-m2-yoy-2022-12-v4,2024-02-09T15:00:30+08:00,0,,artifact-r2-40dd1cb557ef52b9fdbafaabb05369c12fb01a344b7b1372f64764873c9a2d9b,FIRST_RELEASE
obs-pbc-fdbd3dd52bded963c5da63b62a73b865a1d2b0bf00830211765a7e99cdeebb85,MACRO_M2_YOY,2024-02,8.7,%,pbc-m2-yoy-2022-12-v4,2024-03-15T16:31:00+08:00,0,,artifact-r2-75959c63e2681f0d3e217d28eb9e35aa3f92a1bff79f15a03d53bf16c73fe606,FIRST_RELEASE
obs-pbc-825367d7dec8c25e79d44b0b77dc04f483c53c82484db09b3673ca88e428472b,MACRO_M2_YOY,2024-03,8.3,%,pbc-m2-yoy-2022-12-v4,2024-04-12T18:44:00+08:00,0,,artifact-r2-35bbfdc049740abf93246a6f3047233043d7434123b8e215e129f6dadb726e7a,FIRST_RELEASE
obs-pbc-6c8af9ffa455e4b793c24d7b6a9a9de373dccd927a746f1e13f74d35e29c3d4a,MACRO_M2_YOY,2024-04,7.2,%,pbc-m2-yoy-2022-12-v4,2024-05-11T17:01:00+08:00,0,,artifact-r2-b9e912b714a27c018d6b412bea0316b6862ed2e294984839ad10775c3ef9b30e,FIRST_RELEASE
obs-pbc-bc55b61b205d434d02c6ad2a0bb59ab504c0338483a4e10fd7e02573e2351a10,MACRO_M2_YOY,2024-05,7.0,%,pbc-m2-yoy-2022-12-v4,2024-06-14T17:01:00+08:00,0,,artifact-r2-f8a8cc8963522f9deceac2ba1e6e3ffacccdee5fc5e300025c76b7cff5cf6430,FIRST_RELEASE
obs-pbc-f84ecc19328b969fac2c43416f743c6bd4b7dc4ae8a382a2daaea52172d6f729,MACRO_M2_YOY,2024-06,6.2,%,pbc-m2-yoy-2022-12-v4,2024-07-12T17:01:00+08:00,0,,artifact-r2-55a69d7525b5f6128201092203b45f4bf8d890ef7549a98919558b97b8963215,FIRST_RELEASE
obs-pbc-97d4d8f26f2ca50f0bc5e55cac1905bae7b7a224e7588e36037eb4d735d71a53,MACRO_M2_YOY,2024-07,6.3,%,pbc-m2-yoy-2022-12-v4,2024-08-13T17:01:00+08:00,0,,artifact-r2-34fd85913032f8b80f7c0d9cc54c317d05d2b9cfa027ed34bf31255a8aee0a2e,FIRST_RELEASE
obs-pbc-0a7af65beb74279460003afb48b1aa59a235f3d8e3098339f6fc807276b7c123,MACRO_M2_YOY,2024-08,6.3,%,pbc-m2-yoy-2022-12-v4,2024-09-13T19:26:00+08:00,0,,artifact-r2-e07764e18da3454bff0f57f65e036b36eae8f600cd07bfd230133b5b3f8a5386,FIRST_RELEASE
obs-pbc-396580a0697427ab1ed264b5512ea63be63336287207eb063f9c25a4585ba12b,MACRO_M2_YOY,2024-09,6.8,%,pbc-m2-yoy-2022-12-v4,2024-10-14T17:00:50+08:00,0,,artifact-r2-9ee430da38882a76f3ffe77aa4e004ed9240bad43aa25c2c2311533a98181142,FIRST_RELEASE
obs-pbc-a0dd4406a9ae19274d0b030beb76a5840a8875a462b849da25201b7782441694,MACRO_M2_YOY,2024-10,7.5,%,pbc-m2-yoy-2022-12-v4,2024-11-11T16:30:38+08:00,0,,artifact-r2-367597e51a9212418baec00ab1d49d899a6aa30414d35187d38a4cc8676fee83,FIRST_RELEASE
obs-pbc-b1df16269a906725a23224153f61e62517d4b6b3c679e5c9793f693a0445b074,MACRO_M2_YOY,2024-11,7.1,%,pbc-m2-yoy-2022-12-v4,2024-12-13T19:00:38+08:00,0,,artifact-r2-b52fdd01a407fe167b356db133c2d6b80a0a2029a686bc6a7d4602c895ab9996,FIRST_RELEASE
obs-pbc-62d54aa0d0927145f0224f8807fd395a54d67d49846946fc270a87ec1ca5cee3,MACRO_M2_YOY,2024-12,7.3,%,pbc-m2-yoy-2022-12-v4,2025-01-14T15:08:00+08:00,0,,artifact-r2-8b2931c6c1f4a5461f29261c6c21696ad97234b6af8e9baf91b8fd9bb4b99989,FIRST_RELEASE
obs-pbc-c01ed2a8d3e408b9dd89e31e7d5edde02d22cbace4eb19f6649fd5000c9446bc,MACRO_M2_YOY,2025-02,7.0,%,pbc-m2-yoy-2022-12-v4,2025-03-14T17:00:31+08:00,0,,artifact-r2-51085838dfd29daa75288a6438623ce55fc3262e2727b1d37342e3a1e3d0873e,FIRST_RELEASE
obs-pbc-5f57897eb7a9668a73961b852f3dfa64e7136939b499d33e2de00f72328a26cb,MACRO_M2_YOY,2025-03,7.0,%,pbc-m2-yoy-2022-12-v4,2025-04-13T17:00:26+08:00,0,,artifact-r2-cc753f5734d7d996de2ed3add51126095c0ddc0c91dd500dabe92adca363be80,FIRST_RELEASE
obs-pbc-e286af39c950784f4d0fb2302cbb0fa6994cdc25b32ba121f3556709d566f93e,MACRO_M2_YOY,2025-04,8.0,%,pbc-m2-yoy-2022-12-v4,2025-05-14T17:00:31+08:00,0,,artifact-r2-6a55611dfb90c9e50972009e8cf6a9cb4b6a812c1516facf33c4ca9a42c0f686,FIRST_RELEASE
obs-pbc-95508de1b3267287e2ff4f2b2fc2d46cbe881ab25530e01140204c0ed3b15a04,MACRO_M2_YOY,2025-05,7.9,%,pbc-m2-yoy-2022-12-v4,2025-06-13T16:30:32+08:00,0,,artifact-r2-904786f8ee7c8909240450cf39196d74a3d5778c1510f5425b670f8a6e7e2acc,FIRST_RELEASE
obs-pbc-e16bf934d64e55439addd0cf1465287dfe5b64c7a93cc9c454cd86fd72ebfc07,MACRO_M2_YOY,2025-06,8.3,%,pbc-m2-yoy-2022-12-v4,2025-07-14T15:00:34+08:00,0,,artifact-r2-1b07528eb5b95ec0e588a157ee7d0b6e2f790974d2c9210c25eb205485e461a3,FIRST_RELEASE
obs-pbc-35b45d04bc0b6a1bf9b17da16f99f6965f8af61ea6bcf21071687c7c20c94df1,MACRO_M2_YOY,2025-07,8.8,%,pbc-m2-yoy-2022-12-v4,2025-08-13T17:00:28+08:00,0,,artifact-r2-bed2c92d5d3edc670cffc6bb584c4f1b540df95d4b0b010c738a447b7fd54e9c,FIRST_RELEASE
obs-pbc-449a5bcea0fd1c0e65870c53d7ad66f7b5f0b4df4e7779a9083ddb3ce888da09,MACRO_M2_YOY,2025-08,8.8,%,pbc-m2-yoy-2022-12-v4,2025-09-12T17:00:31+08:00,0,,artifact-r2-beab3685be3c4ff6d8f9eeb3f47b49c1953e39d3961d1886f08f9b7bb30e0e40,FIRST_RELEASE
obs-pbc-5314735fcce1284d09a51c5fa5c41aa771ae8b0cafd6f6de5b5f243f3c57f203,MACRO_M2_YOY,2025-09,8.4,%,pbc-m2-yoy-2022-12-v4,2025-10-15T17:00:03+08:00,0,,artifact-r2-cfa3e4e5bf70eebe1602baac4fe88d6d7d2050bab177a16d575ec1d4b840be09,FIRST_RELEASE
obs-pbc-0c12dca86446ccd7240992f70130fc16030fc6e80bd9f64921d1ae7f22c58062,MACRO_M2_YOY,2025-10,8.2,%,pbc-m2-yoy-2022-12-v4,2025-11-13T17:00:19+08:00,0,,artifact-r2-49c52471f7f437c709c136e357f36ab6fd045b0b708bb602964b4959c095c8b2,FIRST_RELEASE
obs-pbc-2ce418d2c026f883d83765f50fbba24272c3988004e8e616764e631e44533bf5,MACRO_M2_YOY,2025-11,8.0,%,pbc-m2-yoy-2022-12-v4,2025-12-12T17:00:01+08:00,0,,artifact-r2-b77e3c07e3d512b26302d0979a23ff2af1e79d4f477295d434f566affd830e4a,FIRST_RELEASE
obs-pbc-6f2780a9f183540a2e1fa67ea42a93fa87a0547a6faa4c64f36b55a33b0911e4,MACRO_M2_YOY,2025-12,8.5,%,pbc-m2-yoy-2022-12-v4,2026-01-15T14:59:40+08:00,0,,artifact-r2-24688dbe1e4196e56707100c09ad91b2e288060fae69c2d0d350b37dff53b0b8,FIRST_RELEASE
obs-pbc-481e004350c0f862c1ba957e14bf7505c9c2426a8b31f8c1c1f0f7eadb1c5efb,MACRO_M2_YOY,2026-01,9.0,%,pbc-m2-yoy-2022-12-v4,2026-02-13T17:00:04+08:00,0,,artifact-r2-be7f2db5c588f7413ff57583b15a0f0901eab17dcc3cfb9fc935409992311a77,FIRST_RELEASE
obs-pbc-b804c46c7eb7d0089cea66ab891916fed88e73a09814fa021f8ea9d17bf536a6,MACRO_M2_YOY,2026-02,9.0,%,pbc-m2-yoy-2022-12-v4,2026-03-13T17:00:01+08:00,0,,artifact-r2-949e513557739f9ed14374def0694a2fc61643b72463f9a38828b137fcf0430d,FIRST_RELEASE
obs-pbc-d500efff5ea75244b5e31021bd2ceb30ed27313f8cbdaf02a1df6ace584f8b2e,MACRO_M2_YOY,2026-03,8.5,%,pbc-m2-yoy-2022-12-v4,2026-04-13T17:00:00+08:00,0,,artifact-r2-40d2f317d93b7a95d4e89ea2bbbd6847c406845744453fd3498375d3f8f904e1,FIRST_RELEASE
obs-pbc-e178abf0eb48118a01fb5716f4451eb9fcc372fcece6a537ed40f5891754c496,MACRO_M2_YOY,2026-04,8.6,%,pbc-m2-yoy-2022-12-v4,2026-05-14T17:00:02+08:00,0,,artifact-r2-b4f4631bd835c49e1dc5ca23cc2e913de58d4d178c334d142cf14e2feae6b5db,FIRST_RELEASE
obs-pbc-6b80bc9580f012a2035d2831d1c2e2cc167e3a93cf6b10d1d151cb0076dcc52c,MACRO_M2_YOY,2026-05,8.6,%,pbc-m2-yoy-2022-12-v4,2026-06-12T17:00:01+08:00,0,,artifact-r2-2a0044a8ae4c8328625dc66198d7a4ebada3887c4dd6a0c651b5385cbb428ce1,FIRST_RELEASE
obs-pbc-6c34f388f4209f3ade5182ee4afee1826c9e2a1ab819156f7881b7a2d21a4460,MACRO_M2_YOY,2026-06,8.0,%,pbc-m2-yoy-2022-12-v4,2026-07-15T15:00:09+08:00,0,,artifact-r2-c97ec18fdd4e98ccd4747ef75110a17ec3dc203d7a05d3a92a9e474bcffe670c,FIRST_RELEASE
obs-pbc-20e8c39cdf87b665fe5d77ea77b8f1aebb7c2215a874167b25d094cdee6b41ea,MACRO_M2_YOY,2026-07,7.7,%,pbc-m2-yoy-2022-12-v4,2026-08-14T16:30:05+08:00,0,,artifact-r2-2921d3fc65232145af7ba27311016ccfb6d51c7063da6e92c70460fd7b9a1d75,FIRST_RELEASE
