attemptId,sourceId,requestUrl,httpStatus,outcome,attemptedAt,sha256,byteSize
pbc-get-68a30ba336e3ceeec6fcecbb,PBC_STATISTICS_INDEX,https://www.pbc.gov.cn/diaochatongjisi/116219/116225/index.html,200,SUCCESS,2026-09-08T11:03:33.369946Z,1834edb81f5cd804ec4efe35046b142102663df0d736835e66290a0b0cf4973e,39215
pbc-get-cda034db2e165e8f2c25fc0f,PBC_STATISTICS_INDEX,https://www.pbc.gov.cn/diaochatongjisi/116219/116227/index.html,200,SUCCESS,2026-09-08T11:03:34.470277Z,da47b314e63478beb213d45258e5ced4daf184ce3200daae33f09218cdf3bb7e,39150
pbc-get-f40759934794ce6d85871009,PBC_STATISTICS_INDEX,https://www.pbc.gov.cn/diaochatongjisi/116219/116225/11871-2.html,200,SUCCESS,2026-09-08T11:03:35.570566Z,8e807015da656836780a20475737bf8b75cdc2b4003ff8d21048a7b0e2018fce,39701
pbc-get-96f8e9ec9cfca9a8b8136f54,PBC_STATISTICS_INDEX,https://www.pbc.gov.cn/diaochatongjisi/116219/116227/11874-2.html,200,SUCCESS,2026-09-08T11:03:36.670908Z,92ea7919b6c645ea9e918f1824c506c4fe96a0fe6c60ceb1c6d8aeb3c7dc8c49,39674
pbc-get-8afd854681dba4e70f859151,PBC_STATISTICS_INDEX,https://www.pbc.gov.cn/diaochatongjisi/116219/116225/11871-3.html,200,SUCCESS,2026-09-08T11:03:37.771360Z,ccc0046a30953560a3b9d50ea83fafd578118eeff202da5c13de1d6615eb7a35,39887
pbc-get-77107ee89be45e8c74087844,PBC_STATISTICS_INDEX,https://www.pbc.gov.cn/diaochatongjisi/116219/116227/11874-3.html,200,SUCCESS,2026-09-08T11:03:38.871712Z,4647f18b8229bcbd8d676395df9eaa46be5f872d5528280e84389613989c2c55,39924
pbc-get-ad27d07718b1236ea61e1636,PBC_STATISTICS_INDEX,https://www.pbc.gov.cn/diaochatongjisi/116219/116225/11871-4.html,200,SUCCESS,2026-09-08T11:03:39.972001Z,cfd86e714928c2948bdd35268ef5c35fe7bf92e0710484e8ceee368fc907db77,39858
pbc-get-a0d135d2b204c727c55d1e6e,PBC_STATISTICS_INDEX,https://www.pbc.gov.cn/diaochatongjisi/116219/116227/11874-4.html,200,SUCCESS,2026-09-08T11:03:41.072220Z,1f975ba8d25c80db7d846922b28c2dee40d115984612089a18b2f36c74dfd83f,39918
pbc-get-7af3f46db9c72fd72c685b77,PBC_STATISTICS_INDEX,https://www.pbc.gov.cn/diaochatongjisi/116219/116225/11871-5.html,200,SUCCESS,2026-09-08T11:03:42.172678Z,c87b9cb4952642942b2fc63bfad4169a035b828e4d493e752a961202ebbb1f1a,39880
pbc-get-800e69c903c499b263ee50b9,PBC_STATISTICS_INDEX,https://www.pbc.gov.cn/diaochatongjisi/116219/116227/11874-5.html,200,SUCCESS,2026-09-08T11:03:43.272968Z,864c7cda3e5c57844127556c8670d22bfd715cd52a6403ba4d49ab454dea805b,39924
pbc-get-8e3d62cd012692c7ff354720,PBC_STATISTICS_INDEX,https://www.pbc.gov.cn/diaochatongjisi/116219/116225/11871-6.html,200,SUCCESS,2026-09-08T11:03:44.373492Z,21c03fc96ceb1daaa39fc9dd8f4e996a973751b8a96b007aab4065ce74804046,40011
pbc-get-db81f016e36bac2bac0689eb,PBC_STATISTICS_INDEX,https://www.pbc.gov.cn/diaochatongjisi/116219/116227/11874-6.html,200,SUCCESS,2026-09-08T11:03:45.473612Z,00870c072caa73dfda55850b2fc0d4694be9ed9bdc88972312a6b82220bba60d,39924
pbc-get-401583ae6b45e5679c7a7bc7,PBC_STATISTICS_INDEX,https://www.pbc.gov.cn/diaochatongjisi/116219/116225/11871-7.html,200,SUCCESS,2026-09-08T11:03:46.574154Z,0fa63e23a79308b694f7a69a394a5a1fe229fb5729a784d376411672f61ffab9,39950
pbc-get-abe9d931205445cfce725640,PBC_STATISTICS_INDEX,https://www.pbc.gov.cn/diaochatongjisi/116219/116227/11874-7.html,200,SUCCESS,2026-09-08T11:03:47.674556Z,e4b8fa9e5403378e84bd6517e75df003779ff2fa63053200f14d7f5dbb32f1ca,39494
pbc-get-0a807fd73c07551069b87f58,PBC_STATISTICS_INDEX,https://www.pbc.gov.cn/diaochatongjisi/116219/116225/11871-8.html,200,SUCCESS,2026-09-08T11:03:48.774995Z,2fcca0b089398818eccf583eab2651c293f33c8f5ba1b6ed134955aafe605bf9,40052
pbc-get-2beb44d8e4ae7a5dfa72ec9b,PBC_STATISTICS_INDEX,https://www.pbc.gov.cn/diaochatongjisi/116219/116227/11874-8.html,200,SUCCESS,2026-09-08T11:03:49.875649Z,d48fa7aab6850618bdba72f219e344b6fa97cedf5415f1d96322cb80ee63fdd7,39314
pbc-get-f6e0ebabcb367e84e1f7ee7c,PBC_STATISTICS_INDEX,https://www.pbc.gov.cn/diaochatongjisi/116219/116225/11871-9.html,200,SUCCESS,2026-09-08T11:03:50.975883Z,0ae34c489dc4441cccb7f80d82e0d5a35c12bb3d507ac358dc61875e7c2255b7,40032
pbc-get-995db5906daaaf1f5177d470,PBC_STATISTICS_INDEX,https://www.pbc.gov.cn/diaochatongjisi/116219/116227/11874-9.html,200,SUCCESS,2026-09-08T11:03:52.076115Z,8e6263882155832e643c696762e981ec2c2b3c679128e1b7e7d3c563dc144c82,39322
pbc-get-fd9f3dfc60aa849be820ef23,PBC_STATISTICS_INDEX,https://www.pbc.gov.cn/diaochatongjisi/116219/116225/11871-10.html,200,SUCCESS,2026-09-08T11:03:53.176537Z,b0f906850ab8fc609e6e2a1f9a62497f6f9c9b1a7de7fcfb95b42ff3d96269f0,39971
pbc-get-688b85d76b5830813dcb5bb1,PBC_STATISTICS_INDEX,https://www.pbc.gov.cn/diaochatongjisi/116219/116227/11874-10.html,200,SUCCESS,2026-09-08T11:03:54.276992Z,214c4e38e53b4d3435de9f61ccd05532ff26629c543a08e196bc1e785f7289b5,39541
pbc-get-25f5a352d0086f66ceed2a75,PBC_STATISTICS_INDEX,https://www.pbc.gov.cn/diaochatongjisi/116219/116225/11871-11.html,200,SUCCESS,2026-09-08T11:03:55.377384Z,df72a0b7dc5faee23be7ee064ed0be90252c219aa8d5d56f3aeb547015cb1f77,40009
pbc-get-8c428d4d07e32565db1faf65,PBC_STATISTICS_INDEX,https://www.pbc.gov.cn/diaochatongjisi/116219/116227/11874-11.html,200,SUCCESS,2026-09-08T11:03:56.477600Z,bc1466a82fe393f7c948b1f1b4b02fba129eedfde7b1c8b60ad290ed1097bea5,39761
pbc-get-8a0778fedbe8d5591e83bfe5,PBC_STATISTICS_INDEX,https://www.pbc.gov.cn/diaochatongjisi/116219/116225/11871-12.html,200,SUCCESS,2026-09-08T11:03:57.577957Z,7941cf868cf44ed5de36b178a43b4119cadaddd30564a98ddedcf4b5c1d2d103,39933
pbc-get-9cf49380f664d952134af450,PBC_STATISTICS_INDEX,https://www.pbc.gov.cn/diaochatongjisi/116219/116227/11874-12.html,200,SUCCESS,2026-09-08T11:03:58.678176Z,36b5e2408aec8f259aa79d9cd3170b1c2b44187d5f9a965f966f5c056357e894,39505
pbc-get-ae507e296719e4ec2b97ec87,PBC_STATISTICS_INDEX,https://www.pbc.gov.cn/diaochatongjisi/116219/116225/11871-13.html,200,SUCCESS,2026-09-08T11:03:59.778535Z,83141c84d328e1a1b14ec8d80f3ffcaffe4c45531ddfc0c08505ac0ff0827c1b,40011
pbc-get-570e691be641258664407cf0,PBC_STATISTICS_INDEX,https://www.pbc.gov.cn/diaochatongjisi/116219/116227/11874-13.html,200,SUCCESS,2026-09-08T11:04:00.879070Z,bb7598c529e4b03bf1ff13bf08b99a39c72b8033ae159ebca0219598f7c9768c,39311
pbc-get-07bdd6c19eaf6637c812ace0,PBC_STATISTICS_INDEX,https://www.pbc.gov.cn/diaochatongjisi/116219/116225/11871-14.html,200,SUCCESS,2026-09-08T11:04:01.979218Z,c4c0f02d8ad5057537ace2f73807c9018bd592dce15f212106c592ee25c919d2,39970
pbc-get-885e5430d7867a12a10e9019,PBC_STATISTICS_INDEX,https://www.pbc.gov.cn/diaochatongjisi/116219/116227/11874-14.html,200,SUCCESS,2026-09-08T11:04:03.079350Z,6d5e3ab53a0945b8147685cbf67ae33d3ff9479930448a8b737ba66aa88427ba,39371
pbc-get-471295248e36ef727b07c113,PBC_STATISTICS_INDEX,https://www.pbc.gov.cn/diaochatongjisi/116219/116225/11871-15.html,200,SUCCESS,2026-09-08T11:04:04.179473Z,e5ac301180607217b4803ef5e2ec56dffefaa17aaf5d5387d836faa78f7d5118,39959
pbc-get-b7a6208bccba7edfb770e65b,PBC_STATISTICS_INDEX,https://www.pbc.gov.cn/diaochatongjisi/116219/116227/11874-15.html,200,SUCCESS,2026-09-08T11:04:05.279825Z,28613a8b98afcc75145ac6165a5c77bf5dd23409a0f0536dfb0aa2e0f182586e,39479
pbc-get-fccff6d55492fb038ad2ac8f,PBC_STATISTICS_INDEX,https://www.pbc.gov.cn/diaochatongjisi/116219/116225/11871-16.html,200,SUCCESS,2026-09-08T11:04:06.380059Z,24eedd83301f65dcdb1d9943309255d7a2028ba9ec8a5ce8ba2a893e6397f567,40055
pbc-get-7975c8689f5465415603ee24,PBC_STATISTICS_INDEX,https://www.pbc.gov.cn/diaochatongjisi/116219/116227/11874-16.html,200,SUCCESS,2026-09-08T11:04:07.480389Z,fdb9471494d0d0bcc074d9f40b6c578926b1d773c94d08ee87b541b83897a7d4,39455
pbc-get-ea684c3464bac3b85bece5e7,PBC_STATISTICS_INDEX,https://www.pbc.gov.cn/diaochatongjisi/116219/116225/11871-17.html,200,SUCCESS,2026-09-08T11:04:08.580769Z,125ddb4227d6f76611eb5027eaab70a93db39e3afb3e22caf0ff2acbe9f99be6,39935
pbc-get-953adbc0602611bebd43bd2e,PBC_STATISTICS_INDEX,https://www.pbc.gov.cn/diaochatongjisi/116219/116227/11874-17.html,200,SUCCESS,2026-09-08T11:04:09.681361Z,adc01c55726812c0e14d02c792cb6b52f4c6b528b51b66725eef390422947586,39593
pbc-get-fff5354301fa38b5c32ef363,PBC_STATISTICS_INDEX,https://www.pbc.gov.cn/diaochatongjisi/116219/116225/11871-18.html,200,SUCCESS,2026-09-08T11:04:10.781575Z,28508a0a221c98ce68ea8b239697b6f45a10a507b8aa22782a81979b1e4f4874,40015
pbc-get-1795bc1187135723a1fba4f6,PBC_STATISTICS_INDEX,https://www.pbc.gov.cn/diaochatongjisi/116219/116227/11874-18.html,200,SUCCESS,2026-09-08T11:04:11.882096Z,f5befd8711b3f1a909d60b47b1d56763c24f94bcab4385279f3da5ddbe485e64,37157
pbc-get-bfbb06d1a0147db38fb14b39,PBC_STATISTICS_INDEX,https://www.pbc.gov.cn/diaochatongjisi/116219/116225/11871-19.html,200,SUCCESS,2026-09-08T11:04:12.982636Z,814200e31a22289ae414329c64a76b375e5a2176f68a955f9512d407fa029908,39955
pbc-get-d483e2cd17cacee8ee1bf926,PBC_STATISTICS_INDEX,https://www.pbc.gov.cn/diaochatongjisi/116219/116225/11871-20.html,200,SUCCESS,2026-09-08T11:04:14.082786Z,c4c671f78ace28326953e89e88e317ed5b65162b01e09a5150ef705eb0434e09,40095
pbc-get-5f425bb724f28f50c61f3c50,PBC_STATISTICS_INDEX,https://www.pbc.gov.cn/diaochatongjisi/116219/116225/11871-21.html,200,SUCCESS,2026-09-08T11:04:15.183415Z,064a653f1d80eccd9377d1a1a540f84f3013fbf182227c7b407ccc2fb0065ac1,39981
pbc-get-d2792ff175fb4817818b9c8e,PBC_STATISTICS_INDEX,https://www.pbc.gov.cn/diaochatongjisi/116219/116225/11871-22.html,200,SUCCESS,2026-09-08T11:04:16.283806Z,9f8d336790213b6cb12ea2503c8240ef5161e6bfbf02e61ce690271f58a050a8,39995
pbc-get-683a90ea843984bc95c56613,PBC_STATISTICS_INDEX,https://www.pbc.gov.cn/diaochatongjisi/116219/116225/11871-23.html,200,SUCCESS,2026-09-08T11:04:17.384020Z,85642fe298c4f520bc751bd88fccdf8b68db7781458bb7b6a5cb989c5651a1bf,40013
pbc-get-ce2752278bccd10ebb6351ad,PBC_STATISTICS_INDEX,https://www.pbc.gov.cn/diaochatongjisi/116219/116225/11871-24.html,200,SUCCESS,2026-09-08T11:04:18.484425Z,7343f9fc9cc18b8f72864452f11534bcd5ada4a6f5f22a293fd73ab37dbd5440,39913
pbc-get-4a76a5992fd13f638d5ab6aa,PBC_STATISTICS_INDEX,https://www.pbc.gov.cn/diaochatongjisi/116219/116225/11871-25.html,200,SUCCESS,2026-09-08T11:04:19.585245Z,b1f16dd90faa5e1d028d9c3723ce699e0d2c63ca08ddb3020ec16d425d8eeb4f,39609
pbc-get-089a09fb6a07e96ead4685aa,PBC_STATISTICS_INDEX,https://www.pbc.gov.cn/diaochatongjisi/116219/116225/11871-26.html,200,SUCCESS,2026-09-08T11:04:20.685709Z,b445ed2be6b3f519cf44849cda47b24a79955056f913cf25a44fe7b035909000,39411
pbc-get-9d9180cc9865f27432ff1a0d,PBC_STATISTICS_INDEX,https://www.pbc.gov.cn/diaochatongjisi/116219/116225/11871-27.html,200,SUCCESS,2026-09-08T11:04:21.785969Z,2bdebb959ab541d41416f57c78537504813e6946ba6045683056ce55dc19e53b,39507
pbc-get-013db8f8492603a279205877,PBC_STATISTICS_INDEX,https://www.pbc.gov.cn/diaochatongjisi/116219/116225/11871-28.html,200,SUCCESS,2026-09-08T11:04:22.886150Z,5e7eef3feb136d6a0d7a095fe939737100543789a6456684dff5437bafb7aff7,39275
pbc-get-5f61522bcf9102c305281086,PBC_STATISTICS_INDEX,https://www.pbc.gov.cn/diaochatongjisi/116219/116225/11871-29.html,200,SUCCESS,2026-09-08T11:04:23.986255Z,6fa606652324690d0ab704a8b08704e1cf72d39d48f65c196ccebd7cb27e2488,39297
pbc-get-b0f7449a4f5da001defc688c,PBC_STATISTICS_INDEX,https://www.pbc.gov.cn/diaochatongjisi/116219/116225/11871-30.html,200,SUCCESS,2026-09-08T11:04:25.086429Z,374dc3230fedac4f2b83a348cd92545d9ef22aff10f33eb3c8a2198439e988b1,39611
pbc-get-0034f68a4fd8aa0646714904,PBC_STATISTICS_INDEX,https://www.pbc.gov.cn/diaochatongjisi/116219/116225/11871-31.html,200,SUCCESS,2026-09-08T11:04:26.186944Z,90b516493937671ecb867084722a276165135a43fb209f6fed317c077c7dc76d,39229
pbc-get-818d4d4ee73c4c71a0d44456,PBC_STATISTICS_INDEX,https://www.pbc.gov.cn/diaochatongjisi/116219/116225/11871-32.html,200,SUCCESS,2026-09-08T11:04:27.287287Z,735c87d002a4a15bd0e5dc18d574e05e92135d332c6715c2c2fcb29e95093276,39235
pbc-get-e3a6fe4a5819b9d211871fce,PBC_STATISTICS_INDEX,https://www.pbc.gov.cn/diaochatongjisi/116219/116225/11871-33.html,200,SUCCESS,2026-09-08T11:04:28.387606Z,176558ac2452a7cfced5eb4a132f1ba3f469e7f4593f4a633dcf7817e59f7265,39039
pbc-get-278ed75c0e4926d0b467a77f,PBC_STATISTICS_INDEX,https://www.pbc.gov.cn/diaochatongjisi/116219/116225/11871-34.html,200,SUCCESS,2026-09-08T11:04:29.487984Z,0958ebd5962e8426ee015c8cf294b374f94b5ff3f7fb82b9d8f4f2d70c38fa0b,38973
pbc-get-b3806f5c1ca93c7555110288,PBC_STATISTICS_INDEX,https://www.pbc.gov.cn/diaochatongjisi/116219/116225/11871-35.html,200,SUCCESS,2026-09-08T11:04:30.588860Z,4b3b9f21284845e2b2fa45589857f7dc0c32f043d39e64834b691dc9d1d89867,39141
pbc-get-b211fb1d165274757bed7105,PBC_STATISTICS_INDEX,https://www.pbc.gov.cn/diaochatongjisi/116219/116225/11871-36.html,200,SUCCESS,2026-09-08T11:04:31.689088Z,383ce8eb4f83dc195030662ae9d60969ff8f63a00a94c49de17b81694f5cb2eb,39341
pbc-get-48ccf043b902ffb72332680c,PBC_STATISTICS_INDEX,https://www.pbc.gov.cn/diaochatongjisi/116219/116225/11871-37.html,200,SUCCESS,2026-09-08T11:04:32.790206Z,bf8c68ff9985ef39a602f1da0ba3585d5621a9b0d37b6ffa6b1838dbbfc36de1,39239
pbc-get-0e347edd75787a5f1c2ab021,PBC_STATISTICS_INDEX,https://www.pbc.gov.cn/diaochatongjisi/116219/116225/11871-38.html,200,SUCCESS,2026-09-08T11:04:33.890611Z,1ce13c6ff1070fa706f423abdac13b4820bd81ec645923f472e1671822ad7a08,29471
pbc-get-63cc9da39120cd4478a6b145,PBC_AFRE_STOCK,https://www.pbc.gov.cn/diaochatongjisi/116219/116225/031b9fe3f0e84f10ab01c564d8c8b43b/index.html,200,SUCCESS,2026-09-08T11:06:03.827377Z,fcf16f0a1411be33c3945bed10978cbf7667167b49efc7de3400eeed4b8b117f,39496
pbc-get-41f4c4a05efca0cc8c2f8c77,PBC_AFRE_STOCK,https://www.pbc.gov.cn/diaochatongjisi/116219/116225/1cd1f9ef49a44b02ab96992fe75f9758/index.html,200,SUCCESS,2026-09-08T11:06:04.928254Z,e330d6ad85b341711f54783cce35d3b81cf6c431a0dff22f54f3c5a10ce48cda,62574
pbc-get-6c3d00572ab2f7a7cfc55294,PBC_AFRE_STOCK,https://www.pbc.gov.cn/diaochatongjisi/116219/116225/2810586/index.html,200,SUCCESS,2026-09-08T11:06:06.028641Z,1ec671511c110d6e87b6a34f7623e36121bcb57a3d6ea6bbff2399a7971650a8,32019
pbc-get-a019eb0b2f6e0dcff159b793,PBC_M2,https://www.pbc.gov.cn/diaochatongjisi/116219/116225/2855441/index.html,200,SUCCESS,2026-09-08T11:06:07.128856Z,ae3ba30b58f7ff84750c61550e85f5cf88f65dfff514a382254618aff3e01dc1,28539
pbc-get-064575c845d2d94de9f042ff,PBC_M2,https://www.pbc.gov.cn/diaochatongjisi/116219/116225/2874692/index.html,200,SUCCESS,2026-09-08T11:06:08.229180Z,c50990dac5619749e5514e855c92df17d961248cf65b6c5a4a6de232d996d2ab,29366
pbc-get-46ba2c8ac18cbc539dcebd6b,PBC_M2,https://www.pbc.gov.cn/diaochatongjisi/116219/116225/2d146cf183ff478b87eadfc421492f08/index.html,200,SUCCESS,2026-09-08T11:06:09.329545Z,6c7a324fba99cd2405ba0775dcbd8d97903a46ba1a31f7b697bf3e42c54d86e5,30114
pbc-get-1af388d18bc7a1a4c66b28fc,PBC_AFRE_STOCK,https://www.pbc.gov.cn/diaochatongjisi/116219/116225/352836472d1a48c19be8b9d19f2d9473/index.html,200,SUCCESS,2026-09-08T11:06:10.429780Z,d3d5c94849269c4bdd0133cedb049c4f20b3f87c45d36bc72219e655d46aa31a,42122
pbc-get-8ef963b0937384cbcfee9ad7,PBC_AFRE_STOCK,https://www.pbc.gov.cn/diaochatongjisi/116219/116225/4e41ac139d6b4e18b28488005f5fce7b/index.html,200,SUCCESS,2026-09-08T11:06:11.530140Z,fa17793ffda74ae22137eee46666ac6505a920f98aa4d73ded9c8c9150423804,29459
pbc-get-f049b75299e8cd954865fd72,PBC_M2,https://www.pbc.gov.cn/diaochatongjisi/116219/116225/7511420fe1454c46807f7f5d9069cc3c/index.html,200,SUCCESS,2026-09-08T11:06:12.630523Z,d59a1350f09dc94d3243b5e724e4f32f80b0866373a25a6d251a2514c75002cb,30504
pbc-get-4cec6398f7157133cde5a5d1,PBC_AFRE_STOCK,https://www.pbc.gov.cn/diaochatongjisi/116219/116225/013350cf90b3457bb2fe1cc87201297e/index.html,200,SUCCESS,2026-09-08T11:06:13.730828Z,3690ea7f2365f84d02d705ef76ca444246c76c3c901feb2f2fb443d3d49ea5cd,28821
pbc-get-b9016efffd3fd454f82756fa,PBC_M2,https://www.pbc.gov.cn/diaochatongjisi/116219/116225/02a6abaaea894de8b591846e295826e6/index.html,200,SUCCESS,2026-09-08T11:06:14.831637Z,56defe8d4373b64d43bb57b54ebce1ef7adc308cb07bd8d9953c3e0b1a7a1bc5,38789
pbc-get-63aa86328bbda4c4b9c2c6f2,PBC_M2,https://www.pbc.gov.cn/diaochatongjisi/116219/116225/03855a5cd8494b8fa37f81b058a844fd/index.html,200,SUCCESS,2026-09-08T11:06:15.932210Z,9583455fddba859addbdafeebdf07e2a5c2ff689f67575cf1b575507ced96bdb,30195
pbc-get-38dc38aa84706c607613eb3e,PBC_AFRE_STOCK,https://www.pbc.gov.cn/diaochatongjisi/116219/116225/03d0b72c518348a880937806f367d3ac/index.html,200,SUCCESS,2026-09-08T11:06:17.032638Z,38888d25198481be1f430069b0594433863598d3ac8b443c4b7849ca1846cc95,28683
pbc-get-eb01a195199d9049e2328b4b,PBC_AFRE_STOCK,https://www.pbc.gov.cn/diaochatongjisi/116219/116225/0503511b427f4c78bc8cd577cc1888b3/index.html,200,SUCCESS,2026-09-08T11:06:18.132786Z,540d4dba621723337bf650517d2e28a331542673271145fa9917075a03689b5b,28488
pbc-get-ba3d9f903f43fdcba1a437e0,PBC_AFRE_STOCK,https://www.pbc.gov.cn/diaochatongjisi/116219/116225/05cf6159e7f4456f9da4bc38b13084de/index.html,200,SUCCESS,2026-09-08T11:06:19.233396Z,b5aacd73ed7dd73590ed0bb994845333e7661cc927b88de439064827930e7b2a,28865
pbc-get-a784c813a0f8a2913d4aeff9,PBC_M2,https://www.pbc.gov.cn/diaochatongjisi/116219/116225/0755aafdab32428daa12f2cf682c81ba/index.html,200,SUCCESS,2026-09-08T11:06:20.333861Z,31c4d3f99601b711ef3772670e2aeb5d4bab0bf851e1d109b8f480892a4cec18,37743
pbc-get-3f13dda34434eebd9f1328a3,PBC_M2,https://www.pbc.gov.cn/diaochatongjisi/116219/116225/09b04ac75bfe45d38ade1e9b6bd317f6/index.html,200,SUCCESS,2026-09-08T11:06:21.434396Z,f9d26487b7cbb862eaa1e13074d6fcd9ac7ac04ecc4980ffb2970e7b3259c2ff,31030
pbc-get-caa200b3b413f7ff7777a71a,PBC_AFRE_STOCK,https://www.pbc.gov.cn/diaochatongjisi/116219/116225/0d28173ac5ae4633a68c75393546f34b/index.html,200,SUCCESS,2026-09-08T11:06:22.534934Z,52a429184f9af604ebfd8267d0534fb30fbcf292576f264312c934d237ec2fc6,28690
pbc-get-f743dfeb39b627e347fe0d4b,PBC_AFRE_STOCK,https://www.pbc.gov.cn/diaochatongjisi/116219/116225/0e86b5acf59d49e58b2f459d8609a801/index.html,200,SUCCESS,2026-09-08T11:06:23.635471Z,78d24a044747a1b70cb7df0fbc3d84a77541b43998837e546308ced89c91a1c4,156130
pbc-get-cebac4f5b9eb7c8d0662a703,PBC_M2,https://www.pbc.gov.cn/diaochatongjisi/116219/116225/0f7a8957d2014b4d86ade7804cfb674c/index.html,200,SUCCESS,2026-09-08T11:06:24.736015Z,1d6a45ccd6e7bb7e2797ee4be6e9e1e09e1caddd16b85513a05c53c20a6c138d,29808
pbc-get-2fe6b381aadca2ae98bbea45,PBC_AFRE_STOCK,https://www.pbc.gov.cn/diaochatongjisi/116219/116225/1046bc429f1745ffb1d8ddbc0d53fd4d/index.html,200,SUCCESS,2026-09-08T11:06:25.836174Z,42bc57bb5f48a4a09ef75d5edc65c91ea83203093e03aee3eaf090032cfbf1d9,28466
pbc-get-9d4d59c66937053852f380de,PBC_AFRE_STOCK,https://www.pbc.gov.cn/diaochatongjisi/116219/116225/109937570a444b029691225a182d4886/index.html,200,SUCCESS,2026-09-08T11:06:26.936731Z,013738fe703991d6a4060d73ae99793335868c7868b502a147b430f339094e26,28815
pbc-get-1358037f9022f9bd8f5d29f3,PBC_M2,https://www.pbc.gov.cn/diaochatongjisi/116219/116225/11a114b756b34c2dbf62b7ccebf6f8a9/index.html,200,SUCCESS,2026-09-08T11:06:28.036771Z,33d38b9c5e42d09dab058781deeb13353abd906af727c7175a1f402a6f4db40b,29877
pbc-get-64d11b7fe8df0613507890d8,PBC_AFRE_STOCK,https://www.pbc.gov.cn/diaochatongjisi/116219/116225/13152c6f6c3249daab3f6bb52684895f/index.html,200,SUCCESS,2026-09-08T11:06:29.137236Z,608d4f8ece2073541d6d4746ada8a194e0866eb4c7f116559bc982c2704eab4b,28820
pbc-get-6d45edf0dd4870b143129971,PBC_M2,https://www.pbc.gov.cn/diaochatongjisi/116219/116225/13726e91dd8d4423b12ec14955d6601a/index.html,200,SUCCESS,2026-09-08T11:06:30.237589Z,69da8217eb1b5993021c1a94d7c17cfc32014523e6ca9e728a973d39480f5270,38284
pbc-get-7b7c926ebab1de5bbf8adc61,PBC_M2,https://www.pbc.gov.cn/diaochatongjisi/116219/116225/1421ef5774954fd795d2e2312daf0470/index.html,200,SUCCESS,2026-09-08T11:06:31.337718Z,8779a48f0b358491bfc6045d9b076be06dacfbf3bf4afcd4fc6568de867d641d,37581
pbc-get-5762917bb98c6cc0247ba047,PBC_AFRE_STOCK,https://www.pbc.gov.cn/diaochatongjisi/116219/116225/15dd57f49e17434f8b5b6ad21a2bf577/index.html,200,SUCCESS,2026-09-08T11:06:32.437995Z,77e3694a4ab45ca9fcb045bc718fb5554206d6edf63b195dbc02bb1b592017cf,28690
pbc-get-1595d1fae1ebf224d4d90291,PBC_AFRE_STOCK,https://www.pbc.gov.cn/diaochatongjisi/116219/116225/1778643a232c44e4af332031fd86186c/index.html,200,SUCCESS,2026-09-08T11:06:33.538218Z,315bf6badee00f54831dd435cb69d46ad897d83b6c37b8b21c1d5bb3bf93e637,28587
pbc-get-413e8f8a8f162997df8caf62,PBC_M2,https://www.pbc.gov.cn/diaochatongjisi/116219/116225/188a85c17d2a48ae9733a64831b1f6eb/index.html,200,SUCCESS,2026-09-08T11:06:34.638655Z,2eee37728f798e55189f3f7e154d5506630e394cd65c490167c2173bfa580858,29797
pbc-get-d78bc1a80618827960376ae7,PBC_M2,https://www.pbc.gov.cn/diaochatongjisi/116219/116225/1a0947afef2f41a2afb51524ae22f906/index.html,200,SUCCESS,2026-09-08T11:06:35.738862Z,f0afffd17823afe6713ddce749dd3e6c02f43b2f856e8d447d079331d4938fbe,30754
pbc-get-5b164f7e01befb0da5dddc03,PBC_M2,https://www.pbc.gov.cn/diaochatongjisi/116219/116225/1a6fe9c99e0b4b3ba35bbd038ef8535c/index.html,200,SUCCESS,2026-09-08T11:06:36.838980Z,6ea1bc81cd6df9e4d63e35575ddef81ffbd4c618dc4c4d7b4ddde568c5d978cb,37846
pbc-get-34f3c3789867c4ff70629122,PBC_M2,https://www.pbc.gov.cn/diaochatongjisi/116219/116225/1bb8759c90de4353b2a93e00438375e3/index.html,200,SUCCESS,2026-09-08T11:06:37.939511Z,a48db0d71709831a9292c6aa6e1684d7b34ab8b4efb509a8f17b7763015aad69,37549
pbc-get-28408cca686352197f0dcfd1,PBC_AFRE_STOCK,https://www.pbc.gov.cn/diaochatongjisi/116219/116225/1da4d3e592a842789438683f9edf5c1f/index.html,200,SUCCESS,2026-09-08T11:06:39.039916Z,26dc376657e70990ae6b5f5bc2c2f28f324aa4570ec024dbb7891e916ab7a2c6,28822
pbc-get-048a177dc2b1867ba801962d,PBC_AFRE_STOCK,https://www.pbc.gov.cn/diaochatongjisi/116219/116225/1e20eedcca8c41d4aecdcf9470e57f5c/index.html,200,SUCCESS,2026-09-08T11:06:40.140065Z,c71bb0b19724dbd8e0d13277602cc4c6eb96c363ea1210712378bc5e9eedb3c2,28575
pbc-get-a06ebc4bc25eef3e192e59bc,PBC_M2,https://www.pbc.gov.cn/diaochatongjisi/116219/116225/1ef2894f7ccc4118aeee124111981627/index.html,200,SUCCESS,2026-09-08T11:06:41.240421Z,f98ae897a0ff8a519e192079474250f18987e837cfdeab6b92e5b84636da6f7b,29794
pbc-get-f7d78ead9e91a847848c5366,PBC_AFRE_STOCK,https://www.pbc.gov.cn/diaochatongjisi/116219/116225/1f9fddf5e1a144a2bfc54c6c33e15957/index.html,200,SUCCESS,2026-09-08T11:06:42.340565Z,5c0b4fb07e6ce585f73cf58548b6d44d24c5b317150933f8cf485f01e29bc843,28688
pbc-get-45fb805bfb366e4411ea3322,PBC_M2,https://www.pbc.gov.cn/diaochatongjisi/116219/116225/2025080618505010475/index.html,200,SUCCESS,2026-09-08T11:06:43.440653Z,54e2d8a768f0e9f16abf1e82ef8a5d3acbc3373434fa389a10a432913ab5fd98,41353
pbc-get-b9f3927a22bd8f26a58d74f5,PBC_AFRE_STOCK,https://www.pbc.gov.cn/diaochatongjisi/116219/116225/2025080618505015531/index.html,200,SUCCESS,2026-09-08T11:06:44.540747Z,710b7be402e9f55fa2782a7ac24d3ca788272955f3d4c37ce63c4d9207978230,28264
pbc-get-dd783d1b54e8c04f106c5d46,PBC_AFRE_STOCK,https://www.pbc.gov.cn/diaochatongjisi/116219/116225/2025080618505022412/index.html,200,SUCCESS,2026-09-08T11:06:45.641023Z,1b535e5d00fba0d58ab5db7627601c533960a2918d05f0aa0fe65fe5e8e10445,28261
pbc-get-9d3b7a5c6f990c65524b0f55,PBC_M2,https://www.pbc.gov.cn/diaochatongjisi/116219/116225/2025080618505039987/index.html,200,SUCCESS,2026-09-08T11:06:46.741445Z,6d3500a14c1602edcaace8469e0018485714a6c7931bbcbc53ff82c176b69f17,41560
pbc-get-080127f740a8eee6f763259c,PBC_M2,https://www.pbc.gov.cn/diaochatongjisi/116219/116225/2025080618505068053/index.html,200,SUCCESS,2026-09-08T11:06:47.841878Z,099bef22626630ef7b93129bc02d02119f5cf23423d1e5c8352b07d6e3c16e80,41348
pbc-get-44ac008d3ce61f62c40bd99e,PBC_M2,https://www.pbc.gov.cn/diaochatongjisi/116219/116225/2025080618505071886/index.html,200,SUCCESS,2026-09-08T11:06:48.942137Z,cf31e072f283a84717a8e63bdb22ef47a229e82d378e829d7bc13bc55481f96f,41600
pbc-get-39e252979fcc0c879d2a6774,PBC_AFRE_STOCK,https://www.pbc.gov.cn/diaochatongjisi/116219/116225/2025080618505073824/index.html,200,SUCCESS,2026-09-08T11:06:50.042664Z,2fdb7247c4c27f0ccc497f36e498e42f84748efbe8abb134dcd82a64891287a8,28246
pbc-get-5939b2b5419070f8da6d4616,PBC_AFRE_STOCK,https://www.pbc.gov.cn/diaochatongjisi/116219/116225/2025080618505078072/index.html,200,SUCCESS,2026-09-08T11:06:51.143083Z,236644a4ab58701bb4cfbf587ef9e28d31db4309b2d7d8e6eb97827cadf454b2,28259
pbc-get-8e67a50324b89f8bd623362f,PBC_M2,https://www.pbc.gov.cn/diaochatongjisi/116219/116225/2025080618505081124/index.html,200,SUCCESS,2026-09-08T11:06:52.243278Z,5f4a4e3ac36cae871ab683de3e067abd98d3640fbeadb24bcce60c74c39d5eed,41355
pbc-get-c106032984f69425c0051c04,PBC_AFRE_STOCK,https://www.pbc.gov.cn/diaochatongjisi/116219/116225/2025080618505089313/index.html,200,SUCCESS,2026-09-08T11:06:53.343477Z,48110997855d0f0ff35f2993e9109183eca44e75444bb2d6565d60a507fb86cb,28263
pbc-get-62c4ecdef5986e3b35283dca,PBC_M2,https://www.pbc.gov.cn/diaochatongjisi/116219/116225/2025121217132789688/index.html,200,SUCCESS,2026-09-08T11:06:54.443613Z,86dac86009ce1615c6cec1293dbf036603fbd6fdf0f52417e1fb9fcb0902089f,45807
pbc-get-e31c6cded9cf5a0ce67ef72e,PBC_M2,https://www.pbc.gov.cn/diaochatongjisi/116219/116225/2026011515015720511/index.html,200,SUCCESS,2026-09-08T11:06:55.544015Z,47761677bcf626cfe3ab7ab444940e9c0bdcb4326621edfe7e4e54192ee0bb33,44707
pbc-get-4fbfe9db406d8cfef6a83a7b,PBC_M2,https://www.pbc.gov.cn/diaochatongjisi/116219/116225/2026021317031040775/index.html,200,SUCCESS,2026-09-08T11:06:56.644171Z,e5e5bcd61b540d1c7c4e4d68c2a6350bf090bb37c381fec2a9de359487705ad0,44631
pbc-get-6d467a54d016d8a236d038c1,PBC_M2,https://www.pbc.gov.cn/diaochatongjisi/116219/116225/2026031317020260950/index.html,200,SUCCESS,2026-09-08T11:06:57.744358Z,377f455aa92273c23d57540d2b33e5b4b99f01e6ebfa7beacae157c21c5632cc,44639
pbc-get-52de48b240d840d3cb28cd2b,PBC_M2,https://www.pbc.gov.cn/diaochatongjisi/116219/116225/2026041317011944771/index.html,200,SUCCESS,2026-09-08T11:06:58.844922Z,0d50495161d327868abe90f1a3d084249145fd63318ce0f7eaaafd00da830abb,44833
pbc-get-a35ea2ba4075d0986f2f763a,PBC_M2,https://www.pbc.gov.cn/diaochatongjisi/116219/116225/2026051417030520490/index.html,200,SUCCESS,2026-09-08T11:06:59.945078Z,4434210d0447e96bcbeab8f02d6ac0436fb76a28e41a66f4f133ff46d8b1182e,44650
pbc-get-960727dd12808938d5d41d27,PBC_M2,https://www.pbc.gov.cn/diaochatongjisi/116219/116225/2026061217051611931/index.html,200,SUCCESS,2026-09-08T11:07:01.045396Z,8f71dd1e651d2e5d8e7120555a000c54a517c41fb01d94b39948183badab9769,44651
pbc-get-0a27e348440c1f8258f1c4ff,PBC_M2,https://www.pbc.gov.cn/diaochatongjisi/116219/116225/2026071515025183948/index.html,200,SUCCESS,2026-09-08T11:07:02.145461Z,9ebce7e21c93d92980814be8f754dcc255ebe29dbbdf2531973e09361832c168,44903
pbc-get-2e70ba0d5fa7768931f7aa0e,PBC_M2,https://www.pbc.gov.cn/diaochatongjisi/116219/116225/2026081416320925645/index.html,200,SUCCESS,2026-09-08T11:07:03.245512Z,933f3546fc3f8232014dc9e2cab854a331ff5da5a9509d3063ada2d3678dfcef,44692
pbc-get-29e690bb19e1970e1fea3c99,PBC_M2,https://www.pbc.gov.cn/diaochatongjisi/116219/116225/216996c140a74b30a2595ec8a8f58ce3/index.html,200,SUCCESS,2026-09-08T11:07:04.345610Z,9d7bd56db49dab868961a33b8279a6aa2daf951a7ce2d32b19b749a47b4dcf2a,30361
pbc-get-35503e066bec4a6828a9ee08,PBC_AFRE_STOCK,https://www.pbc.gov.cn/diaochatongjisi/116219/116225/255aa96bb4b745b4b086bbaf29b1ced8/index.html,200,SUCCESS,2026-09-08T11:07:05.446151Z,fa45634b5161fa6c370f27a2f8e6f5ae08eeba8b43ffa487f22b1441f04aec31,156696
pbc-get-fb8c58b0153b6c948a5a5ddd,PBC_M2,https://www.pbc.gov.cn/diaochatongjisi/116219/116225/25bd40fd26ae4b1488369f7df33ffc94/index.html,200,SUCCESS,2026-09-08T11:07:06.546545Z,1eb7aa1eab315a47fd50b554aaddf00aba969ddca0c4ece042b5bc26ecff2858,38760
pbc-get-9494053acba2c682b80a7ebb,PBC_M2,https://www.pbc.gov.cn/diaochatongjisi/116219/116225/28034b83163d40d2bf5aacb2112e2062/index.html,200,SUCCESS,2026-09-08T11:07:07.646713Z,1bd74a9ca3787ed3999f462fe9ab637354d30f06219277d8f2197561c2dde70e,29823
pbc-get-9d22ed2493e9026a460d191c,PBC_M2,https://www.pbc.gov.cn/diaochatongjisi/116219/116225/2805241/index.html,200,SUCCESS,2026-09-08T11:07:08.746795Z,f558e89308ca80fe7feae37447768a7b5849f72774dba2dda3a7dca8adddda04,29125
pbc-get-c8d1dcd93b78cfb42b99a885,PBC_M2,https://www.pbc.gov.cn/diaochatongjisi/116219/116225/2805549/index.html,200,SUCCESS,2026-09-08T11:07:09.847069Z,4169dc3ba5aa1ad9c90e777f391e50b90196bca6fe0d8d0bb4bb7180fcad4b4c,29126
pbc-get-a48fa609941e8b4f9ad7a51b,PBC_M2,https://www.pbc.gov.cn/diaochatongjisi/116219/116225/2806205/index.html,200,SUCCESS,2026-09-08T11:07:10.947608Z,dfb872efb9215d1923e0288773ac8beef7d8277c20a1da464eb021363a69c3a9,29643
pbc-get-1fcf97cc59435a8d1bae57d4,PBC_M2,https://www.pbc.gov.cn/diaochatongjisi/116219/116225/2806559/index.html,200,SUCCESS,2026-09-08T11:07:12.047762Z,5c3f9b8043ebcfdaee38822e356a68890eaea54a9f016c5a33381c5f380962d7,29107
pbc-get-3557c0e68c8f5169ba13373a,PBC_M2,https://www.pbc.gov.cn/diaochatongjisi/116219/116225/2806928/index.html,200,SUCCESS,2026-09-08T11:07:13.147931Z,99691bac3d1a8e4cef668c5ea360a772b9e253b3dbfdd8d4f34f16da532e014d,29099
pbc-get-de209820b3c060f62ca86f35,PBC_M2,https://www.pbc.gov.cn/diaochatongjisi/116219/116225/2807320/index.html,200,SUCCESS,2026-09-08T11:07:14.248330Z,3c781e8d4a8752d4f1936ce73eb5115ace4a3421269b7b7206e70a2d3d42dade,29709
pbc-get-44aef199d7d21fe9ac1cf945,PBC_M2,https://www.pbc.gov.cn/diaochatongjisi/116219/116225/2807848/index.html,200,SUCCESS,2026-09-08T11:07:15.348486Z,a9c3cb8acb01c7e71f130bb537c22c26e2869b83814cacffe505b4c39b089f95,29072
pbc-get-fe33d1e84bced05bdebc2a5f,PBC_M2,https://www.pbc.gov.cn/diaochatongjisi/116219/116225/2808615/index.html,200,SUCCESS,2026-09-08T11:07:16.448593Z,55ac973db01146a975c34b492114ef9cd99f5844e682a335513dd4f4df08c014,30005
pbc-get-cf01a469fa4521136f1d131b,PBC_M2,https://www.pbc.gov.cn/diaochatongjisi/116219/116225/2809586/index.html,200,SUCCESS,2026-09-08T11:07:17.548852Z,e5d854822d220b6142e3de967f98faaf20ad29e08c43c275f928250de9529e86,29396
pbc-get-95508dd9b262187570ae0a18,PBC_M2,https://www.pbc.gov.cn/diaochatongjisi/116219/116225/2810141/index.html,200,SUCCESS,2026-09-08T11:07:18.649236Z,f4f3dc58e0e6978c45d776ace983d1ccd2e041f1dbc330ccec07fd45c9f338ff,29728
pbc-get-6cbe028f3fb1e6553fb35d2a,PBC_AFRE_STOCK,https://www.pbc.gov.cn/diaochatongjisi/116219/116225/2810606/index.html,200,SUCCESS,2026-09-08T11:07:19.749608Z,00fed3bbe58e9c5ea0612c9b9613ccb12cd426a5a585eecebdd629e2649740ce,33515
pbc-get-3e2f86c1a03ac5bd1c349345,PBC_M2,https://www.pbc.gov.cn/diaochatongjisi/116219/116225/2810678/index.html,200,SUCCESS,2026-09-08T11:07:20.850105Z,5bf0425c7acba6a16f8bfcb31e1b8cd0a73d80befcc9b14dce62a36eeadde843,29644
pbc-get-4b4eb564d4f1acd258f19983,PBC_M2,https://www.pbc.gov.cn/diaochatongjisi/116219/116225/2811006/index.html,200,SUCCESS,2026-09-08T11:07:21.950294Z,6bd19842f2e28e262173bd5a820d09b449d1c50284e2173b2c01b15415f93f7e,29623
pbc-get-b90ed7b49057d8d3880a3421,PBC_M2,https://www.pbc.gov.cn/diaochatongjisi/116219/116225/2811564/index.html,200,SUCCESS,2026-09-08T11:07:23.050844Z,53ec0df346b25fca4b5588d94fdd19c72698ccdf26ad45f88406bd8eb5aa4a0f,30278
pbc-get-35f4ec83e01ee22fa8895de8,PBC_M2,https://www.pbc.gov.cn/diaochatongjisi/116219/116225/2811590/index.html,200,SUCCESS,2026-09-08T11:07:24.151067Z,c32cb8b9a7e67bd2521b342b148e15be70ef86753bec337e6a06bf07affeb2aa,37018
pbc-get-231e5a8f2c29a80f70101d35,PBC_AFRE_STOCK,https://www.pbc.gov.cn/diaochatongjisi/116219/116225/2811782/index.html,200,SUCCESS,2026-09-08T11:07:25.251339Z,e91efa6dc97affd9415457c72d2482a303d76689894c03c2e5e1fbc95e9a4bb9,28604
pbc-get-78c8360897354bc4b71cf3b8,PBC_M2,https://www.pbc.gov.cn/diaochatongjisi/116219/116225/2821519/index.html,200,SUCCESS,2026-09-08T11:07:26.352150Z,51517392cf209e7db948a894305f0551e7a271cc72ef33fe601e7e956cebac28,31091
pbc-get-e33f058e9f4e336109e09f4c,PBC_M2,https://www.pbc.gov.cn/diaochatongjisi/116219/116225/2821568/index.html,200,SUCCESS,2026-09-08T11:07:27.452587Z,7d243874f783675eff6f126a29d50eebe002a51ca5b0eb39ec7db296e3bb50e6,30046
pbc-get-2bf344b3fce911fa5f87656e,PBC_M2,https://www.pbc.gov.cn/diaochatongjisi/116219/116225/2821605/index.html,200,SUCCESS,2026-09-08T11:07:28.553005Z,7eed04cc2379b64e9cd9399924bf135527c403a1eb68518475b96e9a2362237e,29092
pbc-get-26e6629abe1bce4183aa0f8a,PBC_M2,https://www.pbc.gov.cn/diaochatongjisi/116219/116225/2822011/index.html,200,SUCCESS,2026-09-08T11:07:29.653602Z,d15c2605c12d5f62507a3f034ca63158350e54eb2cc7d67493108c8c86162def,30448
pbc-get-737d6d97020bf1d0e67266e4,PBC_M2,https://www.pbc.gov.cn/diaochatongjisi/116219/116225/2822136/index.html,200,SUCCESS,2026-09-08T11:07:30.753808Z,ca4e72481086fc5fcaf847c9a96aa8a11de708bcce5a31b99e3024e29a36db27,31353
pbc-get-fcdda55c22fa4973f8170c79,PBC_M2,https://www.pbc.gov.cn/diaochatongjisi/116219/116225/2822164/index.html,200,SUCCESS,2026-09-08T11:07:31.854511Z,3ed8d5b61dd5b31ef93fe7a8a30b4f5140fedd370ca5d5904933a49760da477a,29402
pbc-get-fe312b96c07a89c928b78752,PBC_M2,https://www.pbc.gov.cn/diaochatongjisi/116219/116225/2822603/index.html,200,SUCCESS,2026-09-08T11:07:32.954530Z,acec89eb4aa2e97f5019a086f8c83dda03f0b6dd94384b98627f599927ab4397,30736
pbc-get-0ee089d80f619be305288432,PBC_M2,https://www.pbc.gov.cn/diaochatongjisi/116219/116225/2822693/index.html,200,SUCCESS,2026-09-08T11:07:34.054960Z,6eb3a0e7424208631f122cf8e911bbafcd54094317833441dedd22e582a4fca9,30837
pbc-get-48a01aee8828f045ffcd31f4,PBC_M2,https://www.pbc.gov.cn/diaochatongjisi/116219/116225/2822729/index.html,200,SUCCESS,2026-09-08T11:07:35.155286Z,07575cba6e89ab117d3af417032856371c8d2f1f5a8e9eb41ad7c2b25cfac71a,30548
pbc-get-53d726c3dd1ce7d88bf3a8cd,PBC_M2,https://www.pbc.gov.cn/diaochatongjisi/116219/116225/2822748/index.html,200,SUCCESS,2026-09-08T11:07:36.255827Z,0429a99c04abebd1fa670fafd79b9fd82809fed0c3f463c9f004ed0b2576388f,132842
pbc-get-07d1cab8dbec41bf120ea571,PBC_M2,https://www.pbc.gov.cn/diaochatongjisi/116219/116225/2822767/index.html,200,SUCCESS,2026-09-08T11:07:37.356230Z,97f791a32bd46fab7cc3ee8103c679fe4974eb6c76cf873984cbb464ccecc62d,30895
pbc-get-529e0b6285c5547a08b51834,PBC_M2,https://www.pbc.gov.cn/diaochatongjisi/116219/116225/2822956/index.html,200,SUCCESS,2026-09-08T11:07:38.456554Z,0d4baf9c29ba03bdfc67281d4c18f193296dea8e744f1d70d455e4d2df13fbc1,32606
pbc-get-9ae8bf4a5a54fab040c3ca3f,PBC_M2,https://www.pbc.gov.cn/diaochatongjisi/116219/116225/2822973/index.html,200,SUCCESS,2026-09-08T11:07:39.557116Z,84f8bf1558c85da0c267720465597bd44989b4890554ed36c38bb97d67683869,30747
pbc-get-a463add03d0b140be913da8b,PBC_M2,https://www.pbc.gov.cn/diaochatongjisi/116219/116225/2823067/index.html,200,SUCCESS,2026-09-08T11:07:40.657401Z,6724a0c1e4a393850457002e271e9b940baa5339c215f1e6be6422154ce23565,77006
pbc-get-7b04182b0282906332a0f6c7,PBC_M2,https://www.pbc.gov.cn/diaochatongjisi/116219/116225/2823399/index.html,200,SUCCESS,2026-09-08T11:07:41.757951Z,d62acef119985adaf1b0e06db31601c760bc593abaa00e7370f06404548ee82b,32191
pbc-get-19500aa06fd220850d58a488,PBC_M2,https://www.pbc.gov.cn/diaochatongjisi/116219/116225/2823591/index.html,200,SUCCESS,2026-09-08T11:07:42.858473Z,328deb37b2d0df8cde3266a4a72b8838738a12ad81497feed0c65dfd70eccc05,30539
pbc-get-14063204089b8f3d585ddbd5,PBC_M2,https://www.pbc.gov.cn/diaochatongjisi/116219/116225/2823618/index.html,200,SUCCESS,2026-09-08T11:07:43.958910Z,ffdcf60384661054fa5a7a0c7b61265525506ced3ed601b96600feb74f3f7829,29597
pbc-get-6d20a7677d7607c2c5469b8f,PBC_M2,https://www.pbc.gov.cn/diaochatongjisi/116219/116225/2823733/index.html,200,SUCCESS,2026-09-08T11:07:45.059090Z,3eee1f95fc15e366d6e7e57aceb07199ba3126d780ac03ddb8a774a0e2bce7a8,32576
pbc-get-0db774b05a8e063e10e30cf1,PBC_M2,https://www.pbc.gov.cn/diaochatongjisi/116219/116225/2823796/index.html,200,SUCCESS,2026-09-08T11:07:46.159301Z,5d6012b1decfb3eba3df7c12ba52777996868682125cce77202cf9d66bc7cbcf,30236
pbc-get-fc015544cb74c20b0fb5e89c,PBC_M2,https://www.pbc.gov.cn/diaochatongjisi/116219/116225/2823970/index.html,200,SUCCESS,2026-09-08T11:07:47.259841Z,92d7591d90fa707131d700522d3ddd23ec74208870df59091158a8f69c291ee3,30996
pbc-get-c1904b797548dc2854895ee9,PBC_M2,https://www.pbc.gov.cn/diaochatongjisi/116219/116225/2824054/index.html,200,SUCCESS,2026-09-08T11:07:48.360288Z,41a5555ed5972e32d1d925a8214c48ba59cf8e102805bd13dfd4d4dc788f2130,33167
pbc-get-2f33d0179e5918b00dd9934d,PBC_M2,https://www.pbc.gov.cn/diaochatongjisi/116219/116225/2824218/index.html,200,SUCCESS,2026-09-08T11:07:49.460460Z,c65b2fc6d531577f9b27cfd04df82987649c9cd05fcef21b6d7e0b7315cf6d34,33208
pbc-get-991787c81ea90021e3b0ba18,PBC_M2,https://www.pbc.gov.cn/diaochatongjisi/116219/116225/2824294/index.html,200,SUCCESS,2026-09-08T11:07:50.560737Z,5aff45d3515958a238272e067042097bb943bf97624c5f69d212a3732716f6d7,29992
pbc-get-29a5d98a32b4999cec7ea094,PBC_M2,https://www.pbc.gov.cn/diaochatongjisi/116219/116225/2824373/index.html,200,SUCCESS,2026-09-08T11:07:51.661211Z,a62718c0855cfb0933033ec44a32dac0ecb50f9cd4fb7d5ab10439e3a4db1ae5,27045
pbc-get-384673d3416d0be975be6ace,PBC_M2,https://www.pbc.gov.cn/diaochatongjisi/116219/116225/2824473/index.html,200,SUCCESS,2026-09-08T11:07:52.761391Z,7743f6bbcdc6339036847b9d8b528bc9586652d76e72ec0a726ba79b31d43bf3,29439
pbc-get-ae331abfc94f3baf4b6407cf,PBC_M2,https://www.pbc.gov.cn/diaochatongjisi/116219/116225/2824491/index.html,200,SUCCESS,2026-09-08T11:07:53.861789Z,6c790d6dbb2a2849771e903c570365920437393c116f3be0bfcc1c1475e27654,31149
pbc-get-2cc39c59575c62ac4ed98470,PBC_M2,https://www.pbc.gov.cn/diaochatongjisi/116219/116225/2824774/index.html,200,SUCCESS,2026-09-08T11:07:54.961999Z,ea1bbfb1d5da240bc78a2cb4566768d9583c705f6cdbdd9cae2b93e58906778d,33036
pbc-get-ae6b3513d93b5db045382066,PBC_M2,https://www.pbc.gov.cn/diaochatongjisi/116219/116225/2824832/index.html,200,SUCCESS,2026-09-08T11:07:56.062498Z,33ca7b2162efcf935818e367ffe86f882116e76458558bd745978aa2e57d771e,30740
pbc-get-48ca8f2f56156a7a2281a119,PBC_M2,https://www.pbc.gov.cn/diaochatongjisi/116219/116225/2825103/index.html,200,SUCCESS,2026-09-08T11:07:57.162761Z,d8553d3459924ea5ec39837476c2fc62d5f7dcf03b3f7088b02a7c2690142376,26984
pbc-get-c2cdbde24504d52b5bc5c6e4,PBC_M2,https://www.pbc.gov.cn/diaochatongjisi/116219/116225/2825240/index.html,200,SUCCESS,2026-09-08T11:07:58.262874Z,635d8aa57d0135c47edc6833a5c749a683bc738d1fc5d5cead8a394c8e17659f,30383
pbc-get-5ea836cbc4042b2f3710310e,PBC_M2,https://www.pbc.gov.cn/diaochatongjisi/116219/116225/2825336/index.html,200,SUCCESS,2026-09-08T11:07:59.363416Z,d2754bc12b38060afce09fa977db336a4d04f2fb36aa4f3dbefc513e27eed8a7,32243
pbc-get-f7eed07df66ad5732a6635dd,PBC_M2,https://www.pbc.gov.cn/diaochatongjisi/116219/116225/2825397/index.html,200,SUCCESS,2026-09-08T11:08:00.463741Z,06492065fde29476c9c38d10276bec41b75595bb4e592e28cfc6ecd144cd7719,29296
pbc-get-a1a4be1f81643166775ac233,PBC_M2,https://www.pbc.gov.cn/diaochatongjisi/116219/116225/2825572/index.html,200,SUCCESS,2026-09-08T11:08:01.563808Z,50ca27ae043a1c29bd42916bb7a1a26439a1fb48e4890da69ab2ff3be7cd7c14,32099
pbc-get-3eba0270d7c5f1afaf6b5d58,PBC_M2,https://www.pbc.gov.cn/diaochatongjisi/116219/116225/2825646/index.html,200,SUCCESS,2026-09-08T11:08:02.663920Z,6ef0295ce8f3be2046b4e9d043b889ff3b6fd12c9800bcd71a5bd9dce24c9693,26984
pbc-get-1ca41125da780fe4b4d95ddf,PBC_M2,https://www.pbc.gov.cn/diaochatongjisi/116219/116225/2825665/index.html,200,SUCCESS,2026-09-08T11:08:03.764040Z,80578caec23538c04c22c04600073b329d2d187a8f081cf554af797022d488f6,29469
pbc-get-d0910e400db4145178cf85cd,PBC_M2,https://www.pbc.gov.cn/diaochatongjisi/116219/116225/2825855/index.html,200,SUCCESS,2026-09-08T11:08:04.864309Z,e56378d52294ad5ebcbcd9379f6d3fd5441797ab07b2e028f954135588885128,31905
pbc-get-74b496e8fcf716579138dd6d,PBC_M2,https://www.pbc.gov.cn/diaochatongjisi/116219/116225/2826120/index.html,200,SUCCESS,2026-09-08T11:08:05.964379Z,9b6366fa958021b738237e7a00c76fdc5eae5bdff8054d79ffb87872eb158677,28761
pbc-get-9bcc7890590dea9f110bcce7,PBC_M2,https://www.pbc.gov.cn/diaochatongjisi/116219/116225/2826193/index.html,200,SUCCESS,2026-09-08T11:08:07.064450Z,bca2a336f7ebf73899bc4b25fb3223a14690d68d79d3f6e41df98fce7710c296,29229
pbc-get-7bccfff6e81ef0dd20628652,PBC_M2,https://www.pbc.gov.cn/diaochatongjisi/116219/116225/2826372/index.html,200,SUCCESS,2026-09-08T11:08:08.164799Z,67841b0e1fdef684f5b08855cbbbf8e6160b50fa4674803f626f3cbd35fa289e,29092
pbc-get-e2d0c1c3cdb1c2c0257af39c,PBC_M2,https://www.pbc.gov.cn/diaochatongjisi/116219/116225/2826413/index.html,200,SUCCESS,2026-09-08T11:08:09.264934Z,b7509c65726775bede3ff799272265dcc1910c0a995957de8b215c004467d7bb,31310
pbc-get-41a4f57da8fd4ed474911385,PBC_M2,https://www.pbc.gov.cn/diaochatongjisi/116219/116225/2826656/index.html,200,SUCCESS,2026-09-08T11:08:10.365103Z,089184e88ff83bb78ab0fb349e7f528e220edf8ac25ab154b2f4a9b11fcdec55,29157
pbc-get-4e4e4333d855ce34d0bb0c7d,PBC_M2,https://www.pbc.gov.cn/diaochatongjisi/116219/116225/2826723/index.html,200,SUCCESS,2026-09-08T11:08:11.465565Z,24bda15cddd7a1076300a3330d0f6337d2eed0d9f55a36eafaa0ad905a269ec8,29018
pbc-get-15e0edc4e4c31ecf8bde1880,PBC_M2,https://www.pbc.gov.cn/diaochatongjisi/116219/116225/2826961/index.html,200,SUCCESS,2026-09-08T11:08:12.565916Z,c711579c22c39ecb619481b543d36bf43bcc6ec0ed4b8fc25b59176e7c3c1f18,31505
pbc-get-b45bbc7c7dd5312326e29837,PBC_M2,https://www.pbc.gov.cn/diaochatongjisi/116219/116225/2827013/index.html,200,SUCCESS,2026-09-08T11:08:13.666221Z,2aeaab54f1af7cbebd012793ee6d411d1c54ea9196c02d7ad070beb5c9ad4084,32218
pbc-get-0e960f42a249782b7b5fd737,PBC_M2,https://www.pbc.gov.cn/diaochatongjisi/116219/116225/2827101/index.html,200,SUCCESS,2026-09-08T11:08:14.766424Z,259b2cdaef6a4b208bef05b9719dc6ed934391be09566927f6015cf638a0532a,27046
pbc-get-0042f7ccd40df1c5fdfb110f,PBC_M2,https://www.pbc.gov.cn/diaochatongjisi/116219/116225/2841217/index.html,200,SUCCESS,2026-09-08T11:08:15.866727Z,d2acc2a8494d3d451e9f12cacbc8fcc8a88a00721a968f1104d1d85a030b335d,33616
pbc-get-23a6198a0f75322b3d5dadd0,PBC_M2,https://www.pbc.gov.cn/diaochatongjisi/116219/116225/2841671/index.html,200,SUCCESS,2026-09-08T11:08:16.966851Z,bf1b0dfa78607cf4346901bb57aae141e0b327b9690ef133a54b23203c13eb7c,29463
pbc-get-55bbb316010d12844741ef65,PBC_M2,https://www.pbc.gov.cn/diaochatongjisi/116219/116225/2843462/index.html,200,SUCCESS,2026-09-08T11:08:18.067418Z,cb1a3dc6e7626385f7fb24229ad5f12f42ec0fe7415fc5ec04162e51bd0f5fb5,29219
pbc-get-3f5396bf094c149bb20fcc2b,PBC_M2,https://www.pbc.gov.cn/diaochatongjisi/116219/116225/2843694/index.html,200,SUCCESS,2026-09-08T11:08:19.167575Z,7ae5492bfbd03349f8b4d483981c2c1e9f0ae7fb305923643571d5b968a3695d,32212
pbc-get-3846390251a64ff6026fd077,PBC_M2,https://www.pbc.gov.cn/diaochatongjisi/116219/116225/2844015/index.html,200,SUCCESS,2026-09-08T11:08:20.267933Z,04e38e0fe9adc1c2cdfeaec655098c1709dd7cd38a284994dfa0d4a251fc3de3,29203
pbc-get-d98e3c1d6bfe08f6e660b048,PBC_M2,https://www.pbc.gov.cn/diaochatongjisi/116219/116225/2844024/index.html,200,SUCCESS,2026-09-08T11:08:21.368094Z,3145f49eebb7cc612d2595090db348107551df8b91665f787ea322a7586d35cf,29116
pbc-get-617dabc18213e40294dd263b,PBC_M2,https://www.pbc.gov.cn/diaochatongjisi/116219/116225/2844496/index.html,200,SUCCESS,2026-09-08T11:08:22.468475Z,80fcb8b3c84a90c74859e7cbda759d4adbf0b65b7462231ce3d9d1162d4dbc27,35688
pbc-get-d139743bbf3aecdd3ce00054,PBC_M2,https://www.pbc.gov.cn/diaochatongjisi/116219/116225/2844871/index.html,200,SUCCESS,2026-09-08T11:08:23.568897Z,e2fcda8d843b847747e08d9cfcd7372a19864271fa38c85b4e78cb104f159c37,28975
pbc-get-33b2c7009b7f08c77934ca75,PBC_M2,https://www.pbc.gov.cn/diaochatongjisi/116219/116225/2845769/index.html,200,SUCCESS,2026-09-08T11:08:24.669281Z,6621d9e10aafbccc95b1a2fae59acadf4db6d0f397328eb4d6eca78d6b4fa17f,28768
pbc-get-25a9bab44e5aaac1d12ff6df,PBC_M2,https://www.pbc.gov.cn/diaochatongjisi/116219/116225/2846253/index.html,200,SUCCESS,2026-09-08T11:08:25.769506Z,de927ed7e752524913faf420cbc8642e9c8892962f0b86e13147644ef209e29f,32035
pbc-get-3a5ef74bfc30b8e8577b6807,PBC_M2,https://www.pbc.gov.cn/diaochatongjisi/116219/116225/2847240/index.html,200,SUCCESS,2026-09-08T11:08:26.869764Z,4d0ebbe1bef0d332a7d857b813daa29be080f554e76c2002f5b851065dd5efd1,28800
pbc-get-9c4fc461af44ad6da056e3ec,PBC_M2,https://www.pbc.gov.cn/diaochatongjisi/116219/116225/2847729/index.html,200,SUCCESS,2026-09-08T11:08:27.970134Z,0c7ba48741c4a26863cf3e6395d4389685f92e841189502af53917b24ec36466,28877
pbc-get-4291d91ad38842b76305f5af,PBC_M2,https://www.pbc.gov.cn/diaochatongjisi/116219/116225/2848379/index.html,200,SUCCESS,2026-09-08T11:08:29.070513Z,b464111d3773fa8c2074b8e1b1ce8087433dbe5fc7927bb381a20a56c1925422,31678
pbc-get-cd4a29b97d1b5313bb2e73ac,PBC_M2,https://www.pbc.gov.cn/diaochatongjisi/116219/116225/2848848/index.html,200,SUCCESS,2026-09-08T11:08:30.170781Z,a287e787f75104131cedc5fe0bb53e7fdd857991d7dbdb6a7b5f34e0e8b819c2,28587
pbc-get-2f16b3a3d4c7b7fbdb19f1ec,PBC_M2,https://www.pbc.gov.cn/diaochatongjisi/116219/116225/2849207/index.html,200,SUCCESS,2026-09-08T11:08:31.271225Z,484bf40f24bd335826284e009bc6b80cb09bdad2b3a06fb675a05175e0c4b185,28558
pbc-get-c6f456ac39b08392102a4df2,PBC_M2,https://www.pbc.gov.cn/diaochatongjisi/116219/116225/2849747/index.html,200,SUCCESS,2026-09-08T11:08:32.371341Z,0eee1b9262b5e19fa6d06b2bddbb8be971b371b9567397806c906ce736916fb1,29554
pbc-get-754728dde312b16b08bf34c6,PBC_M2,https://www.pbc.gov.cn/diaochatongjisi/116219/116225/2849868/index.html,200,SUCCESS,2026-09-08T11:08:33.471865Z,79d1161ab6b8059be913392cd9b8101421f928c279f01a364c219fec54aae2e9,26735
pbc-get-c106a9effbdf36f54b7cc28d,PBC_M2,https://www.pbc.gov.cn/diaochatongjisi/116219/116225/2850646/index.html,200,SUCCESS,2026-09-08T11:08:34.572022Z,822c0e8248edfbcefeb879d552638e6d6285cfb80cd6dbb3e3d6bb40bfec3dfb,28521
pbc-get-675a3290577b8d4bde9aba3d,PBC_M2,https://www.pbc.gov.cn/diaochatongjisi/116219/116225/2851582/index.html,200,SUCCESS,2026-09-08T11:08:35.672347Z,201cef33c0e1a25bd606baaf8fdc404c331c509921b16fc34bb36433c8feb66b,35433
pbc-get-eb025f8602c9a97f18557d0d,PBC_M2,https://www.pbc.gov.cn/diaochatongjisi/116219/116225/2852456/index.html,200,SUCCESS,2026-09-08T11:08:36.772770Z,128786b9c5ce02153e68945b3664c1e6819574c908e60382b3eed44dbfaba3cf,26488
pbc-get-7c674a171640670d67b3e56a,PBC_M2,https://www.pbc.gov.cn/diaochatongjisi/116219/116225/2854577/index.html,200,SUCCESS,2026-09-08T11:08:37.872951Z,4930daecb930dcee63639b98a8392f1a441949ddda1471500bc69eaa69606ad3,28449
pbc-get-c11d70f2233a7100f13d46b7,PBC_M2,https://www.pbc.gov.cn/diaochatongjisi/116219/116225/2856168/index.html,200,SUCCESS,2026-09-08T11:08:38.973208Z,9bfa715785632c65b7f7427dfcf040cc9b5bb7bb8217c04e1532bcd7397f8205,28683
pbc-get-d321d3877fc460712ba4bb76,PBC_M2,https://www.pbc.gov.cn/diaochatongjisi/116219/116225/2857425/index.html,200,SUCCESS,2026-09-08T11:08:40.073331Z,61d48d44c4e56d00536bfcb7246bd00e261340c700408b3dfc55d72d5d29de84,26500
pbc-get-aa8ad2e980c851f17d0031d7,PBC_M2,https://www.pbc.gov.cn/diaochatongjisi/116219/116225/2858795/index.html,200,SUCCESS,2026-09-08T11:08:41.173617Z,f8ab7138f77b821038de752d10da60ec308e760139324e63fb54e067f999d850,28981
pbc-get-3fb229750b144a8107e78869,PBC_M2,https://www.pbc.gov.cn/diaochatongjisi/116219/116225/2859722/index.html,200,SUCCESS,2026-09-08T11:08:42.273795Z,c4dfe9718e364d9fdc09a05113dca37e689135304a8706d8aa24b8d3f36cc731,31476
pbc-get-c1430533432054b78c1f6fdd,PBC_AFRE_STOCK,https://www.pbc.gov.cn/diaochatongjisi/116219/116225/285df50310154b129191f505414a299b/index.html,200,SUCCESS,2026-09-08T11:08:43.374114Z,5cc2526af804dc2ed5f01345a55edca14c5f76977c54c49b11f1ffc6f47e3fe3,28420
pbc-get-61a622cbf40778659f7c8b42,PBC_M2,https://www.pbc.gov.cn/diaochatongjisi/116219/116225/2860133/index.html,200,SUCCESS,2026-09-08T11:08:44.474654Z,04925d1bb74af9292cc802493ab99e129a82a66f50561a0c5c29e601ef227997,26525
pbc-get-f091ec8063876cb253fcf506,PBC_M2,https://www.pbc.gov.cn/diaochatongjisi/116219/116225/2860583/index.html,200,SUCCESS,2026-09-08T11:08:45.574880Z,f1bb6fd41f0d2949fc23d5c25a71a6b63152a828ce273b40cfceccfbbe43ce63,29620
pbc-get-d2f5b5bbbd109738a3974ed5,PBC_M2,https://www.pbc.gov.cn/diaochatongjisi/116219/116225/2861237/index.html,200,SUCCESS,2026-09-08T11:08:46.675190Z,beadd874465211eca860d56616fb90b049838792dc680a71767f9f687fc0840d,29820
pbc-get-6eb5cf5267dfc5f2ca2c7e9b,PBC_M2,https://www.pbc.gov.cn/diaochatongjisi/116219/116225/2862365/index.html,200,SUCCESS,2026-09-08T11:08:47.775366Z,bf9d2189218b5444db6e836e10d4b6b4299536b69d5a04b87a148761af597cb2,30687
pbc-get-a5c7d223658777e2c99a0902,PBC_M2,https://www.pbc.gov.cn/diaochatongjisi/116219/116225/2863130/index.html,200,SUCCESS,2026-09-08T11:08:48.875587Z,ab3e00a565092e11a9c3db42db7e778f7fded2654599a60512e80932960e30fa,29841
pbc-get-e26a4fc8f36a0c6d7895aec3,PBC_M2,https://www.pbc.gov.cn/diaochatongjisi/116219/116225/2863857/index.html,200,SUCCESS,2026-09-08T11:08:49.975828Z,2167bc1b8706bc3c0a7b1e51f64199fe577ed8e0254e7ed5c16f50a8013dc082,29751
pbc-get-50985629351ce6ef0588c354,PBC_M2,https://www.pbc.gov.cn/diaochatongjisi/116219/116225/2864861/index.html,200,SUCCESS,2026-09-08T11:08:51.076415Z,9afe114591f29e9d7cc85ef9a29c41fd427fcc74ef52db398809ab3af1a9e6bb,29197
pbc-get-5ceabc485133ad9b990fc4a9,PBC_M2,https://www.pbc.gov.cn/diaochatongjisi/116219/116225/2865726/index.html,200,SUCCESS,2026-09-08T11:08:52.176796Z,c1525d14ad66ca4f63a7925f186de7ef5a93ae13dbc9b812e14b1c3bb7c29b77,29094
pbc-get-dc4de19b86c05b6bebfa3dcf,PBC_M2,https://www.pbc.gov.cn/diaochatongjisi/116219/116225/2866317/index.html,200,SUCCESS,2026-09-08T11:08:53.277025Z,caadcd16ae142681b5aa982ac87779866895b859bd69dfbde0a364e86bd54386,26709
pbc-get-403fa4d70982ea158f861a5c,PBC_M2,https://www.pbc.gov.cn/diaochatongjisi/116219/116225/2866778/index.html,200,SUCCESS,2026-09-08T11:08:54.377486Z,aca74673df14d19afc6dc0df10a679ad6c7ea46a0211e04768fc810a1c1c6afa,29663
pbc-get-0d14c281494af5f892523c49,PBC_M2,https://www.pbc.gov.cn/diaochatongjisi/116219/116225/2867166/index.html,200,SUCCESS,2026-09-08T11:08:55.477673Z,21db67d7d2239d312d66f3dfa2246f6b8b0d343388371070660a40c4a9b749f1,29237
pbc-get-df14ae36c78e40d7a71b9f8f,PBC_M2,https://www.pbc.gov.cn/diaochatongjisi/116219/116225/2867742/index.html,200,SUCCESS,2026-09-08T11:08:56.577861Z,c827cadcd345fdcb50fc532a3c3b94ab2cbeb7a619d7d3e78c0efb317e796095,29262
pbc-get-5779d39634b01e0fce4ae68f,PBC_M2,https://www.pbc.gov.cn/diaochatongjisi/116219/116225/2868514/index.html,200,SUCCESS,2026-09-08T11:08:57.678083Z,4c04e58303bdd841d8edb6e7fdc1ecd6dd2911eeb70ef908015658ec1475b882,29713
pbc-get-0333417822f4feb875755dba,PBC_M2,https://www.pbc.gov.cn/diaochatongjisi/116219/116225/2869187/index.html,200,SUCCESS,2026-09-08T11:08:58.778620Z,7a60d4ce28ea4dac8052d869f489020abdc60f15c404be155f405f07ce293937,29246
pbc-get-a9e7982a99b41d3b8bb9186a,PBC_M2,https://www.pbc.gov.cn/diaochatongjisi/116219/116225/2869794/index.html,200,SUCCESS,2026-09-08T11:08:59.878747Z,e874c8963f6f589c9972e0b9f2eb50337a0845d86e4baae0dc3779eaad9ba484,29235
pbc-get-4f3c55abd0a9d1ac639f173d,PBC_M2,https://www.pbc.gov.cn/diaochatongjisi/116219/116225/2870431/index.html,200,SUCCESS,2026-09-08T11:09:00.979048Z,8b1cc93eaaa31f5cd49b79ce326444e4e2b2337bfd40b15e4e9f9fda61f591e5,29760
pbc-get-da6a2e3de69832bb69a06e3e,PBC_M2,https://www.pbc.gov.cn/diaochatongjisi/116219/116225/2873028/index.html,200,SUCCESS,2026-09-08T11:09:02.079765Z,3f12ce79bd7a7e2b58d23da5a642d6d80eb66ffea2f605fb73c2334160855ef1,29773
pbc-get-9c84e5af9d61ef0aed5a02ab,PBC_M2,https://www.pbc.gov.cn/diaochatongjisi/116219/116225/2873804/index.html,200,SUCCESS,2026-09-08T11:09:03.180242Z,9eef0fe263d893f8591743e34f08c2d2bd05ddd2289fc888bdfa9ecc2bb1a7f2,29108
pbc-get-e16884d0b364ee13431ec999,PBC_M2,https://www.pbc.gov.cn/diaochatongjisi/116219/116225/2874087/index.html,200,SUCCESS,2026-09-08T11:09:04.280366Z,8c99aba9c558f4c7e2de251ce6aa8f3de2b0d631cbc429dab4969a9c6ca72f90,31792
pbc-get-dcd009c63a459f94b97ced28,PBC_M2,https://www.pbc.gov.cn/diaochatongjisi/116219/116225/2874714/index.html,200,SUCCESS,2026-09-08T11:09:05.380879Z,bc09826e6f082e2d9d370166beeedf877b1076212ee2aaa53f327a37129af280,29168
pbc-get-4393b82cf9f37666d90cce06,PBC_M2,https://www.pbc.gov.cn/diaochatongjisi/116219/116225/2875395/index.html,200,SUCCESS,2026-09-08T11:09:06.481023Z,9b742f7367200a705a251caa371f5d93c8a5b2372c039e60dbd2fe70b110a0b7,30370
pbc-get-a1c4a82d020947153fa264d2,PBC_M2,https://www.pbc.gov.cn/diaochatongjisi/116219/116225/2876727/index.html,200,SUCCESS,2026-09-08T11:09:07.581332Z,33e96aaaac1b67548603b22071f9834ce5028f54d79c10d3e72fb6c261e9dd54,29204
pbc-get-8d0ba60c319b1e610c3461ca,PBC_M2,https://www.pbc.gov.cn/diaochatongjisi/116219/116225/2877714/index.html,200,SUCCESS,2026-09-08T11:09:08.681417Z,1dd3e5d6be26e61331b642465fa5c30a8da504324a687e821d138726e51154b3,27026
pbc-get-df0a3bb49999251de37410e4,PBC_M2,https://www.pbc.gov.cn/diaochatongjisi/116219/116225/2877744/index.html,200,SUCCESS,2026-09-08T11:09:09.781479Z,77cad0ce8d510eadd5e9b7e8c26e40b7ebe6af22bfe08b10ba58786a5c0d354f,30998
pbc-get-6c3a36ff575f71daf8cc90dd,PBC_M2,https://www.pbc.gov.cn/diaochatongjisi/116219/116225/2877747/index.html,200,SUCCESS,2026-09-08T11:09:10.881643Z,0f22eb69472b0a443cba044367841de8aa6987fd4c126accfc30d4bacbf47d74,30266
pbc-get-c2e5760616ffa65f30f1df25,PBC_M2,https://www.pbc.gov.cn/diaochatongjisi/116219/116225/2878344/index.html,200,SUCCESS,2026-09-08T11:09:11.981751Z,18ee0b6f7b340c3a5eb81a96fa7c0300bfb137103445a3e78e17bfdf636327c3,29326
pbc-get-a4799472cf93ae8b8ff453d1,PBC_M2,https://www.pbc.gov.cn/diaochatongjisi/116219/116225/2878572/index.html,200,SUCCESS,2026-09-08T11:09:13.082170Z,cd8088a3af5cb3c78513135414401985284f6516b16885753b5f087df0bf6f07,29733
pbc-get-a4410cc61bfadfe528120421,PBC_M2,https://www.pbc.gov.cn/diaochatongjisi/116219/116225/2878967/index.html,200,SUCCESS,2026-09-08T11:09:14.182599Z,3232c4d02b28b2b259eb263f7343fbb23cfe72301ae00e83f0f8efa0c31ef83a,31624
pbc-get-016f74e5f71f48f4a8133c0c,PBC_M2,https://www.pbc.gov.cn/diaochatongjisi/116219/116225/2881396/index.html,200,SUCCESS,2026-09-08T11:09:15.282677Z,4ab8ab0cd80d5d61cb2c13abfc5c63532d56e1c2a32c091a2a1803e33e30b5a6,31459
pbc-get-7e7bc5670044945c3f88e1b1,PBC_M2,https://www.pbc.gov.cn/diaochatongjisi/116219/116225/2882622/index.html,200,SUCCESS,2026-09-08T11:09:16.382860Z,2c47de97a9398a4be7ed202d6602181983e0f6164d618d98b705f70cd9643597,33010
pbc-get-786a4670efc1fcad62217c33,PBC_M2,https://www.pbc.gov.cn/diaochatongjisi/116219/116225/2883274/index.html,200,SUCCESS,2026-09-08T11:09:17.483337Z,8a6d0cfa75141feda4ffff9c684b33bb1cb1920210690344cdc5b9a9a7a1b7c6,28515
pbc-get-23495d9f1823ab5632f2cd48,PBC_M2,https://www.pbc.gov.cn/diaochatongjisi/116219/116225/2884179/index.html,200,SUCCESS,2026-09-08T11:09:18.583915Z,b571972c081844468fbb493cde2709a10e8da6dac38b4961e2ab920be81507f1,30756
pbc-get-04dbdb9f12fe264e376ee3fe,PBC_M2,https://www.pbc.gov.cn/diaochatongjisi/116219/116225/2885261/index.html,200,SUCCESS,2026-09-08T11:09:19.683990Z,a9040215c2ce720d3a326532ef92bdfcbe788c08d206997a550ac3402a8366a2,29287
pbc-get-489da463eb30da67237a5ab6,PBC_M2,https://www.pbc.gov.cn/diaochatongjisi/116219/116225/2886118/index.html,200,SUCCESS,2026-09-08T11:09:20.784134Z,152d7fc294a677f0b8b5148f74b21f4abf3cc4f22147d882f21e65a5f551316d,29333
pbc-get-974498773b080b44d38d6135,PBC_M2,https://www.pbc.gov.cn/diaochatongjisi/116219/116225/2886667/index.html,200,SUCCESS,2026-09-08T11:09:21.884581Z,8918e9b7e498106367e20840cb212994f5580ef513de16a2fb872aec588ae761,26708
pbc-get-69dca1a69b9352d117c7a4ff,PBC_M2,https://www.pbc.gov.cn/diaochatongjisi/116219/116225/2887054/index.html,200,SUCCESS,2026-09-08T11:09:22.985001Z,f729333e49d1006e444b894e5baf71261e20bd9af0b2ee11331cdf318621f55f,26733
pbc-get-7c0cd86edb1cff1738410299,PBC_M2,https://www.pbc.gov.cn/diaochatongjisi/116219/116225/2887334/index.html,200,SUCCESS,2026-09-08T11:09:24.085525Z,4b23846aa8f1b1246831146b62a806e79cbd104edb7a9a97a90bf8f9b0e3a4bd,155203
pbc-get-80e208a5d716c354004eaade,PBC_M2,https://www.pbc.gov.cn/diaochatongjisi/116219/116225/2887361/index.html,200,SUCCESS,2026-09-08T11:09:25.185675Z,9d0ddf60ca5ac08b2ca3c4d7cd5e3bc1a347fc63f045b419223647ccf8321696,161461
pbc-get-a9bac0c7686d6ea2a72c3db1,PBC_M2,https://www.pbc.gov.cn/diaochatongjisi/116219/116225/2888833/index.html,200,SUCCESS,2026-09-08T11:09:26.286284Z,bb491fe481c943fc0f3c8a183273d1b9ca5b4d1bb97f08b950ce5172c0f49380,29278
pbc-get-75063ff2e58733e2e8e40c65,PBC_M2,https://www.pbc.gov.cn/diaochatongjisi/116219/116225/2889186/index.html,200,SUCCESS,2026-09-08T11:09:27.386592Z,95294a385de9e4b99fb6a06588e42ee5c6e12bf1da0fdb555590c08f324f1c40,29558
pbc-get-a822ed76fc572f1fe9ee2d46,PBC_M2,https://www.pbc.gov.cn/diaochatongjisi/116219/116225/2889223/index.html,200,SUCCESS,2026-09-08T11:09:28.486952Z,e0bc41586ba76d924d19e95e361efc6a6c2d3d182ea2f3e5611d84d7b2b6acb5,30073
pbc-get-7af59549c6421936f228f58e,PBC_M2,https://www.pbc.gov.cn/diaochatongjisi/116219/116225/2889396/index.html,200,SUCCESS,2026-09-08T11:09:29.587470Z,eb9e9dc82f7402f364d276f0e810b0db08cc83755be625028df758525b1b1366,29695
pbc-get-32562b763ffd05de62aeb097,PBC_M2,https://www.pbc.gov.cn/diaochatongjisi/116219/116225/2889975/index.html,200,SUCCESS,2026-09-08T11:09:30.687781Z,d9fd9095458f2a8fb222c7332a2729d581a5513eaf0d83b0958f5958df5aea9a,29187
pbc-get-9f526785bad5beaa3813cdb6,PBC_M2,https://www.pbc.gov.cn/diaochatongjisi/116219/116225/2890862/index.html,200,SUCCESS,2026-09-08T11:09:31.788006Z,6751cb1d9da83b250f3e5ddd6e7c9c7be7baca1f19e66ffde1a1d6d1bd187da2,29740
pbc-get-5afbedb625ae965160f8a6f9,PBC_M2,https://www.pbc.gov.cn/diaochatongjisi/116219/116225/2890904/index.html,200,SUCCESS,2026-09-08T11:09:32.888641Z,7193282a93e35b6cb1234414ed5c0fba0d0e518cf142e8d706b69a653d03d56c,30128
pbc-get-108cd455992920bd23428fbb,PBC_M2,https://www.pbc.gov.cn/diaochatongjisi/116219/116225/2890967/index.html,200,SUCCESS,2026-09-08T11:09:33.988836Z,ccfb66a5fb52df1b16a3cd5525d29a5f535d635556afdb37fc3bbb28649f5be0,29467
pbc-get-f4ec8b5326bc9a48fef864ca,PBC_M2,https://www.pbc.gov.cn/diaochatongjisi/116219/116225/2891052/index.html,200,SUCCESS,2026-09-08T11:09:35.089421Z,2c43fee1f8d03f17e2349e2e7196650c6724799194e50a7b9f4dbec3ddd46f4b,29822
pbc-get-d5394e8f4983c56254f2b21a,PBC_M2,https://www.pbc.gov.cn/diaochatongjisi/116219/116225/2892632/index.html,200,SUCCESS,2026-09-08T11:09:36.189591Z,aea4aaf4d87717e1553ee1682a2eda92f02c6a062a76c66a33b020dae37139fc,30431
pbc-get-ea9639b74615cdc13bfd7588,PBC_M2,https://www.pbc.gov.cn/diaochatongjisi/116219/116225/2893134/index.html,200,SUCCESS,2026-09-08T11:09:37.289962Z,48bbb0653a1d7f0380125ac49fdb41ff78be69b7ce260088185945081c805487,29794
pbc-get-098da87de0de9684eddce637,PBC_M2,https://www.pbc.gov.cn/diaochatongjisi/116219/116225/2893557/index.html,200,SUCCESS,2026-09-08T11:09:38.390098Z,916e9d102ef654735d8cd28fbd672801d34d39d770123330b067dfc56b1ca744,29106
pbc-get-913f00ad87e6fe7ef882f9c3,PBC_M2,https://www.pbc.gov.cn/diaochatongjisi/116219/116225/2893932/index.html,200,SUCCESS,2026-09-08T11:09:39.490570Z,8ae2787ac22de731f7ff4089bc69e4ecf00658957d867ee332ddbfca4c402953,29398
pbc-get-2a0be0ae71278d504ef0a8a4,PBC_M2,https://www.pbc.gov.cn/diaochatongjisi/116219/116225/2894064/index.html,200,SUCCESS,2026-09-08T11:09:40.590991Z,635d80f313ec700858967af1c79054e7ea74cf4ec83249e3767ff512b9c5ca7a,29602
pbc-get-196b2ac8cebf28f7d5175755,PBC_M2,https://www.pbc.gov.cn/diaochatongjisi/116219/116225/2894555/index.html,200,SUCCESS,2026-09-08T11:09:41.691330Z,9776a8551d796af45b1cd740d9fb584f344fc49e57dc2cbced23654b483f22da,29384
pbc-get-6e3f8b3891a24dadb85e0876,PBC_M2,https://www.pbc.gov.cn/diaochatongjisi/116219/116225/2896271/index.html,200,SUCCESS,2026-09-08T11:09:42.791626Z,c7261628947641549ba747d235055d44d831eb028573a07cbea1e0e8594f7d73,29623
pbc-get-11b80c4ffb98d55f2ddee298,PBC_M2,https://www.pbc.gov.cn/diaochatongjisi/116219/116225/2896816/index.html,200,SUCCESS,2026-09-08T11:09:43.891868Z,8b99efef876f6bcecb03d75245e6495112c1f79ebf30f8028d5329b260f950a6,28977
pbc-get-1dfe91f917fc6397bb26b81f,PBC_M2,https://www.pbc.gov.cn/diaochatongjisi/116219/116225/2898815/index.html,200,SUCCESS,2026-09-08T11:09:44.992041Z,fdee96681a9172ab457b6a1c7633db51107206dc52e4251313662415fe4273f8,29231
pbc-get-9ea476756561efafe4d54d24,PBC_M2,https://www.pbc.gov.cn/diaochatongjisi/116219/116225/2899643/index.html,200,SUCCESS,2026-09-08T11:09:46.092644Z,a520551189aab7407626f5730ada2e3a2024a2e106f2f47c59e2380546e60663,31284
pbc-get-a82e7b248c9504705a83b14f,PBC_AFRE_STOCK,https://www.pbc.gov.cn/diaochatongjisi/116219/116225/2903266/index.html,200,SUCCESS,2026-09-08T11:09:47.193309Z,0ae55144c659b7b3dbe2cce6c789e6a7ab705bad937be2a04a886a7fbbda5565,28608
pbc-get-71290fab7627373681c60767,PBC_AFRE_STOCK,https://www.pbc.gov.cn/diaochatongjisi/116219/116225/2936e6c5389f4d7784611350ba44c952/index.html,200,SUCCESS,2026-09-08T11:09:48.293487Z,71c21dd44be5b1091ad5646ca58a7483192b612e527e2fc691ca3f8a55345001,28583
pbc-get-ecfcd08d0d858fa0553e5e36,PBC_M2,https://www.pbc.gov.cn/diaochatongjisi/116219/116225/2972dbe4d53540e5a9d0b5781c71480d/index.html,200,SUCCESS,2026-09-08T11:09:49.393997Z,910cd3161aa2c0af086e00f820366878366269db4bee55a9064cb5fd8099f95b,41406
pbc-get-c9c157ef8167c77980e4616e,PBC_AFRE_STOCK,https://www.pbc.gov.cn/diaochatongjisi/116219/116225/29d3365dfab04cc0a1e50bf0df41bae4/index.html,200,SUCCESS,2026-09-08T11:09:50.494143Z,42312d6054e2df029dfeeba68c7c60fc4bc45934cb72bdd739c143e1c9f02243,28469
pbc-get-3270d19563d9794827c4826f,PBC_AFRE_STOCK,https://www.pbc.gov.cn/diaochatongjisi/116219/116225/2acc176e18964f72b9884a4ad2460fd1/index.html,200,SUCCESS,2026-09-08T11:09:51.594624Z,0b9141350c71c7845c2809afed75c10a026757c345be6cbb1ea483d5a2accbc1,28636
pbc-get-d275603790e8dac9fdd6fd10,PBC_M2,https://www.pbc.gov.cn/diaochatongjisi/116219/116225/2d8fe4cbe89d4ac5b57580bf88d95bad/index.html,200,SUCCESS,2026-09-08T11:09:52.694910Z,4d66517308abed3efb8457f2130e15940e53b5ff8abcad800b867a9301162557,30121
pbc-get-5a5984a94b9ef8085d5c4304,PBC_M2,https://www.pbc.gov.cn/diaochatongjisi/116219/116225/2e1a6b1acada49c1a209632913dd7372/index.html,200,SUCCESS,2026-09-08T11:09:53.795095Z,5830580e2dafc238bd6a18d7cc5a21fae073a8388ee7b03d860af1e693f4faef,30661
pbc-get-ab0b27fe512742ba70a9f639,PBC_M2,https://www.pbc.gov.cn/diaochatongjisi/116219/116225/2edf6db10c484ffdb80a7ea24103f619/index.html,200,SUCCESS,2026-09-08T11:09:54.895469Z,adab34c990bd947fa0d583054eb97abacbc89e85fd232d26db664cd623be93dc,29802
pbc-get-b12e4847e36e5023f05fa1ba,PBC_AFRE_STOCK,https://www.pbc.gov.cn/diaochatongjisi/116219/116225/305c194d33c5458d9c9f17e8d7e2e130/index.html,200,SUCCESS,2026-09-08T11:09:55.996020Z,f76a54252bee2e6f787ba1c11067a30e02b36a74664ef4e9b837e8c8b7b1d7c1,28447
pbc-get-11e8a4b5d1a490dba87cd4ab,PBC_AFRE_STOCK,https://www.pbc.gov.cn/diaochatongjisi/116219/116225/317e2e301a5e4360bc090aca5c259569/index.html,200,SUCCESS,2026-09-08T11:09:57.096727Z,9d588afc5b1d34f654f6a1347a744099f0861d7cfec8e588cecfe7d945d813fc,28649
pbc-get-fafe1d94f5a9d1725fb860f5,PBC_AFRE_STOCK,https://www.pbc.gov.cn/diaochatongjisi/116219/116225/333c83e9f4ec4c31a87bd517e7dc541b/index.html,200,SUCCESS,2026-09-08T11:09:58.196949Z,a77605544640ff459c7783bdfec401a010cec04f77c0b6c236538af0a24384db,28243
pbc-get-3fb8287ac8e3efcd0c1a4a7c,PBC_M2,https://www.pbc.gov.cn/diaochatongjisi/116219/116225/33ed4f226f484e66a50446175026c639/index.html,200,SUCCESS,2026-09-08T11:09:59.297030Z,633005d7cb86259172bca7fbdf4b19ce00eb676f6b65e06b87b1a7627a8c9038,38159
pbc-get-52f88883d6d043f4693786fe,PBC_AFRE_STOCK,https://www.pbc.gov.cn/diaochatongjisi/116219/116225/35364fe81df54201a42ab417a34a3c70/index.html,200,SUCCESS,2026-09-08T11:10:00.397483Z,31823bc202e6ed3bb797ec654b9d538addddb016f6ecb25221477d8889b4558f,28688
pbc-get-5cbe1ef54c4dec7b3f96e161,PBC_M2,https://www.pbc.gov.cn/diaochatongjisi/116219/116225/356bd109230b48ae9013b790520a3425/index.html,200,SUCCESS,2026-09-08T11:10:01.497736Z,15f13e3181bf3be208a0a40ab43a8f3b4a649e1fd91f100b5ea814e5602b541b,30651
pbc-get-6127a83f920c7e17996b0a92,PBC_AFRE_STOCK,https://www.pbc.gov.cn/diaochatongjisi/116219/116225/35926b6d7ce74eb1a19ec3f5c1ee2301/index.html,200,SUCCESS,2026-09-08T11:10:02.597847Z,844c27a099a0730b0f05804f08f7c26367e3c02315690f7a3bcd2bcc1a4f3ede,28693
pbc-get-fb9357d8ee827e4dc5d5ab5f,PBC_AFRE_STOCK,https://www.pbc.gov.cn/diaochatongjisi/116219/116225/35ec0aa27604417888826e7ff128cc4a/index.html,200,SUCCESS,2026-09-08T11:10:03.698206Z,2a15ffe708dcb4a2afbbe17ee0086029baf18c6d4a59e8e84a91ec9cec8e88ec,28276
pbc-get-185e3a33bd7e67e2e15a2d08,PBC_AFRE_STOCK,https://www.pbc.gov.cn/diaochatongjisi/116219/116225/369d4ffc82a6446ea356b571029c4951/index.html,200,SUCCESS,2026-09-08T11:10:04.798832Z,b9342952e6fb5a82e8e88aa49932b30d95bc7ab6ef04e524475fbd7c0d4a5f05,28451
pbc-get-d64fbf6b3b63356e24cc124f,PBC_AFRE_STOCK,https://www.pbc.gov.cn/diaochatongjisi/116219/116225/36de8c6173514571b91a93ed90b835b1/index.html,200,SUCCESS,2026-09-08T11:10:05.899240Z,53d3a8fc0cbff3131dda98d7f497f56cb2703d6f18d4f60421f43285752f61ed,28659
pbc-get-ec00a02edb8960f9b6beba3b,PBC_M2,https://www.pbc.gov.cn/diaochatongjisi/116219/116225/36f1df21079a43a9aa55ed47470fee39/index.html,200,SUCCESS,2026-09-08T11:10:06.999366Z,bde936cae56fb3398c7113589105325baa47753bcc98b252e19f038c46090014,30345
pbc-get-95f5f8c2cc1c8f65dd387353,PBC_M2,https://www.pbc.gov.cn/diaochatongjisi/116219/116225/370befa3ce2042dfbc414b74f3b397b7/index.html,200,SUCCESS,2026-09-08T11:10:08.099658Z,ff28086af36905bb53420e32bbb3c3e17efaba7ced6c476d0d3a284d81535535,31462
pbc-get-a64d73ee012a28c4bf11c6fe,PBC_AFRE_STOCK,https://www.pbc.gov.cn/diaochatongjisi/116219/116225/38135afa37cc4023b31c0a15c18cd267/index.html,200,SUCCESS,2026-09-08T11:10:09.200023Z,b31dc68b631e5e0f0a93dfd77c521f79ac99f48773ef719c004002b872176c65,28420
pbc-get-dc3c7b1140bfbc1828956545,PBC_M2,https://www.pbc.gov.cn/diaochatongjisi/116219/116225/39c40d9801fe43baad09db4d64a3cc30/index.html,200,SUCCESS,2026-09-08T11:10:10.300398Z,1f81bb6c8c8a7505e17aa4f8cf7efae6420c2e96f15f665d1d160574807b9f55,30100
pbc-get-36d6a7431a675239dca618e2,PBC_AFRE_STOCK,https://www.pbc.gov.cn/diaochatongjisi/116219/116225/3b0bdb22fdbc4f6ab4dfe3e3a027e4ad/index.html,200,SUCCESS,2026-09-08T11:10:11.400690Z,9eab3eff1a97fba708413bf472c3e84947f558fed46371f69f7c81e954c60d1c,39767
pbc-get-4ebf019f76b3e3ada4b19e24,PBC_AFRE_STOCK,https://www.pbc.gov.cn/diaochatongjisi/116219/116225/3b2fd71aa3494f4aaa180bf4d8db9e14/index.html,200,SUCCESS,2026-09-08T11:10:12.500936Z,5f725e0692ba7416b374c92eb7622279ec2e6911b71869820ee3bd2059f7c303,28809
pbc-get-7ae469479406c06c1c50f320,PBC_M2,https://www.pbc.gov.cn/diaochatongjisi/116219/116225/3c2f9ef3241c41d08397b3b59249a315/index.html,200,SUCCESS,2026-09-08T11:10:13.601426Z,e45f590a2dd7de5ae71fa387681314e619a3e714706c407ced574033b5c0340a,29834
pbc-get-18384f0aa2118b527cb1fd3d,PBC_AFRE_STOCK,https://www.pbc.gov.cn/diaochatongjisi/116219/116225/40e6760d99b14faabdba2710c5661e5f/index.html,200,SUCCESS,2026-09-08T11:10:14.701653Z,cff43884b1f9a12e68c8d7d771ed847d9ce5783878def911fcebec5bf6dd8047,37258
pbc-get-58359cac3b5cdc7c307018da,PBC_M2,https://www.pbc.gov.cn/diaochatongjisi/116219/116225/41425ee3179143a29c4656e31b6df3d8/index.html,200,SUCCESS,2026-09-08T11:10:15.802110Z,6a73b31453129d53f6aedaa6fc11c78e856904665fa7f275367a9530d0ce30f8,38553
pbc-get-6ea1b0cb52ffe4807eeea94d,PBC_AFRE_STOCK,https://www.pbc.gov.cn/diaochatongjisi/116219/116225/4405816f165642d8b7d9ece44ea6f88a/index.html,200,SUCCESS,2026-09-08T11:10:16.902346Z,b137eea74d9a9ebd2607953359693a83fc1f36b9bcb649cad56f49012e3fece6,28277
pbc-get-c98b3389815a37e07631552b,PBC_AFRE_STOCK,https://www.pbc.gov.cn/diaochatongjisi/116219/116225/4559dc18c87b4b88b779001dfb2218d8/index.html,200,SUCCESS,2026-09-08T11:10:18.002850Z,2bb3e8ae863b5ee01d5c1edecc55ce8e9637bf6c130edd77e98208b2162e812a,28463
pbc-get-022514cb4049331fb4ff197a,PBC_AFRE_STOCK,https://www.pbc.gov.cn/diaochatongjisi/116219/116225/46f1dae80c5b4452bc4d2a5e12cfd525/index.html,200,SUCCESS,2026-09-08T11:10:19.103551Z,39e5912b98dd0a5b20968dc0d7a04d853db0a0a5843da92b6c8da29b9e991550,28778
pbc-get-19b6a6d5e033e32386069c24,PBC_M2,https://www.pbc.gov.cn/diaochatongjisi/116219/116225/4818fd3dab79452b88397496fdd6798f/index.html,200,SUCCESS,2026-09-08T11:10:20.203789Z,1ca1b6f667428f56df73725d7be6b20decd4bac92646739d208d3f52765229d9,31038
pbc-get-ae0d963227995423cf76e53a,PBC_AFRE_STOCK,https://www.pbc.gov.cn/diaochatongjisi/116219/116225/48644aae3c7f4bf8b5a44190a7c05b86/index.html,200,SUCCESS,2026-09-08T11:10:21.303982Z,f56555730912d3ef448cce9e96d2a63a49e1e5f116c314c11aeec1245b59a3c8,28520
pbc-get-b9dea19997be3c48fb826967,PBC_AFRE_STOCK,https://www.pbc.gov.cn/diaochatongjisi/116219/116225/4984d0332dfa4db080058c355a3d8c8e/index.html,200,SUCCESS,2026-09-08T11:10:22.404409Z,d1a2adf6fcf627b298f30915045cdb115d8d8b546cc8c5a6e19b9fe6e0e3e7a6,28817
pbc-get-a6e6664c3ed687cf13f80114,PBC_M2,https://www.pbc.gov.cn/diaochatongjisi/116219/116225/49c49e1c0f3945a58821af20b1d49e7b/index.html,200,SUCCESS,2026-09-08T11:10:23.504886Z,7db976d4b2f63bd6f6ab30890f2d0400dc1f5fb42169a1ac3d7716514146935a,29806
pbc-get-949abad305b8e3fc85e7e82f,PBC_AFRE_STOCK,https://www.pbc.gov.cn/diaochatongjisi/116219/116225/4b1928b179cc44e59677e29e95f3d095/index.html,200,SUCCESS,2026-09-08T11:10:24.605369Z,9c92885811f41861f4a5ae4f720a1b3490d2ce21896e6a789b830fb16f6f217e,28806
pbc-get-47655357e151bfce559b15e4,PBC_AFRE_STOCK,https://www.pbc.gov.cn/diaochatongjisi/116219/116225/4ba7e89d8ad3410bbca2b073f0d060f5/index.html,200,SUCCESS,2026-09-08T11:10:25.705641Z,ae1619699183afe6f79b4f96261c4e5a66cbbcb0ad19f262e32d8838d2185da7,28423
pbc-get-1d0c0e3ba3d73ca7d1eadf12,PBC_M2,https://www.pbc.gov.cn/diaochatongjisi/116219/116225/4e38e25701764e6f93623ccd43e02824/index.html,200,SUCCESS,2026-09-08T11:10:26.806078Z,1ffb0c96e0ff27c617bee84d4156b452a0f5cca6a039361d36aca5bb7ab4b71c,30465
pbc-get-c7ec7cab15adbfa388b070e1,PBC_M2,https://www.pbc.gov.cn/diaochatongjisi/116219/116225/4eb6a532bbe14e14924f09dac64d6d0e/index.html,200,SUCCESS,2026-09-08T11:10:27.906651Z,4ea50933a26bddb163d6f47fc5b372768575b647015ee3060deed0073746de2b,30467
pbc-get-e0326cb4cbf905020562937b,PBC_M2,https://www.pbc.gov.cn/diaochatongjisi/116219/116225/501826c9a0dc430ea4e6727161b9ec3c/index.html,200,SUCCESS,2026-09-08T11:10:29.006962Z,29be667a4dc823672af03c05a56c1dbd4a2b89930f716245d4e6f89e83ed4ebd,29832
pbc-get-5883503d3056eaac4f645330,PBC_M2,https://www.pbc.gov.cn/diaochatongjisi/116219/116225/532709cd6dc346c6abd925556437511d/index.html,200,SUCCESS,2026-09-08T11:10:30.107186Z,78235b37d49da0de67b734c2f4bde85f6f52b5da309849a793866206b2c7a9e9,38248
pbc-get-02228978ca1528b709ab9840,PBC_M2,https://www.pbc.gov.cn/diaochatongjisi/116219/116225/53bf0dee2dde44bc92ad9fc15a66f5f7/index.html,200,SUCCESS,2026-09-08T11:10:31.207618Z,02202138950e691ef71ce8becb3bf3a062dab9f4c3673838ffba23538d7db3d0,30471
pbc-get-891f617d261579bc8159ac29,PBC_AFRE_STOCK,https://www.pbc.gov.cn/diaochatongjisi/116219/116225/54aa3f53ef374d53a4ad4f86753ab3b0/index.html,200,SUCCESS,2026-09-08T11:10:32.308142Z,b049e5b3cfd37f0adf730ced8a6aa728e2ca045aa744a8a2a6c4caf93ab5b423,28018
pbc-get-97ec11a2de8fc595326f2845,PBC_M2,https://www.pbc.gov.cn/diaochatongjisi/116219/116225/565787bbb7074e018bdee0080de52024/index.html,200,SUCCESS,2026-09-08T11:10:33.408398Z,978f23e2ad659b46c7e3eebff16f752ef2eacf09f01cea9a33812a54e18dadbf,30454
pbc-get-212e0d8757e27953bcde457d,PBC_M2,https://www.pbc.gov.cn/diaochatongjisi/116219/116225/568387ff70be457590732b5e044f8e18/index.html,200,SUCCESS,2026-09-08T11:10:34.508837Z,6061c0028cace705425b7b0d7b7f0075aca4e5e0ddc95042bb049367b2120ca1,37841
pbc-get-81596cf1492167a214ba48ae,PBC_M2,https://www.pbc.gov.cn/diaochatongjisi/116219/116225/56bb60fda9174fbc80cf77211059ee44/index.html,200,SUCCESS,2026-09-08T11:10:35.608934Z,182ab4b3fc7f62669efeea44c84a06579c21d0e9dde836ff6feef0449eb60d3d,29880
pbc-get-e2bbf21fe2fbabd3425ea424,PBC_M2,https://www.pbc.gov.cn/diaochatongjisi/116219/116225/588b2401df5344f68b78d51b7396d743/index.html,200,SUCCESS,2026-09-08T11:10:36.708986Z,806c03f7d9facde119c76b299408b7f5ee6ae537f9f36d778ecee2ac930b1ee0,37547
pbc-get-9a71cf490ea577b013d0fb7a,PBC_M2,https://www.pbc.gov.cn/diaochatongjisi/116219/116225/5a92528343084e38907dd50681ed571d/index.html,200,SUCCESS,2026-09-08T11:10:37.809421Z,81961b439beecd66d7dd503f47fa0f52ee1acd03d070bccbcd183a99b70c36be,29884
pbc-get-f60fa9adc8b81da7cbbb7ae0,PBC_M2,https://www.pbc.gov.cn/diaochatongjisi/116219/116225/5b38d6d862a8427fb2fc3f26a32782eb/index.html,200,SUCCESS,2026-09-08T11:10:38.909541Z,c56d3510b5faa62e8cf60578d1ac335630aa4f4addedbb252a084234b0c3fad8,30335
pbc-get-f393710d3b593c5e2799c6e5,PBC_AFRE_STOCK,https://www.pbc.gov.cn/diaochatongjisi/116219/116225/5b94798c99f34e6d9cf5f00a662288ff/index.html,200,SUCCESS,2026-09-08T11:10:40.009848Z,1bfec3dd7c4a88de81773a79a0449bfdb55a03faa363ce8a3b799bf84cce3cbb,28827
pbc-get-2656f46a4b11f028838318ce,PBC_AFRE_STOCK,https://www.pbc.gov.cn/diaochatongjisi/116219/116225/5cfb772209e24a818f816b5a4301d2f8/index.html,200,SUCCESS,2026-09-08T11:10:41.110215Z,c5823ec73c8a2fd82f0ab7755be06efe229b7bfc6ffce2a20f45598e6fc0faea,28452
pbc-get-5fddbb78342e942dda79811b,PBC_AFRE_STOCK,https://www.pbc.gov.cn/diaochatongjisi/116219/116225/5dc0e2cd02a44d65a66956de35df38d2/index.html,200,SUCCESS,2026-09-08T11:10:42.210699Z,0ef1002641631790dbbcba5303f793a3cebffb014a28ac3afbc6f6c88dcacc76,28446
pbc-get-1ad10ddf9db843007626bb46,PBC_M2,https://www.pbc.gov.cn/diaochatongjisi/116219/116225/5e5f733aaa0f44228c7a1aa1d807871d/index.html,200,SUCCESS,2026-09-08T11:10:43.311255Z,10aed68ddec3a0e78def8f85dd8add2ed004d02f3fef2821b3240aad91f8f840,30455
pbc-get-d955fcd69fe0891b6a5e7093,PBC_M2,https://www.pbc.gov.cn/diaochatongjisi/116219/116225/5e836772302043d99354efa62c01029d/index.html,200,SUCCESS,2026-09-08T11:10:44.411671Z,de360412abe85b7c6ec3b39f0236b713afbb5c91f1d3210e5fb9fe4a8d7814a2,38588
pbc-get-df9c2a31141c169e8b9c4a78,PBC_M2,https://www.pbc.gov.cn/diaochatongjisi/116219/116225/5fb867cbec1b4772b8f6f98b5d0ede52/index.html,200,SUCCESS,2026-09-08T11:10:45.512300Z,2e77920bd183a9099e0939cb011ac3d9a09924be1fdc06add914a18e258db264,38697
pbc-get-0d3f9dd28fb79c7a6a85dd7b,PBC_AFRE_STOCK,https://www.pbc.gov.cn/diaochatongjisi/116219/116225/5fe98a9deabd41e6a3e5e25896965984/index.html,200,SUCCESS,2026-09-08T11:10:46.612444Z,9f06e5af37c8fb1edddc8d0e55b95d5419076a1d2b9316e6b95aaebd9af8beb5,28476
pbc-get-684bd9b42e58c0eddba6ba25,PBC_M2,https://www.pbc.gov.cn/diaochatongjisi/116219/116225/60a7ef6a806541ad96758ac95370721e/index.html,200,SUCCESS,2026-09-08T11:10:47.712956Z,ba152790ad3189cb790a7d8795df5b24926a017314125f3f9a6d9d277e566452,30475
pbc-get-50b199d444055eedbc1ef40a,PBC_AFRE_STOCK,https://www.pbc.gov.cn/diaochatongjisi/116219/116225/60bac57f949f4c0c8dc94b32f8239b0e/index.html,200,SUCCESS,2026-09-08T11:10:48.813358Z,163d8fc859030f036fe9d7c5893c38fbfa6bbabafea97aba8856be2ed7b86c40,28882
pbc-get-5db0a2b08e3e52485a4963ab,PBC_AFRE_STOCK,https://www.pbc.gov.cn/diaochatongjisi/116219/116225/613be1352bf744c88d77bddcc4bc79d0/index.html,200,SUCCESS,2026-09-08T11:10:49.913669Z,fe7f16f846e678e0097b2b093b1669540a4fb55e8369259c767452c234719481,28842
pbc-get-970920a5bea8120ba3881806,PBC_M2,https://www.pbc.gov.cn/diaochatongjisi/116219/116225/65f03fdfd3e848079dc5744d3e350433/index.html,200,SUCCESS,2026-09-08T11:10:51.013954Z,8ba813ca0b85db8a4f05134e179c2544a366fdf68a1df92b34ad1bc164c2543f,29801
pbc-get-06ad6dd3e2d6996187db183a,PBC_AFRE_STOCK,https://www.pbc.gov.cn/diaochatongjisi/116219/116225/680259d2f51442f9b09def97aac9b4d5/index.html,200,SUCCESS,2026-09-08T11:10:52.114283Z,99337c84497f22efe5da9bb57012814fd23d1b143e31d0c27c119b105b164eba,28820
pbc-get-c069e12f1ab1cf88c831740a,PBC_AFRE_STOCK,https://www.pbc.gov.cn/diaochatongjisi/116219/116225/689a13d5f84c4df3bc699dccea575190/index.html,200,SUCCESS,2026-09-08T11:10:53.214609Z,ff81cea0b4c7609ca406488dfcdd0825a186c3649b88ab4066c0e8d77e52f34d,28851
pbc-get-5899beff676d400e3d95c041,PBC_AFRE_STOCK,https://www.pbc.gov.cn/diaochatongjisi/116219/116225/6a396a524e194b28a4ac26e43bab72f4/index.html,200,SUCCESS,2026-09-08T11:10:54.315051Z,ccb26eed725a565203ce8c277103a326f891c9ce01d20d1a35aa245967aef905,28831
pbc-get-bb660bf5fe8ca2616a0df9cd,PBC_M2,https://www.pbc.gov.cn/diaochatongjisi/116219/116225/6a9d1d8c3460445bb190bff0d58e4484/index.html,200,SUCCESS,2026-09-08T11:10:55.415590Z,5beb398f6e37c20312003b6fb85f914d90c3a390d769e90e8161914d245c465a,38519
pbc-get-e423465ff0601a2e5af44026,PBC_M2,https://www.pbc.gov.cn/diaochatongjisi/116219/116225/6ad95be1e9524d7f857544a295f07c82/index.html,200,SUCCESS,2026-09-08T11:10:56.516126Z,6505e539411477fed090c4cfe0935f55aa8417126211bc21663af1f68f2f2cd6,29770
pbc-get-2e27d1614b5ee0efc3c07100,PBC_AFRE_STOCK,https://www.pbc.gov.cn/diaochatongjisi/116219/116225/6bcffbb8a7ab48cba539485196d0f8eb/index.html,200,SUCCESS,2026-09-08T11:10:57.616477Z,aeaba667ec8c8203d85155fdae3cc1bdee27cbe38f656c71c168ff73af1fa607,28483
pbc-get-df920ed30f57f26ce687bcf7,PBC_M2,https://www.pbc.gov.cn/diaochatongjisi/116219/116225/6bfd794fa2a0407d9a1dbddb6fa3f77f/index.html,200,SUCCESS,2026-09-08T11:10:58.716621Z,5ef05d405e9a4e6af58c98389360912d0087e57d5cf1d1afa0fbfe013070a6ab,38555
pbc-get-bc01fccec7b34f5e4bb94fb9,PBC_M2,https://www.pbc.gov.cn/diaochatongjisi/116219/116225/6c4d7eb51e044d8692eda435db7c8607/index.html,200,SUCCESS,2026-09-08T11:10:59.816811Z,81162599b1809a080c14bb4d1374b501506fbca7e0cf1c07942ce786d9e7bc3c,31744
pbc-get-72647ad4a5ce1db158566987,PBC_AFRE_STOCK,https://www.pbc.gov.cn/diaochatongjisi/116219/116225/6c813ffa481e407bb7a42052cedb0dd4/index.html,200,SUCCESS,2026-09-08T11:11:00.916893Z,f50bb562997a214916de1b227edb19c81f1821ef609fc5aa96d5c116c0fe32f6,28471
pbc-get-acb099478163e97614455106,PBC_AFRE_STOCK,https://www.pbc.gov.cn/diaochatongjisi/116219/116225/6d70b1096aa4406d9d4a1b06c4b9436b/index.html,200,SUCCESS,2026-09-08T11:11:02.017431Z,f18198bb90d1b6fe9af89eb55b171040059a9b97864e702a6bf230d73e562d2d,28287
pbc-get-c208fb504907c42169d0d1f3,PBC_M2,https://www.pbc.gov.cn/diaochatongjisi/116219/116225/6dfb6fe26fd54d899c70f0f6c1ed48ea/index.html,200,SUCCESS,2026-09-08T11:11:03.117964Z,9e41c3a2ef037d5502435b65f310e800a00460fa7d013abadda1d6957e01421d,30889
pbc-get-fd0c23c0afe8cc8585702291,PBC_M2,https://www.pbc.gov.cn/diaochatongjisi/116219/116225/6fe260e946354c69b176d7084eea7796/index.html,200,SUCCESS,2026-09-08T11:11:04.218203Z,4eeb538e9faca3a492972a54765c4228e435cd36bb0e3215b4226becfb99fab5,30449
pbc-get-4fee51616350bde250038598,PBC_AFRE_STOCK,https://www.pbc.gov.cn/diaochatongjisi/116219/116225/708d5dd012744ead95a53fe8c58cacbd/index.html,200,SUCCESS,2026-09-08T11:11:05.318587Z,5783115ccd4f81c5d477ed11cdf53315b9abfb1f7379ecbb6c9065f8a559e98b,28830
pbc-get-c11def13c65f08c8a52e5ff9,PBC_M2,https://www.pbc.gov.cn/diaochatongjisi/116219/116225/72cffad8b2fa4a3898c88321bfe06908/index.html,200,SUCCESS,2026-09-08T11:11:06.419087Z,b8beae96cb384a919f8171a2c4258938fe2897ad8c43207e16c191e6e3fb28b4,30272
pbc-get-0d5fcc981b09424a1e40fbff,PBC_M2,https://www.pbc.gov.cn/diaochatongjisi/116219/116225/738510df8fe148b2b6b0569182dbb5f0/index.html,200,SUCCESS,2026-09-08T11:11:07.519384Z,d5328c9c70ee89c34e0ca8dda9367f17e9544718b4b9cb0fd0d85b9d76826158,29796
pbc-get-af8fa0209041db7f1224f86d,PBC_M2,https://www.pbc.gov.cn/diaochatongjisi/116219/116225/755eb247554443c3aea852f0f11546a2/index.html,200,SUCCESS,2026-09-08T11:11:08.619596Z,6bfbeab346d36b1823018407f581e675c6b9845afe4dc03a98a273771d93aa43,37904
pbc-get-044d85f96d96d12cab36e186,PBC_M2,https://www.pbc.gov.cn/diaochatongjisi/116219/116225/75695387a18c4cde885fc539a229eeb6/index.html,200,SUCCESS,2026-09-08T11:11:09.719789Z,f105d00fe4aaa3bd72e5022d5cef1d087e1eab496bde7e28a85b01954edf6036,29861
pbc-get-bae6204f66cb1865ff608e94,PBC_AFRE_STOCK,https://www.pbc.gov.cn/diaochatongjisi/116219/116225/76c1bf5d8c034cceb7be29f5fb3083e8/index.html,200,SUCCESS,2026-09-08T11:11:10.819900Z,9bd0a33bc662b2d9b9914a17ddc4d308eda0153ed513158b948764b984aaa941,28661
pbc-get-689ca73283a61a99d750c157,PBC_M2,https://www.pbc.gov.cn/diaochatongjisi/116219/116225/78851d4253ca4d19897561bd76da04cf/index.html,200,SUCCESS,2026-09-08T11:11:11.920141Z,86bdd00571d66620acaafbd408cf8cf4de8ceeb2a1ef820969fcc090974ba27f,29773
pbc-get-38df339913df8f10d469c0db,PBC_M2,https://www.pbc.gov.cn/diaochatongjisi/116219/116225/79a87e151d864ee6925342d92eaedd7e/index.html,200,SUCCESS,2026-09-08T11:11:13.020747Z,b1298c31908c6b28fabdaf78c278cef34bfb0c05dda38ce0f43f29e4046904d4,29918
pbc-get-5cb920c84a7d658ceac02acc,PBC_M2,https://www.pbc.gov.cn/diaochatongjisi/116219/116225/7bdaf576415141cb8e6ff35588ef4e32/index.html,200,SUCCESS,2026-09-08T11:11:14.120872Z,edc5fee71b3f2e5ed43e1d72f0c3bb3417ca63a1ec3cff8193029cf0c5e035bd,30629
pbc-get-cfd93b78215fafa827fa692b,PBC_AFRE_STOCK,https://www.pbc.gov.cn/diaochatongjisi/116219/116225/7be14de703d74d1f93f6367c9fc126f8/index.html,200,SUCCESS,2026-09-08T11:11:15.221043Z,1cb27067df25d2e6317b19ea6f21bfbcb15cb4f1e7064ad5b69b090831c8564e,28672
pbc-get-75c63a2331848c9528654113,PBC_M2,https://www.pbc.gov.cn/diaochatongjisi/116219/116225/7d686194c5ac49f185ae51c92a1aa5d1/index.html,200,SUCCESS,2026-09-08T11:11:16.321471Z,7d4dbc58f7dd100aedccab12a02a8ab4378eaf75c124cb00bac40a3ba5999397,30150
pbc-get-c403818fe7db82178b64ce05,PBC_AFRE_STOCK,https://www.pbc.gov.cn/diaochatongjisi/116219/116225/7e0ce181fc7546298ea86962de93f0c5/index.html,200,SUCCESS,2026-09-08T11:11:17.422005Z,ae46942cdb4202d6ddf9701de3daac36f91220c61b3208a1325f97dff3f0cd0c,28794
pbc-get-f31ade9534fb66beb12a712b,PBC_M2,https://www.pbc.gov.cn/diaochatongjisi/116219/116225/7edf9df774a54075bbe1ee1a2668d2de/index.html,200,SUCCESS,2026-09-08T11:11:18.522089Z,2432fd056177f62b075098145169fa5c80915ccc57191761354e4c8db3e268a5,30502
pbc-get-eb0a7611f075a286366cf4a0,PBC_AFRE_STOCK,https://www.pbc.gov.cn/diaochatongjisi/116219/116225/813af3681d0845dca48501981a5463e7/index.html,200,SUCCESS,2026-09-08T11:11:19.622313Z,907236cbe8096e953f50ea22be651df17d117c2b849cdbb417b09e2d1de72d81,28664
pbc-get-ccc6a644ba15b89c1ff5e6bc,PBC_M2,https://www.pbc.gov.cn/diaochatongjisi/116219/116225/82d281896ed54b3f8df03a039330b997/index.html,200,SUCCESS,2026-09-08T11:11:20.722394Z,2250b10b01cea26c421fe9e220b10df3793469f073755d9a022e874d56121297,30503
pbc-get-c37f4f60b3550996ca42b7db,PBC_M2,https://www.pbc.gov.cn/diaochatongjisi/116219/116225/8393556d383747a3bc6ad513618ae523/index.html,200,SUCCESS,2026-09-08T11:11:21.822762Z,bdc8ad4a48e35e8d3d2d9eba9596a7223f7574fd7447b76d64d587becbf67425,37862
pbc-get-cc872e7053891bb7a408a0fd,PBC_M2,https://www.pbc.gov.cn/diaochatongjisi/116219/116225/84e4f6fb07564c45801554e8b8bedd17/index.html,200,SUCCESS,2026-09-08T11:11:22.922968Z,6785d942e64f5da0cdbaf4a098a8684c00a41ac7a269a1871030a12458416bc3,29874
pbc-get-de024ec7618bcb0b34f27fd8,PBC_M2,https://www.pbc.gov.cn/diaochatongjisi/116219/116225/8547a25bf7384b908b4679dd352cee24/index.html,200,SUCCESS,2026-09-08T11:11:24.023548Z,f6b9871154561655045929e64b49ab32d969eac722b332ad28f642566a75d367,29882
pbc-get-417468fdb46c0862fd17062f,PBC_M2,https://www.pbc.gov.cn/diaochatongjisi/116219/116225/85720f7f8a494fdebbaa559d4a8ecee7/index.html,200,SUCCESS,2026-09-08T11:11:25.123633Z,b4e6c8b8d1ca4a6546df0711505409be9ab7194c05ae95999762b8f3b2dee5df,29858
pbc-get-0809d4dff4d562b3712b1edf,PBC_M2,https://www.pbc.gov.cn/diaochatongjisi/116219/116225/872aa7e9309d457ebc320681dac0b60b/index.html,200,SUCCESS,2026-09-08T11:11:26.223757Z,cc64f07793f153021b57c1447f8617d5ce9a929b19318185db42f6ddedd7e53a,30914
pbc-get-102ff46bbfd46f7c92787341,PBC_M2,https://www.pbc.gov.cn/diaochatongjisi/116219/116225/88fe2f6caa7d46e8ba029def777c7831/index.html,200,SUCCESS,2026-09-08T11:11:27.323853Z,e61f59508c264b023ebe26eb07cbd7dbd71e51e7ef3006a94e84ffedc12d628e,37870
pbc-get-234fd957d894f1ab0a3ea475,PBC_M2,https://www.pbc.gov.cn/diaochatongjisi/116219/116225/8980a8a6f1414f649d3443cc09352c2b/index.html,200,SUCCESS,2026-09-08T11:11:28.424225Z,8658c76f6a2746ed12f3c570f5250bbabef62ba180ff042f336d3241f94be03b,38553
pbc-get-3bf84c947a55be01bc59e991,PBC_M2,https://www.pbc.gov.cn/diaochatongjisi/116219/116225/89a04f538b414573a827dd0666294e69/index.html,200,SUCCESS,2026-09-08T11:11:29.524603Z,f8f203d70a57566ad11f64f849a602a5f669835c1fe21663a74d4aa76eb393ba,29977
pbc-get-bb11cb58cbfe9fcf75681645,PBC_AFRE_STOCK,https://www.pbc.gov.cn/diaochatongjisi/116219/116225/89db4014b9124a19ab1000dca42d3889/index.html,200,SUCCESS,2026-09-08T11:11:30.624676Z,10ae19a123857bffc1e369a9d306b630a0350d387dfdea94643c823221dcc4bd,28863
pbc-get-ea8a94dcfa7b18a5c893a633,PBC_AFRE_STOCK,https://www.pbc.gov.cn/diaochatongjisi/116219/116225/8c86d4d42f4649fab6b8087f5f8ae74b/index.html,200,SUCCESS,2026-09-08T11:11:31.725051Z,596508c23fda00057798363c9efa297286e67aa35707a37b2ba8a511f8a99326,28475
pbc-get-828ed1f8b20088a0baea8906,PBC_AFRE_STOCK,https://www.pbc.gov.cn/diaochatongjisi/116219/116225/8e5312084c0040a2b8dadae2badf1e63/index.html,200,SUCCESS,2026-09-08T11:11:32.825525Z,e6e0ce4d3df7964e87da5dddfb14c2928889bb709b53f868b6522cf7f2229159,28513
pbc-get-efc053b6232f78630fd00c35,PBC_AFRE_STOCK,https://www.pbc.gov.cn/diaochatongjisi/116219/116225/8fa958b90e6644ef8f209316f9665174/index.html,200,SUCCESS,2026-09-08T11:11:33.925695Z,d08a55adb09aed9d020062c703b3d05f489407a2657dacc928d9d162dee83ccc,28465
pbc-get-7b552db47e839d3009b33713,PBC_M2,https://www.pbc.gov.cn/diaochatongjisi/116219/116225/917804053156427bb9761665610bd953/index.html,200,SUCCESS,2026-09-08T11:11:35.025903Z,9767de32af178d417114873fa0f10c9de31a3f2b228e1cb24627080d7ab3235c,30516
pbc-get-c9f32923fb415fbc61f68ea7,PBC_M2,https://www.pbc.gov.cn/diaochatongjisi/116219/116225/92d0ec2dadd140219750ffd27571ca1a/index.html,200,SUCCESS,2026-09-08T11:11:36.126389Z,8c7fa06c588887b088a8b82c254e112744f8c3f7058061bc08f5fa156bc3f2e6,38387
pbc-get-39a6c18a685a972897ceabc5,PBC_AFRE_STOCK,https://www.pbc.gov.cn/diaochatongjisi/116219/116225/94d2511fc57f4ed3a78c85083848e393/index.html,200,SUCCESS,2026-09-08T11:11:37.226837Z,c2d5174c88f38fef295443124356db82bc77914eb25e37e625ad1d69f5a68b13,28089
pbc-get-57792863d5f03d6475a78d6a,PBC_AFRE_STOCK,https://www.pbc.gov.cn/diaochatongjisi/116219/116225/94f3fe524bc44b0895d5aad5cb93b602/index.html,200,SUCCESS,2026-09-08T11:11:38.327160Z,de67878eb82d4c286f25e89bf5254ab650e149035b60b2fbcafd484e5da20922,28656
pbc-get-3494b8e2309361510f8354bf,PBC_AFRE_STOCK,https://www.pbc.gov.cn/diaochatongjisi/116219/116225/9526cc10ab124976b60f79c65ed8b1d5/index.html,200,SUCCESS,2026-09-08T11:11:39.427394Z,44f4d15248f1445ce1928c4cb366606b5a698f1560ca52858a81c09351966ca3,28837
pbc-get-6c32cb197bfb58ae8ff7ab54,PBC_M2,https://www.pbc.gov.cn/diaochatongjisi/116219/116225/97765ac732da497b842c87a46b880718/index.html,200,SUCCESS,2026-09-08T11:11:40.527795Z,4abd4b51f226d68b6cfd166664f6ff09fcbd85e6a9211544b8a522f5acde4160,30814
pbc-get-ef54ca5015252f49dcde07f1,PBC_M2,https://www.pbc.gov.cn/diaochatongjisi/116219/116225/99867bfaedbb47c9bd96e0c8f183d638/index.html,200,SUCCESS,2026-09-08T11:11:41.627978Z,4e1743eb9737936120dae999d6b311e6a398be042e6d545d068439e1bb3db9c8,29858
pbc-get-d0dea76f8e0ac6ef4c41a0a4,PBC_AFRE_STOCK,https://www.pbc.gov.cn/diaochatongjisi/116219/116225/9b464214288743c39453eb0667a576ca/index.html,200,SUCCESS,2026-09-08T11:11:42.728401Z,b49b38a92977cfa96439f083e3d0b1486a0025c3ec01b902eefa8dc55c3af42d,28821
pbc-get-9b6fd0f4b9fd7f56cbb1754a,PBC_M2,https://www.pbc.gov.cn/diaochatongjisi/116219/116225/9c32c734b7b747f6a50fa698a8b17def/index.html,200,SUCCESS,2026-09-08T11:11:43.828755Z,e0220a5e96c8e5fd6be4ee225e310e53fdb69ee16ce6641f01a507f1b7c26f59,29805
pbc-get-84802cdef843878d47606116,PBC_AFRE_STOCK,https://www.pbc.gov.cn/diaochatongjisi/116219/116225/9d1774ca36ef49d9b340696a6bf39f12/index.html,200,SUCCESS,2026-09-08T11:11:44.929311Z,c1e71a761a6cd8db4863914532c4582420b89e4dd674564ef38685fd342eec7e,28827
pbc-get-444d8bb4cf8fe43b88a3c841,PBC_AFRE_STOCK,https://www.pbc.gov.cn/diaochatongjisi/116219/116225/9e90f3764bcd4a6f8a574538a70291fc/index.html,200,SUCCESS,2026-09-08T11:11:46.029744Z,02edc7a324c170d8f531ff4d85053a178b77d7490ce4865bfdc6133fa72014ea,39611
pbc-get-58a5006d9ae1b59ca5b7df2b,PBC_AFRE_STOCK,https://www.pbc.gov.cn/diaochatongjisi/116219/116225/a0d39ae2576340b5bc1a432882d4d231/index.html,200,SUCCESS,2026-09-08T11:11:47.130225Z,a2c2adc62ba51ac518dc38156220c3a0a578643107b91a1b85320bfe1bd90d81,28818
pbc-get-458cd7fe8876745202e1eaf7,PBC_M2,https://www.pbc.gov.cn/diaochatongjisi/116219/116225/a0e7f0189181456d9fcde9ee5e423584/index.html,200,SUCCESS,2026-09-08T11:11:48.230577Z,6f919be1b766c93c38de5307c5130a640caf57084ff867fd25a2a418c40b8afd,29544
pbc-get-76500f7f9a5cc30136e485bd,PBC_AFRE_STOCK,https://www.pbc.gov.cn/diaochatongjisi/116219/116225/a11eac6f438f498796e58609b5014d6c/index.html,200,SUCCESS,2026-09-08T11:11:49.330705Z,b49e75993eab79c6bd8919e12275346b48b54e1baba208c646bda6e55d67ffbf,28464
pbc-get-dfe4f2602ea1b35a9610f88b,PBC_AFRE_STOCK,https://www.pbc.gov.cn/diaochatongjisi/116219/116225/a277a71d6e5d436fabb53029fc2c51e6/index.html,200,SUCCESS,2026-09-08T11:11:50.430790Z,4f160d594dff2ea9f0e91c2770e0bec8a3e830b825224f92b68e60926d45ac11,28468
pbc-get-d541cc45c878033f6325b0d0,PBC_M2,https://www.pbc.gov.cn/diaochatongjisi/116219/116225/a46e2ace126b4c4391b512bf4bde01f9/index.html,200,SUCCESS,2026-09-08T11:11:51.531186Z,1fc855817f7e1676ab49ab3b3b43cfb42e125ec5542387a87bfdd21b6fe9feb4,38345
pbc-get-d600c5a43f43b81e7d90ad12,PBC_M2,https://www.pbc.gov.cn/diaochatongjisi/116219/116225/a7a07c14c5f74fe5be63ee840998373e/index.html,200,SUCCESS,2026-09-08T11:11:52.631488Z,f80634541f8d9e6834d9f2d1115ba01960b9ad0ef2bb36f1d9f1495d23884d46,30280
pbc-get-6873c0fe1e239d6ef5094f32,PBC_M2,https://www.pbc.gov.cn/diaochatongjisi/116219/116225/a83a5cac782641dca7891f117d73f4e8/index.html,200,SUCCESS,2026-09-08T11:11:53.731777Z,7f4684df6308a085e2d538518d37577e771691eb4e12b05699bb5c0cc699b66c,29845
pbc-get-29b4b7f3884609a8f9f18e6d,PBC_M2,https://www.pbc.gov.cn/diaochatongjisi/116219/116225/ad8855023c7a444c9b0ca7a1aeee9d45/index.html,200,SUCCESS,2026-09-08T11:11:54.831881Z,27a226d2cbde5bfdf5255dc9ebc078ace3ff15e128728398d53354c2734fd667,29790
pbc-get-a0c6ba8a3715622f94198651,PBC_M2,https://www.pbc.gov.cn/diaochatongjisi/116219/116225/adc58e98876a43ac8f9a3f3ae9020178/index.html,200,SUCCESS,2026-09-08T11:11:55.932052Z,008200a0241eae57d1cf508b33b72dfbce439a2292327be2b6554d9bd5e19ac0,30088
pbc-get-12964d5fea01d2de44db0f42,PBC_M2,https://www.pbc.gov.cn/diaochatongjisi/116219/116225/af0619cb0d1a4792af0e931de337624c/index.html,200,SUCCESS,2026-09-08T11:11:57.032705Z,e521bb37a7d84894255024b7cd2d60af96665a6b0b87d4ca3783faf3a1cc4d10,30352
pbc-get-98d3f4873ef3735e66778fbc,PBC_AFRE_STOCK,https://www.pbc.gov.cn/diaochatongjisi/116219/116225/afeba54c1a2a40ff8bc0455638681a5b/index.html,200,SUCCESS,2026-09-08T11:11:58.132878Z,652db5bbd9d33a92c05b6fac9f693894b248554e32fd307d4d7b2b633419dd9a,28860
pbc-get-2c4a22e62a189e0b1bd01be5,PBC_AFRE_STOCK,https://www.pbc.gov.cn/diaochatongjisi/116219/116225/b0d2da6acdb041f88d96c69575a7b3ac/index.html,200,SUCCESS,2026-09-08T11:11:59.233238Z,cf9251b272ccc7010eb47e8424ec468834d6466e68263d64daca0e55498acd18,28569
pbc-get-e7487c327b22ce243f4c755e,PBC_M2,https://www.pbc.gov.cn/diaochatongjisi/116219/116225/b120f9b0d55f4bf995f9b77bcce41757/index.html,200,SUCCESS,2026-09-08T11:12:00.333455Z,21358a98713acf4883f51ab9e00b4183afdb36d5b25ddfd3b77237d7de838dfa,30409
pbc-get-e5de52f48c5a2cb07153ca1f,PBC_AFRE_STOCK,https://www.pbc.gov.cn/diaochatongjisi/116219/116225/b18b9809242245ebbd594f3380862d5b/index.html,200,SUCCESS,2026-09-08T11:12:01.433839Z,a27176748e23c4c84aedb6586787144c73d92b3ac83f8e9b6cdbb372b772d240,28487
pbc-get-c7f2a44d832dcdc2767866ce,PBC_M2,https://www.pbc.gov.cn/diaochatongjisi/116219/116225/b21be1ab65c94424a612a7666d605a1b/index.html,200,SUCCESS,2026-09-08T11:12:02.534012Z,3d5ff1cd071a9150b6eea9b70860700170ca962fa536d6641edf90304324e027,37921
pbc-get-5dedaf42082de45568163882,PBC_M2,https://www.pbc.gov.cn/diaochatongjisi/116219/116225/b2466332f7014dd3bf832bcc1d06ee3f/index.html,200,SUCCESS,2026-09-08T11:12:03.634438Z,847909ac6a7abf41b11626fabbfe4e8c925d09b0109309e7072d4fc1ba950c4c,29814
pbc-get-268d7104e45f129b90fc6d53,PBC_M2,https://www.pbc.gov.cn/diaochatongjisi/116219/116225/b2dfd3ad0adc4d3ca62f1adacea5fc09/index.html,200,SUCCESS,2026-09-08T11:12:04.734580Z,e96056f2f59b53ec243c879319c5d5981c06d67b6e170e0e4dd2af9fda1b6427,30003
pbc-get-b6cbb5a5be42bb9830293186,PBC_M2,https://www.pbc.gov.cn/diaochatongjisi/116219/116225/b32a2ebb92874688b7de59996bc6ee35/index.html,200,SUCCESS,2026-09-08T11:12:05.835169Z,32b6acd2b7d4b8bc25baccca4bc1c886fbe1aa924a7c413cb4d0474d9419a0ce,29802
pbc-get-515ebdaa6507bdfc5a3ce098,PBC_AFRE_STOCK,https://www.pbc.gov.cn/diaochatongjisi/116219/116225/b455551f61cb4582bb322ba3309c99e9/index.html,200,SUCCESS,2026-09-08T11:12:06.935359Z,9a311e8274eb0304e06fc63d10e214cc9c10cc20b582bb1a9db5f75719dde0c7,28663
pbc-get-38c12ef0c1fda4d1ba533e5f,PBC_M2,https://www.pbc.gov.cn/diaochatongjisi/116219/116225/b45ddc8ff9aa45e099e30f53c2e1fec5/index.html,200,SUCCESS,2026-09-08T11:12:08.035722Z,0074ab9aeece4b7f6f4f2dc24f470e28c542d6623ad4978ab16438e97fe53526,30425
pbc-get-dfca125fcf1a7d90d9c5eff4,PBC_AFRE_STOCK,https://www.pbc.gov.cn/diaochatongjisi/116219/116225/b52402a769ff4032a49c816587d801a5/index.html,200,SUCCESS,2026-09-08T11:12:09.136035Z,17ee8fa592326c5e95d6240d8b28d06967718556cf237b50bbf978a53a4495f1,28631
pbc-get-124186d7da43260c1f9c8f80,PBC_AFRE_STOCK,https://www.pbc.gov.cn/diaochatongjisi/116219/116225/b53c42aefcb34dccaafd77e1b6339429/index.html,200,SUCCESS,2026-09-08T11:12:10.236491Z,4d558a8e6394443078aea3d110580e17e11ca0fd20f21bafa1cdeed24132d558,28767
pbc-get-c95986dc260bd09ac48bbf7a,PBC_M2,https://www.pbc.gov.cn/diaochatongjisi/116219/116225/b59c04b2e581418f9109dcdff76de699/index.html,200,SUCCESS,2026-09-08T11:12:11.336646Z,c0a4cda42f7d42b3e0cc0ee9ea0560c9eb02760d313a4e1529c987bb6719e63c,38536
pbc-get-de4d6c80d8ca43b6abb826bd,PBC_AFRE_STOCK,https://www.pbc.gov.cn/diaochatongjisi/116219/116225/baf407c74a8d4a6ca9a2688832a5340f/index.html,200,SUCCESS,2026-09-08T11:12:12.437270Z,485e91117f16eb25f763df258e961896c4e5477b1f90f3ef2f592d9fa131a121,28627
pbc-get-1fba79ea76866ea3dbde79ab,PBC_AFRE_STOCK,https://www.pbc.gov.cn/diaochatongjisi/116219/116225/bb22df0187ab474aaacfa4cb20bd37fc/index.html,200,SUCCESS,2026-09-08T11:12:13.537553Z,e6edbcbc7adb3d7c0c533ccaf0b1f5a899f21517f98196506a6a45cc67efc8f1,28781
pbc-get-8944478619cde796c5606624,PBC_M2,https://www.pbc.gov.cn/diaochatongjisi/116219/116225/bb97dc6a565940eaafd7b79a8ae7e4ef/index.html,200,SUCCESS,2026-09-08T11:12:14.637692Z,27637c9bd9d7b328d18423bbd372cfe54af5533dca2e9411fab7300fd2ce1f20,29802
pbc-get-1fc0cfaedfef5b73018e548b,PBC_M2,https://www.pbc.gov.cn/diaochatongjisi/116219/116225/bbf60c6997224f89b6060da1b11b7019/index.html,200,SUCCESS,2026-09-08T11:12:15.738212Z,4b181a29b17d9f2ecbeaf78a95f7cb69520bc3cba7c5de84515a67d015100647,30524
pbc-get-d9b42baa261ac704075e5b11,PBC_AFRE_STOCK,https://www.pbc.gov.cn/diaochatongjisi/116219/116225/bc82c215c2cf44d3be12cf2ae1fc4e05/index.html,200,SUCCESS,2026-09-08T11:12:16.838591Z,4e2d573018dcf1da7c03b431e7a00ae8145b82c335c847484c5c1943a0f2738a,28818
pbc-get-b2c502c5ef075d5b2738bea3,PBC_M2,https://www.pbc.gov.cn/diaochatongjisi/116219/116225/bcd66ffee22c4102b3e569236b67b5cc/index.html,200,SUCCESS,2026-09-08T11:12:17.938923Z,071456d6b14176a715859b283909b48b2428bdd876d8d4b79d34c65f522bb2b5,29925
pbc-get-34f31a36a1720d7fe9661dbb,PBC_M2,https://www.pbc.gov.cn/diaochatongjisi/116219/116225/be8e91f117384eac8934a50d21a75e42/index.html,200,SUCCESS,2026-09-08T11:12:19.039392Z,69bb2f9c7cb0ce8bd47fa1ed6065ada5f147ac753d93497dc94cac72d0ae855b,29856
pbc-get-a5beac2b2137b9ed9fd3b0f5,PBC_AFRE_STOCK,https://www.pbc.gov.cn/diaochatongjisi/116219/116225/c178277d2cee4281876fdfd673b0f5f9/index.html,200,SUCCESS,2026-09-08T11:12:20.139909Z,c22c7c6b140e2324e23cce08ed87a14da3c50f85daae195bb0b35c0120b84cb1,28825
pbc-get-6c72a1626b9d2f0dd2e10ff5,PBC_AFRE_STOCK,https://www.pbc.gov.cn/diaochatongjisi/116219/116225/c3b35d871a8b4f83aeaa1212bb49306e/index.html,200,SUCCESS,2026-09-08T11:12:21.240393Z,060ddab588d4f5468a0e2bd59dabe09fabaca48b02ad13ef08bbbc71fdb275ec,28657
pbc-get-c7871b1b195514038f374177,PBC_AFRE_STOCK,https://www.pbc.gov.cn/diaochatongjisi/116219/116225/c3bf937c598a46b4ab59de8f6e4f8b3c/index.html,200,SUCCESS,2026-09-08T11:12:22.340777Z,a2af8491563d85e54be551f314094582958946595d01668cd800e86f5cf160e4,28840
pbc-get-5d2d19a1683b8ca3b82ac6b8,PBC_M2,https://www.pbc.gov.cn/diaochatongjisi/116219/116225/c6b44abc02814295804d2fc8711405cd/index.html,200,SUCCESS,2026-09-08T11:12:23.440990Z,81f84a1a1b60e63696acd37cc1eba3aedaffa531539df671907fb73e0e1bbb50,29826
pbc-get-71a338656327214d02b554d8,PBC_AFRE_STOCK,https://www.pbc.gov.cn/diaochatongjisi/116219/116225/c87c49353cbd492ea61d80ccf1aa4c84/index.html,200,SUCCESS,2026-09-08T11:12:24.541413Z,9b8179a6acbee8f34f7210b86e9d7645b6ee0596b6ae4cd21fb5c14cfe6c80df,28663
pbc-get-1970fe9952b4856307955902,PBC_M2,https://www.pbc.gov.cn/diaochatongjisi/116219/116225/c895d9b39d1a41169bc187b75a283aba/index.html,200,SUCCESS,2026-09-08T11:12:25.641481Z,e2fc95be66f1785b8ee437e38f52ae0904cd757425e218afe478944de9b3b677,30845
pbc-get-b96dc37654e026d20a3387bb,PBC_AFRE_STOCK,https://www.pbc.gov.cn/diaochatongjisi/116219/116225/caa7d86c3ad44a19b88e4e5846361526/index.html,200,SUCCESS,2026-09-08T11:12:26.741845Z,e5cc68f78ed9fc291c4a0236ab0116675c9d60833d23976644f4f413a21df89a,44993
pbc-get-4e9262e48d7e8ed86b5d75be,PBC_AFRE_STOCK,https://www.pbc.gov.cn/diaochatongjisi/116219/116225/cb4e819a78fe46c2a97762cf364c60df/index.html,200,SUCCESS,2026-09-08T11:12:27.841931Z,66ce18e393a8022016e3a5641379ba0bc129fd971e8f917f2399b7f947d97b1f,28554
pbc-get-2fdbc8eded95ddbfcaac4180,PBC_M2,https://www.pbc.gov.cn/diaochatongjisi/116219/116225/cbf663c7555049f291d3f8e0e2bae83f/index.html,200,SUCCESS,2026-09-08T11:12:28.942368Z,66bdf5389bb593133bdcbc219a1f55665a9a347a849a1e8aa247c08dd97b8818,29854
pbc-get-9063cca234b2285f18322f08,PBC_M2,https://www.pbc.gov.cn/diaochatongjisi/116219/116225/ccd145c8b07f44fb8b8997f3e1e18582/index.html,200,SUCCESS,2026-09-08T11:12:30.042557Z,d0d1add7b359c2f9260f3b7ab5f9b44cec72f8b07e1af54449e7814604b3c95e,29799
pbc-get-c47b7c1461f49df2a1393092,PBC_AFRE_STOCK,https://www.pbc.gov.cn/diaochatongjisi/116219/116225/ccf42a3544a54780a7ea31e6de181a99/index.html,200,SUCCESS,2026-09-08T11:12:31.142665Z,767928ae1949485b528b7209df2e30eb0b7fb1a970881324aebf7a95de4ff368,28837
pbc-get-51b261b3a0c484c55c631456,PBC_AFRE_STOCK,https://www.pbc.gov.cn/diaochatongjisi/116219/116225/cd78c16e0c6c447788b0a26997ded604/index.html,200,SUCCESS,2026-09-08T11:12:32.242767Z,6aa6a38aa1b3065b3beb1c7d07871b56b5ebb878ff77435241f9c49decbee618,28751
pbc-get-61f4f8c26cd7bf3d89241763,PBC_AFRE_STOCK,https://www.pbc.gov.cn/diaochatongjisi/116219/116225/cd7b8e7499964bf895939d9c25160cc1/index.html,200,SUCCESS,2026-09-08T11:12:33.343134Z,3778c1b55ef3a99633e7fe549be65f6e5fba82eb9526115ec758090a59832fe2,28748
pbc-get-2d3b351b9a1a5eb72114589d,PBC_M2,https://www.pbc.gov.cn/diaochatongjisi/116219/116225/cda81530f91d43e196443fea525f6ee6/index.html,200,SUCCESS,2026-09-08T11:12:34.443245Z,f1ee41abc987f65c5f94be2b3053be39b701568863453019e5c2ccccb4894037,29985
pbc-get-6e471841955bdc14e3c168fc,PBC_M2,https://www.pbc.gov.cn/diaochatongjisi/116219/116225/cdd9152e7bd74c1aab063631da872b44/index.html,200,SUCCESS,2026-09-08T11:12:35.543642Z,4d3c968ba701ee9d94c5a76a3fc82dc8ad7477226ce2df7d720843c38c75912d,30799
pbc-get-7188562f18ac68601c507d54,PBC_AFRE_STOCK,https://www.pbc.gov.cn/diaochatongjisi/116219/116225/cf6310da69274348bff1ad9754e39517/index.html,200,SUCCESS,2026-09-08T11:12:36.643852Z,40bc41f6cd77c70cf8dfadb092210c6d6022e18656c85025eeaff4e3bef2a4f5,28675
pbc-get-1c803da75de5a209a949293e,PBC_AFRE_STOCK,https://www.pbc.gov.cn/diaochatongjisi/116219/116225/d34e0501dfa74ee0a460f1e631c52bc3/index.html,200,SUCCESS,2026-09-08T11:12:37.743966Z,9a4c958fd0f41d53dedb28d74bc46c999cf76b4ee194cc6d80119cf226d2e31a,28796
pbc-get-16718bb97b42d0249ccb0883,PBC_M2,https://www.pbc.gov.cn/diaochatongjisi/116219/116225/d3af357ad35b4fb78426c435987af0aa/index.html,200,SUCCESS,2026-09-08T11:12:38.844244Z,7ebf31bf81d02207f730e4684cf241ea02d18b5e1fefe9ded5bec3fc70bcf598,30744
pbc-get-6e41a2bf2d98468b02d22e75,PBC_AFRE_STOCK,https://www.pbc.gov.cn/diaochatongjisi/116219/116225/d91113196ded4c70976a406fdeed5182/index.html,200,SUCCESS,2026-09-08T11:12:39.944716Z,13959cb169954ba4e1f92192db0001f4e88f4e48276087a2be4aeb778065cd47,28716
pbc-get-430ade7a9b242bb32dab5b73,PBC_AFRE_STOCK,https://www.pbc.gov.cn/diaochatongjisi/116219/116225/dd4ee632ba014f7fb04d43615f35538b/index.html,200,SUCCESS,2026-09-08T11:12:41.045273Z,30d22f578efa47fac05ede7324a71dbd72343760030b0caf014bb18f595fafc5,28664
pbc-get-71ab45c79edbe2dd1a01f37f,PBC_M2,https://www.pbc.gov.cn/diaochatongjisi/116219/116225/dded7449c74144a19171f582bec9ed36/index.html,200,SUCCESS,2026-09-08T11:12:42.145740Z,b3c5ecfe4fb6599279e3401b3ce0ef25dc5745a8f77cff7e84c9a14e1a4cd157,44461
pbc-get-291e66f097d71d9ab9146127,PBC_M2,https://www.pbc.gov.cn/diaochatongjisi/116219/116225/de29861e7a2848368ce269dfc31e6be6/index.html,200,SUCCESS,2026-09-08T11:12:43.245985Z,d035e332be31a9268dbe493b74cc5ceab5330f85b482de6c7057ed097c35f348,29906
pbc-get-9552a2e34aa479bcc845e5f6,PBC_AFRE_STOCK,https://www.pbc.gov.cn/diaochatongjisi/116219/116225/de3ef518f75e4ea1823eed8096a95c3b/index.html,200,SUCCESS,2026-09-08T11:12:44.346220Z,8b9d339c502921682a821952ab78a5ae1bf3f42ae640534a68cdcad193b08f58,28824
pbc-get-9d50e6c38affa2b716037e8e,PBC_AFRE_STOCK,https://www.pbc.gov.cn/diaochatongjisi/116219/116225/def82c466abf44b8b4c750b93e0dc657/index.html,200,SUCCESS,2026-09-08T11:12:45.446755Z,2574d552d99bf51c0b935c26e7dea68ee6a6717b12d061bd22eb5d31ed74a4b0,28480
pbc-get-b9f6011bd53eba9c3204902d,PBC_AFRE_STOCK,https://www.pbc.gov.cn/diaochatongjisi/116219/116225/df99386e79c249e8b077322beb45c109/index.html,200,SUCCESS,2026-09-08T11:12:46.547400Z,1addd891cfeb23f1202efb3746b1a5364369a9dd2f6906d28ea3f3384411117d,28835
pbc-get-fe13c759bf8e27b5e94147dd,PBC_AFRE_STOCK,https://www.pbc.gov.cn/diaochatongjisi/116219/116225/e10a83e6c82f49eabc285f3c89a554cc/index.html,200,SUCCESS,2026-09-08T11:12:47.647558Z,c81d715d835dd955f25827f2c13062dc40419c814a4d8671083c697824482bfc,28427
pbc-get-2f92ead579a70526e046d287,PBC_M2,https://www.pbc.gov.cn/diaochatongjisi/116219/116225/e15a1be918ed495488bf16af0fb7214f/index.html,200,SUCCESS,2026-09-08T11:12:48.747689Z,3902891b3302de8fff3cf3231be7e3e8175b230806798d4751ea279cb266f397,29997
pbc-get-87be14ffb3d5cd58282d1122,PBC_M2,https://www.pbc.gov.cn/diaochatongjisi/116219/116225/e3120f58ec724fe1811d9dadf67232d2/index.html,200,SUCCESS,2026-09-08T11:12:49.848194Z,a3e044cb1cb5c2d4e548339b355449e7b0871eb8f3e87c150024a30fc3363482,41428
pbc-get-966d13b5ca7bb71d9bc2147f,PBC_M2,https://www.pbc.gov.cn/diaochatongjisi/116219/116225/e5420050caef4bd194d3493587f1ccf3/index.html,200,SUCCESS,2026-09-08T11:12:50.948876Z,b48b7d6e04d77722c1656a2a24fe69c9124443534b80422a905ea56213f84ab5,30630
pbc-get-6310869fc4e9d03bacf65902,PBC_M2,https://www.pbc.gov.cn/diaochatongjisi/116219/116225/e8f0ed951dcb44aca265fb31ff7eeff6/index.html,200,SUCCESS,2026-09-08T11:12:52.049023Z,ec188bfeff3b263c1dd55a573b8dd3cc5682fc7b4b195a443e985a3a1f616630,29885
pbc-get-a773264e3769e944dffaa04e,PBC_AFRE_STOCK,https://www.pbc.gov.cn/diaochatongjisi/116219/116225/ea01726dee194ec0bd95add708232c45/index.html,200,SUCCESS,2026-09-08T11:12:53.149326Z,88f2166f81a9cd04ec6c420234c4c4b0f05cd64bf42d8c082f73adf1d3e3135b,28479
pbc-get-766ca994361a388861b46029,PBC_AFRE_STOCK,https://www.pbc.gov.cn/diaochatongjisi/116219/116225/ea07052cc43347288656faa124a27eaf/index.html,200,SUCCESS,2026-09-08T11:12:54.249449Z,a4994e065736bc90ba1872782eb73c61b8d4e1cdf9bbc7237007ebaaf02b7124,28904
pbc-get-b59f72a2be3957cb1b74a2ca,PBC_M2,https://www.pbc.gov.cn/diaochatongjisi/116219/116225/eaa8c83b22bb4532b094b87341a94379/index.html,200,SUCCESS,2026-09-08T11:12:55.349975Z,9082622b971b03de7f266f47c9d01047d26b3004df0e0bd6d601136f379908ec,29887
pbc-get-b8158df4b1352d14583cefcc,PBC_AFRE_STOCK,https://www.pbc.gov.cn/diaochatongjisi/116219/116225/eac7a4dd09d3436e8420c5980528c888/index.html,200,SUCCESS,2026-09-08T11:12:56.450191Z,80331aa5b897259bfb9ed1947321456450a9f787d36eed6c3edff60b5f217ac1,28586
pbc-get-b5d9ec62e2af83cf8092c15c,PBC_AFRE_STOCK,https://www.pbc.gov.cn/diaochatongjisi/116219/116225/eb239c1fbb9349da8b8c5f463806ef8d/index.html,200,SUCCESS,2026-09-08T11:12:57.550625Z,fc6089a74c8b9fc147a4c70bc1351791b934b63e1453f59ad148b30c80017032,28704
pbc-get-df982c2c971e305280091abc,PBC_AFRE_STOCK,https://www.pbc.gov.cn/diaochatongjisi/116219/116225/ec6756c65d5f42b189a6f9fc4a0e860a/index.html,200,SUCCESS,2026-09-08T11:12:58.651159Z,0b654446954ad24540f77d7228b62869e4c33579cea66b7a2464b5d0ce0d159e,28286
pbc-get-a85cd28139313751295e21af,PBC_AFRE_STOCK,https://www.pbc.gov.cn/diaochatongjisi/116219/116225/ecb845b69c5f454e9579873d385eb856/index.html,200,SUCCESS,2026-09-08T11:12:59.751727Z,d100e524ce7f2dfd1fd68d2333808575c3afc3a8aea9c3ce6ca71b1297e887b2,28815
pbc-get-af23df6aa6f1faa3d3a3a802,PBC_M2,https://www.pbc.gov.cn/diaochatongjisi/116219/116225/f1bf08eb3d234190b8f5bbfda7e849c0/index.html,200,SUCCESS,2026-09-08T11:13:00.851817Z,0d89f3a543534905afcc783bed71a669cd9b37442409a63e5cf430224e4387bf,29767
pbc-get-035ea76cf1c481cc1c4c7067,PBC_M2,https://www.pbc.gov.cn/diaochatongjisi/116219/116225/f294561578884c22878d115780ba7c08/index.html,200,SUCCESS,2026-09-08T11:13:01.952363Z,72d75cc14f8c6e7649d2deaec386b6b8252aeb8232a0e3586cdcffc365b3778a,44174
pbc-get-fa8cf4157ebf5c3ce968b691,PBC_M2,https://www.pbc.gov.cn/diaochatongjisi/116219/116225/f30cb865aa774555bccb5ae49470007c/index.html,200,SUCCESS,2026-09-08T11:13:03.052857Z,06afa7188db6d59cfa54b43a9fbfe44716f85e9641629e86002d3675a1a1a5be,37829
pbc-get-3db2ff0bb9b754724ecce79e,PBC_AFRE_STOCK,https://www.pbc.gov.cn/diaochatongjisi/116219/116225/f45f75fe834c456f9dae2037bb21b246/index.html,200,SUCCESS,2026-09-08T11:13:04.153109Z,b1e6f352e803b0513b17ffbc831e8a6a3be11a4c4773ce9fa2e1d941fef6b4ba,28694
pbc-get-0ec68ecba496d9e36f28520d,PBC_AFRE_STOCK,https://www.pbc.gov.cn/diaochatongjisi/116219/116225/f464aac3a1ac4bef8a3a1381ddd22899/index.html,200,SUCCESS,2026-09-08T11:13:05.253412Z,761e8b8a6b69c466e5d3e4027eb9b1e6d5ed3864e02192b60ba1ddaea5c60fd0,28305
pbc-get-c94c91d6a9ea407fdf7dd1c5,PBC_M2,https://www.pbc.gov.cn/diaochatongjisi/116219/116225/f67a498ba4df43bdbc4cc3053c6bc168/index.html,200,SUCCESS,2026-09-08T11:13:06.353570Z,a2d373bc02204fc16b5a0a3f7140cefb02c800b42ca881028df674182c4c5779,30685
pbc-get-ad814f6deef34f838858f179,PBC_AFRE_STOCK,https://www.pbc.gov.cn/diaochatongjisi/116219/116225/f75e8897cc0c4408ae0f3037fdbd48b4/index.html,200,SUCCESS,2026-09-08T11:13:07.453688Z,37023bef69c50f481e01a187b174144110bfcc1013f57f1c20ecc198b2fb0693,28466
pbc-get-c3cb446145c43b4aeef08eac,PBC_M2,https://www.pbc.gov.cn/diaochatongjisi/116219/116225/f8157ada86814e82a99d8629e07e0cba/index.html,200,SUCCESS,2026-09-08T11:13:08.553962Z,2c76ad6f8a0696b81acc93a0a0608c6933a26e3752afbb1821e07571ba601f5d,29789
pbc-get-2d6e7b15590ee0cecab66cfc,PBC_M2,https://www.pbc.gov.cn/diaochatongjisi/116219/116225/f8385792c6b44ab9b396737fdfead3ee/index.html,200,SUCCESS,2026-09-08T11:13:09.654469Z,efa45af65740ed62c33c9c5a72210ab55ac73d22eed89179643eb327dbf1ffd8,29932
pbc-get-09ce25c8841010f0ebc25fdd,PBC_AFRE_STOCK,https://www.pbc.gov.cn/diaochatongjisi/116219/116225/f856e828ff0f40c0a6a2b57baf1b7eb3/index.html,200,SUCCESS,2026-09-08T11:13:10.754817Z,6bdac4cbcf6098e55c56cd3995ff18c3388938e9db1131a057007f5271646080,28777
pbc-get-14444b23de3ddabc71d32e60,PBC_M2,https://www.pbc.gov.cn/diaochatongjisi/116219/116225/f978835f25cb4db4989a06d440b24024/index.html,200,SUCCESS,2026-09-08T11:13:11.855306Z,8f8fff11c68d6acc51a81a0e57aa5630724d0de1a11ba371bf600b5108e64f36,29950
pbc-get-87db763107d13e6b3b08c083,PBC_M2,https://www.pbc.gov.cn/diaochatongjisi/116219/116225/fb30cb8791924291b5365d3e092bc803/index.html,200,SUCCESS,2026-09-08T11:13:12.955426Z,3efa89b11f732297cfa98120c0f81bc1c22639fc65ea8d51324896701e415fb1,30092
pbc-get-3883d8760e64845e3f371295,PBC_AFRE_STOCK,https://www.pbc.gov.cn/diaochatongjisi/116219/116225/fca95bbe2d5c404fa216623ba1b1fa4a/index.html,200,SUCCESS,2026-09-08T11:13:14.055634Z,6b2008cd106dac5e7624c4183b33d538f6574b71f978ea356dea09765ae6a64f,28818
pbc-get-aa65d4054acee05daddcdbb6,PBC_M2,https://www.pbc.gov.cn/diaochatongjisi/116219/116225/fd15709bca7b45b198afc93f55d767a3/index.html,200,SUCCESS,2026-09-08T11:13:15.156031Z,c015fec764c956bba017550cf60d071e2767444d26dd55eec20298c7b49571c2,29928
pbc-get-1fb94d2dae94af7a15132b2f,PBC_AFRE_STOCK,https://www.pbc.gov.cn/diaochatongjisi/116219/116225/fea83da4ff5f4f98a4bdac5660145fe3/index.html,200,SUCCESS,2026-09-08T11:13:16.256181Z,aedd41f59732a286d1c13b086204a990df0f6cda72547256a387373ed23fa0df,28664
pbc-get-da242f363dac839588335bb9,PBC_M2,https://www.pbc.gov.cn/diaochatongjisi/116219/116225/feba94fde88948c7ab01231513a3474a/index.html,200,SUCCESS,2026-09-08T11:13:17.356715Z,e0f3b43b72d203e2e014c2dd28113fa63c247fe02c0f7b7fb2373b532e58c590,30509
pbc-get-c3e96836efee172a0173d916,PBC_M2,https://www.pbc.gov.cn/diaochatongjisi/116219/116227/2832802/index.html,200,SUCCESS,2026-09-08T11:13:18.456826Z,952fa618b090cc665c972e00efe36c50d980c59657108ba15dfbd565be8fc137,27051
pbc-get-67a30ecf3f6d3a1307afbd40,PBC_M2,https://www.pbc.gov.cn/diaochatongjisi/116219/116227/2832806/index.html,200,SUCCESS,2026-09-08T11:13:19.557155Z,e6fb733feda878eab416fe45cb2961d5b2e763da67b7da848a21fd11c28b2548,29998
pbc-get-e906757986f3ffad8c012e3c,PBC_M2,https://www.pbc.gov.cn/diaochatongjisi/116219/116227/2832820/index.html,200,SUCCESS,2026-09-08T11:13:20.657265Z,d724ce97dd6ef0e212c906dc2e0961364b186b38337c4edb1b5b22ba37e3ea73,33016
pbc-get-e17cd092460ac31bfcd169c5,PBC_M2,https://www.pbc.gov.cn/diaochatongjisi/116219/116227/2839591/index.html,200,SUCCESS,2026-09-08T11:13:21.757430Z,eb27fffac0e8c031264079aac25732350af0fcb02d1e652bd07c24a6d2f0754f,30123
pbc-get-e6078abd06b444ebea70b7cf,PBC_M2,https://www.pbc.gov.cn/diaochatongjisi/116219/116227/2839600/index.html,200,SUCCESS,2026-09-08T11:13:22.857903Z,caebab315c90a6e80e1a6223ca71519c4686f82b98f4d9cd7feaf8f2e1256459,30569
pbc-get-03b63b625a6daecb3af497b6,PBC_M2,https://www.pbc.gov.cn/diaochatongjisi/116219/116227/2839607/index.html,200,SUCCESS,2026-09-08T11:13:23.958378Z,c84e276ced86d7aca0341fdf4987003d94173c9c618037d47b80c95874c16f39,30392
pbc-get-49b34e7dc1487ed1ac252cbb,PBC_M2,https://www.pbc.gov.cn/diaochatongjisi/116219/116227/2839628/index.html,200,SUCCESS,2026-09-08T11:13:25.058715Z,e0b6e1e45e0ff4eb3cf756f46531d68ed1d7550ecc296433cfe4fe1388892c99,30720
pbc-get-357b1d5f5fa3f462877c4d56,PBC_M2,https://www.pbc.gov.cn/diaochatongjisi/116219/116227/2839659/index.html,200,SUCCESS,2026-09-08T11:13:26.158954Z,7a458531e407826f14b08946c4e03f10881a75877a6754e9b9551a2934bc0c73,31193
pbc-get-9bbe921cb02dd44f2d31b0c4,PBC_M2,https://www.pbc.gov.cn/diaochatongjisi/116219/116227/2839690/index.html,200,SUCCESS,2026-09-08T11:13:27.259542Z,fe4bed815b3270d5f9a2953d1d7722bdc52c30269c5f4f79bd9ac6fd934f6c0d,30640
pbc-get-083066247dbee06872285c5f,PBC_M2,https://www.pbc.gov.cn/diaochatongjisi/116219/116227/2839693/index.html,200,SUCCESS,2026-09-08T11:13:28.359649Z,01c648c833fab476aedbc898dc066f05a65053179f1605d628f286d3e826c3b5,31360
pbc-get-9475219d3b0bc5449166ebdd,PBC_M2,https://www.pbc.gov.cn/diaochatongjisi/116219/116227/2839695/index.html,200,SUCCESS,2026-09-08T11:13:29.459743Z,42cebc6f2b5ccee26829e032b7fb5864118b4ccc9f9908c0b39c729abf935361,57886
pbc-get-64132857e8906e2bf72f6aac,PBC_M2,https://www.pbc.gov.cn/diaochatongjisi/116219/116227/2839724/index.html,200,SUCCESS,2026-09-08T11:13:30.560055Z,3804fbcb70019785bf6e87698debeb4e6784aaccb3f3f6c0422394a034e73fe0,32656
pbc-get-832068cbf8aadf00f32d7557,PBC_M2,https://www.pbc.gov.cn/diaochatongjisi/116219/116227/2839729/index.html,200,SUCCESS,2026-09-08T11:13:31.660211Z,9639a7837af3c70f3b8ba640a6d019168a78454b1842636a227761339564c5bf,30757
pbc-get-9584dda1f53dc4d49a0f9f7d,PBC_M2,https://www.pbc.gov.cn/diaochatongjisi/116219/116227/2839760/index.html,200,SUCCESS,2026-09-08T11:13:32.760642Z,ac59d9f00cd2f1a2999881950253841e4c8e2fded2152018fe5f17f286fccaf7,31832
pbc-get-8d0e379ef79fe379c94dfed9,PBC_M2,https://www.pbc.gov.cn/diaochatongjisi/116219/116227/2839776/index.html,200,SUCCESS,2026-09-08T11:13:33.860832Z,699eb1fff4acf6faf1e75211959499c18d42892d8150fe53ed05ef746af84b05,31872
pbc-get-bdf29318d7fe92b149e5726a,PBC_M2,https://www.pbc.gov.cn/diaochatongjisi/116219/116227/2839788/index.html,200,SUCCESS,2026-09-08T11:13:34.961080Z,979ef78506517e595a9168a8a541042a621fe724c72ff073a5e4e44b9cd86934,31002
pbc-get-e24e4f11a5497819a6238cb1,PBC_M2,https://www.pbc.gov.cn/diaochatongjisi/116219/116227/2839790/index.html,200,SUCCESS,2026-09-08T11:13:36.061500Z,7376e271f9b1e4b72f92c5876bada41bf418ce042e5c4db5743e0352796f4b28,31004
pbc-get-414b71503dd448413010f9ab,PBC_M2,https://www.pbc.gov.cn/diaochatongjisi/116219/116227/2839816/index.html,200,SUCCESS,2026-09-08T11:13:37.161881Z,b40b1c478c1c88ba9919f84cbca48888bc028e1974e6c36609040f45fa8dbfeb,30746
pbc-get-b6e3f1c5d8bfc3b1cc04c277,PBC_M2,https://www.pbc.gov.cn/diaochatongjisi/116219/116227/2839829/index.html,200,SUCCESS,2026-09-08T11:13:38.262158Z,35b368dd58f978b4cdc8ca3e52d75bbe759e12fda0722c85750846caf9ac65ff,29822
pbc-get-f9a9c8804799f1a485560a77,PBC_M2,https://www.pbc.gov.cn/diaochatongjisi/116219/116227/2839837/index.html,200,SUCCESS,2026-09-08T11:13:39.362647Z,04e8b1f01a103ceb9d73291a3ca1acb6e26e8c615acd7bab10862e126ebeeb8a,31238
pbc-get-30246704c71105213f418d80,PBC_M2,https://www.pbc.gov.cn/diaochatongjisi/116219/116227/2839912/index.html,200,SUCCESS,2026-09-08T11:13:40.463024Z,7800a8f412637342823acdccb8ba6507b11132fb69e94072a0a5b8e0c57f259b,29572
pbc-get-f1060d1001ad49f07a6bdea6,PBC_M2,https://www.pbc.gov.cn/diaochatongjisi/116219/116227/2839916/index.html,200,SUCCESS,2026-09-08T11:13:41.563358Z,f84156b043054e5961e9469c33483863b7adec0c9cb46c6f9b045b5b516aa64d,30387
pbc-get-bb3ef176fb68b9db94d3b59a,PBC_M2,https://www.pbc.gov.cn/diaochatongjisi/116219/116227/2839919/index.html,200,SUCCESS,2026-09-08T11:13:42.663580Z,0117de3a1ce3b37f6066a2b1ff4a481a02866a7c6e5d56885c6e36e252256787,28355
pbc-get-963bf278e54462e31c09ec38,PBC_M2,https://www.pbc.gov.cn/diaochatongjisi/116219/116227/2839927/index.html,200,SUCCESS,2026-09-08T11:13:43.763723Z,ce275ade74a9b83edb18441f28027213422195258c7f0e984a8bbd99c6889137,155703
pbc-get-70ecf0e593d2f2db1058dd6a,PBC_M2,https://www.pbc.gov.cn/diaochatongjisi/116219/116227/2876157/index.html,200,SUCCESS,2026-09-08T11:13:44.864215Z,89e17cf11e5ffdc84b0b8c895f5c895712bcdd8c6ba79592fe73543875ca2d87,27908
pbc-get-873bc0d55902193af6817898,PBC_M2,https://www.pbc.gov.cn/diaochatongjisi/116219/116227/2880692/index.html,200,SUCCESS,2026-09-08T11:13:45.964774Z,4f803a053108a9f403c11e55cf7468eac9ff4c85d42917e56381b1b181625666,26859
pbc-get-be396bee6cd718159c952f30,PBC_M2,https://www.pbc.gov.cn/diaochatongjisi/116219/116227/2883130/index.html,200,SUCCESS,2026-09-08T11:13:47.065195Z,815e5bae2278a4b31ead08c70299fba077b77b1b887b37b7fa438a1cceb3d7ac,31155
pbc-get-08a6e6316461a3badcfc7262,PBC_M2,https://www.pbc.gov.cn/diaochatongjisi/116219/116227/2883133/index.html,200,SUCCESS,2026-09-08T11:13:48.165775Z,7f1de0b6b80ad5fe567bcfe464852ff9341890f11b6272e689572a2990f5ae06,30242
pbc-get-88f9834e6cca34ae04d2e4fe,PBC_M2,https://www.pbc.gov.cn/diaochatongjisi/116219/116227/2885965/index.html,200,SUCCESS,2026-09-08T11:13:49.266062Z,e7c756aa61c55141292f17b389f759bf1188d525b247684a0925f7f2ad64e291,30762
pbc-get-a53ff2924dbbb08e17c7b4a0,PBC_M2,https://www.pbc.gov.cn/diaochatongjisi/116219/116227/2888030/index.html,200,SUCCESS,2026-09-08T11:13:50.366441Z,33d2ec397ef69813d2acfadcdc353eb7478da26aaf2c0490d2633c7f14cb43a4,30054
pbc-get-21b5d7a98b9982ade2160b00,PBC_M2,https://www.pbc.gov.cn/diaochatongjisi/116219/116227/2891357/index.html,200,SUCCESS,2026-09-08T11:13:51.466726Z,d04fecd437e44af55d46c9cf11399c1b2f9ecfe107d7e10c0986132ab1982bc8,30272
pbc-get-c8b92ed86387ac410de1d910,PBC_M2,https://www.pbc.gov.cn/diaochatongjisi/116219/116227/2892604/index.html,200,SUCCESS,2026-09-08T11:13:52.567004Z,acf7e7e3f1ceddf2b821986e7ef84481adee3e5f96fc2a17b1d5aa480fd57357,31095
pbc-get-8e1644bf8e07b339d346ccdb,PBC_M2,https://www.pbc.gov.cn/diaochatongjisi/116219/116227/2895814/index.html,200,SUCCESS,2026-09-08T11:13:53.667384Z,1fe6edaca612070dad49f0cdd7fa93fb714c61b1f48f237ab8bb297915372dc0,29445
pbc-get-6069e770cc1e3360478c4b54,PBC_M2,https://www.pbc.gov.cn/diaochatongjisi/116219/116227/2896054/index.html,200,SUCCESS,2026-09-08T11:13:54.767510Z,74aeab1e192c966af718f9e56fb118f6f7426bb553e6c8bc06360244da3504e7,155635
pbc-get-2c2b5064ce9a99dc5e70765b,PBC_M2,https://www.pbc.gov.cn/diaochatongjisi/116219/116227/2898132/index.html,200,SUCCESS,2026-09-08T11:13:55.868042Z,edaaa6b36aa64e642dd61cde6ec0e61ff1aa435c8fca200eb90f55dcf8ea66e0,31155
pbc-get-a5365757832f24d36335f8a4,PBC_M2,https://www.pbc.gov.cn/diaochatongjisi/116219/116225/2823875/index.html,200,SUCCESS,2026-09-08T11:14:20.181246Z,5f6375e88322160aca1d1e90e384a5c7d6b6d882961651b8cfae68d068114ea6,230936
pbc-get-cf0921a8f4efcf9e7edb9018,PBC_M2,https://www.pbc.gov.cn/diaochatongjisi/116219/116225/2824134/index.html,200,SUCCESS,2026-09-08T11:14:21.281452Z,919a3955c4672e13f94b34eb67b0962ce918b3e72d707567c5645eb91b0de2cc,31297
pbc-get-bd42a4d9562db56a303ec20b,PBC_M2,https://www.pbc.gov.cn/diaochatongjisi/116219/116225/2824662/index.html,200,SUCCESS,2026-09-08T11:14:22.381923Z,6a0d68f8def62b48e958ada73c3414848de22ab83f486b96c10c7bd14451bff5,31185
pbc-get-cc2e096421d6602baeb64670,PBC_M2,https://www.pbc.gov.cn/diaochatongjisi/116219/116225/2824898/index.html,200,SUCCESS,2026-09-08T11:14:23.482443Z,42d9721918c589cde1788eca844af9f618879b53696aa75c252cbed47178e03f,31407
pbc-get-6f536df7b380bb774e25fc40,PBC_M2,https://www.pbc.gov.cn/diaochatongjisi/116219/116225/2825065/index.html,200,SUCCESS,2026-09-08T11:14:24.582919Z,f95f09d61ee24c6a7df3c5302f78a6332903890207ca2383c89e1f1237b53156,31602
pbc-get-ade15fa1e73abeb1c684d4c0,PBC_M2,https://www.pbc.gov.cn/diaochatongjisi/116219/116225/2827414/index.html,200,SUCCESS,2026-09-08T11:14:25.683083Z,dd22bc3e9ac3c65c16b1d6d723f38ed91e9ae5cbdd7297524c2d18d95cf9a04f,29295
pbc-get-af55fab988e92a19750dcef0,PBC_M2,https://www.pbc.gov.cn/diaochatongjisi/116219/116225/2827578/index.html,200,SUCCESS,2026-09-08T11:14:26.783144Z,44b1b3fd9c8d43a38ad1f6e50ce3fd559308b2287cb1e8f0bbc51494ccc50f8d,31957
pbc-get-2ccab5144965cb0e1261ee59,PBC_M2,https://www.pbc.gov.cn/diaochatongjisi/116219/116225/2840978/index.html,200,SUCCESS,2026-09-08T11:14:27.883582Z,3d1d22329b867192442b3d14d9d3e64185ddd4baaf2755c62d999041c0d62582,32663
pbc-get-a6227d7046c30c40d6fe76ba,PBC_M2,https://www.pbc.gov.cn/diaochatongjisi/116219/116225/2841454/index.html,200,SUCCESS,2026-09-08T11:14:28.983909Z,5522228bfd4477b87ca0987a0c711eaa99304e641eef785cb161b6dedb5a7f84,33022
pbc-get-99df4e7ab90701f4d556ee97,PBC_M2,https://www.pbc.gov.cn/diaochatongjisi/116219/116225/2843205/index.html,200,SUCCESS,2026-09-08T11:14:30.084437Z,6c18d6329f7cf2165c2154cdeb66aa016213d3862651d5bd50867b1aaaa4ed8f,29165
pbc-get-fb1902e886e3a31038723040,PBC_M2,https://www.pbc.gov.cn/diaochatongjisi/116219/116225/2873783/index.html,200,SUCCESS,2026-09-08T11:14:31.184499Z,3b7ed61f520a099240f0ae283d8d29beef64c6bccc916c2ab895e61fe509a9d2,31681
pbc-get-2fc0fceae3038835514e85e5,PBC_M2,https://www.pbc.gov.cn/diaochatongjisi/116219/116225/2880847/index.html,200,SUCCESS,2026-09-08T11:14:32.284704Z,4d66b5f76d9b17aed974a872597cdba5715c7f07c34d89edb0a7b12a38fa81f6,30177
pbc-get-7cb04ff671430417a22d3fc5,PBC_M2,https://www.pbc.gov.cn/diaochatongjisi/116219/116225/2884553/index.html,200,SUCCESS,2026-09-08T11:14:33.384936Z,77e972fdbd934ecaae592d9fc4375e8dbca2aa7006e611ff6b8bacf2d273d4ed,29079
pbc-get-65638c923852a614a5914871,PBC_M2,https://www.pbc.gov.cn/diaochatongjisi/116219/116225/2894520/index.html,200,SUCCESS,2026-09-08T11:14:34.485247Z,607ad0a07b333f7170090031f8a99399f854aba8e8ec2341583cb51ccd10b2fa,30227
pbc-get-15c662ebf48e377be187b008,PBC_M2,https://www.pbc.gov.cn/diaochatongjisi/116219/116225/2897034/index.html,200,SUCCESS,2026-09-08T11:14:35.585602Z,76b08a639cf61356d04f70866052b0ff099665ef8bc458ddd52829c672bd916d,26857
pbc-get-15a17625a3fbc8099c4f20ea,PBC_M2,https://www.pbc.gov.cn/diaochatongjisi/116219/116225/2907152/index.html,200,SUCCESS,2026-09-08T11:14:36.686003Z,3e187f037f974501b84590a7c1376445b590d96a46c0fe834431220d8e61c5fc,37127
pbc-get-acf1f8622f0a0834247e2be5,PBC_M2,https://www.pbc.gov.cn/diaochatongjisi/116219/116225/a539d23c861840709b69d62f8fcb8836/index.html,200,SUCCESS,2026-09-08T11:14:37.786187Z,9069d452d43f4ef0d8b2d072fabee146c57da71479240fbcb0d09783092db846,30588
pbc-get-f358c12e916427bbdb62380e,PBC_M2,https://www.pbc.gov.cn/diaochatongjisi/116219/116227/2839653/index.html,200,SUCCESS,2026-09-08T11:14:38.886552Z,fd712b9a953d3ded2f99faff8260894e7b91098e5365d9d27e7af1ea9689c2dd,29691
pbc-get-c15443d95f01925cdaee702b,PBC_M2,https://www.pbc.gov.cn/diaochatongjisi/116219/116227/2839736/index.html,200,SUCCESS,2026-09-08T11:14:39.986894Z,8af0a69ce7d25040cfb861baf9df0888e75a4ac3074a4a44e9f59de0aa004671,29975
pbc-get-8e87cb0cb9f45db83d0b525e,PBC_M2,https://www.pbc.gov.cn/diaochatongjisi/116219/116227/2839750/index.html,200,SUCCESS,2026-09-08T11:14:41.087111Z,e77c50d0893ff31ea00de48255ad7bc0ed62921e8bca8d0aa2f560987eca3c79,230942
pbc-get-1f7a10224b470ca0ce5e30be,PBC_M2,https://www.pbc.gov.cn/diaochatongjisi/116219/116227/2839858/index.html,200,SUCCESS,2026-09-08T11:14:42.187584Z,fb992c1f9d0123078d3fe2ff31c3401c089e8ee3e94381e396554598892ee0c2,31303
pbc-get-3442cc7f8184e3b6448cc303,PBC_M2,https://www.pbc.gov.cn/diaochatongjisi/116219/116227/2839884/index.html,200,SUCCESS,2026-09-08T11:14:43.288086Z,23d14b8cc18b81e8dea8b67a32b85743ab88f59799d61b7b988c7de7e90a4ed9,31413
pbc-get-160814df13c0bac0e8d6e93e,PBC_M2,https://www.pbc.gov.cn/diaochatongjisi/116219/116227/2879536/index.html,200,SUCCESS,2026-09-08T11:14:44.388738Z,ced93f3ece253972190b1d937d6c13d4d2a114f1de1977516e434ae1274c1693,30183
pbc-get-dc22aeb3d8d26f70d7602259,PBC_M2,https://www.pbc.gov.cn/diaochatongjisi/116219/116227/2880687/index.html,200,SUCCESS,2026-09-08T11:14:45.489000Z,a7893f4ea8d5ea366c8e25d3f1cdaa17b0489b93d08e8be3e6cae329cdf71c4e,31504
pbc-get-876ab7b45e82b291d83e046c,PBC_M2,https://wuhan.pbc.gov.cn/diaochatongjisi/116219/116227/2839790/index.html,200,SUCCESS,2026-09-08T11:15:11.903548Z,7376e271f9b1e4b72f92c5876bada41bf418ce042e5c4db5743e0352796f4b28,31004
pbc-get-1942bbba6707e25b85f31aa1,PBC_M2,https://www.pbc.gov.cn/goutongjiaoliu/113456/113469/2025092212544998106/index.html,200,SUCCESS,2026-09-08T11:15:13.003625Z,18417ec7d766c9c5b594529338a624b65cd954f1b60a4c94d95477ba5b98dd92,26843
pbc-get-e64d9893be354dcbabfbed3c,PBC_AFRE_STOCK,https://www.pbc.gov.cn/diaochatongjisi/attachDir/2025/11/2025110511314347909.pdf,200,SUCCESS,2026-09-08T11:15:14.103945Z,2a49fb167295be9969e181bf3dd77899a4f4f98b5b87ae32a26c44f575ac5328,153134
pbc-get-2c363d0b24bc06ce694ba180,PBC_STATISTICS_INDEX,https://www.pbc.gov.cn/diaochatongjisi/116219/116319/index.html,200,SUCCESS,2026-09-08T11:15:15.204489Z,6314e36292fec63514dd55ed2a6a6efa3d07ff020c93f690d2505bc28ec99fdb,89073
pbc-get-f6de32d970bfc26d0045518d,PBC_STATISTICS_INDEX,https://www.pbc.gov.cn/diaochatongjisi/116219/116319/2026ntjsj/index.html,200,SUCCESS,2026-09-08T11:15:16.304968Z,aabe885e1fdcddf81fa2f93f3ff7860088fbe5b48d1bde624b54e79e819ab859,34997
pbc-get-a1e3022df9813e0b02de87b8,PBC_STATISTICS_INDEX,https://www.pbc.gov.cn/diaochatongjisi/116219/116319/2026ntjsj/shrzgm/index.html,200,SUCCESS,2026-09-08T11:15:38.444295Z,bdc37fd7a3308ce86e06cf2caa92e8f0dd8cd511a59c469a39523a87dd66bf4a,26144
pbc-get-249b147b0a403d51a4baadc6,PBC_STATISTICS_INDEX,https://www.pbc.gov.cn/diaochatongjisi/116219/116319/2026ntjsj/hbtjgl/index.html,200,SUCCESS,2026-09-08T11:15:39.544946Z,269f96b8d1f58aa4fa370d5791ac90a6bb7fcc0ca1033b1945cd5852f205e167,31695
pbc-get-3a861072c16cfed9e106825f,PBC_STATISTICS_INDEX,https://www.pbc.gov.cn/diaochatongjisi/116219/116319/2161324/2161336/index.html,200,SUCCESS,2026-09-08T11:15:40.645050Z,1d900dc746ee46114d8d83c31114a8cb58362f916f4f65b6b0fa7307152a946a,26006
pbc-get-de8b348709176b4b03ec78ec,PBC_STATISTICS_INDEX,https://www.pbc.gov.cn/diaochatongjisi/116219/116319/2161324/2161340/index.html,200,SUCCESS,2026-09-08T11:15:41.745506Z,555c6b09545c07208de6c0d78f7b70853fea7dd69bb2af6d930ebd9547ed52e3,31498
pbc-get-8a412f3430961c2ed7b1a8fc,PBC_STATISTICS_INDEX,https://www.pbc.gov.cn/diaochatongjisi/116219/116319/116348/116419/index.html,200,SUCCESS,2026-09-08T11:15:42.845990Z,34a7b6f21122266e131d81285ec359caa8e24bb593916639b9c6dc74f0ab3e18,24827
pbc-get-0bc624a99aae4c8a46aa6889,PBC_STATISTICS_INDEX,https://www.pbc.gov.cn/diaochatongjisi/116219/116319/116348/116422/index.html,200,SUCCESS,2026-09-08T11:15:43.946059Z,18813c2c6782277f863c49f432892b2bb4b717db64de1f8f3bac02c87b42a8fe,29844
pbc-get-30b6a72050dd5f99d0debf6d,PBC_M2,https://www.pbc.gov.cn/diaochatongjisi/116219/116319/116348/116422/index.html,200,SUCCESS,2026-09-08T11:17:08.503444Z,18813c2c6782277f863c49f432892b2bb4b717db64de1f8f3bac02c87b42a8fe,29844
pbc-get-31f6779cfa466efc66dd04d9,PBC_M2,http://www.pbc.gov.cn/eportal/fileDir/defaultCurSite/resource/cms/2015/07/2014s07.htm,200,CONTENT_REJECTED,2026-09-08T11:17:09.603961Z,01b95b6bd769a2af2161cc6c2c55086c98c9d4e12cef45cb028bba661d73f77a,28049
pbc-get-4476abc7eb1477a1cb3da4ef,PBC_STATISTICS_INDEX,https://www.pbc.gov.cn/diaochatongjisi/116219/116319/116351/116450/index.html,200,SUCCESS,2026-09-08T11:17:11.804363Z,d61fec7920ce55633a45c062effe815382478b99697cfb981c4029385a7ca874,25019
pbc-get-b58253bbdee0dc8f0200215f,PBC_STATISTICS_INDEX,https://www.pbc.gov.cn/diaochatongjisi/116219/116319/116351/116453/index.html,200,SUCCESS,2026-09-08T11:17:12.904806Z,270b11c4a3512c7c4863df5f8f01ea0e893c750307d6159f980d70f9d66a0b50,28795
pbc-get-adcf20fe35f6d28e9f9f5a94,PBC_M2,https://www.pbc.gov.cn/diaochatongjisi/116219/116319/116351/116453/index.html,200,SUCCESS,2026-09-08T11:17:14.005044Z,270b11c4a3512c7c4863df5f8f01ea0e893c750307d6159f980d70f9d66a0b50,28795
pbc-get-55f5b48936763c4c6fb2e105,PBC_M2,http://www.pbc.gov.cn/eportal/fileDir/defaultCurSite/resource/cms/2015/07/2013s07.htm,404,HTTP_ERROR,2026-09-08T11:17:15.105498Z,55f7d9e99b8e2d4e0e193b2f0275501e6d9c1ebd29cadbea6a0da48a8587e3e0,146
pbc-get-d460789f62d9f78347437f27,PBC_STATISTICS_INDEX,https://www.pbc.gov.cn/diaochatongjisi/116219/116319/116354/116481/index.html,200,SUCCESS,2026-09-08T11:17:17.306243Z,7213cbd04f479a2eac92db86cc89c34fd844794f2456f1559f443de043dd794a,24254
pbc-get-c6eb9f80f0044f5aa46a7b31,PBC_STATISTICS_INDEX,https://www.pbc.gov.cn/diaochatongjisi/116219/116319/116354/116484/index.html,200,SUCCESS,2026-09-08T11:17:18.406545Z,0171abfab63c794a1d721461ba6ec66ecf28f613feabcbd355b4daf85d7c3b81,28795
pbc-get-f31a6cc38b0d01b7bc684c16,PBC_M2,https://www.pbc.gov.cn/diaochatongjisi/116219/116319/116354/116484/index.html,200,SUCCESS,2026-09-08T11:17:19.507098Z,0171abfab63c794a1d721461ba6ec66ecf28f613feabcbd355b4daf85d7c3b81,28795
pbc-get-0a774de5b9596c9a61b3921e,PBC_M2,http://www.pbc.gov.cn/eportal/fileDir/defaultCurSite/resource/cms/2015/07/2012s07.htm,200,CONTENT_REJECTED,2026-09-08T11:17:20.607654Z,ee8e74c65d6f64908ae7880cc170a2197ee7075f4d6f81f387f92e4f266a7e65,38678
pbc-get-5be1e8f40525ab5baf4e965a,PBC_STATISTICS_INDEX,https://www.pbc.gov.cn/diaochatongjisi/116219/116319/116357/116511/index.html,200,SUCCESS,2026-09-08T11:17:22.808280Z,7a432613861d3dac0cbb04aae924d6a34b6e972e78668c6ed22ccc7200534044,28789
pbc-get-e19472e03e94810050754f55,PBC_M2,https://www.pbc.gov.cn/diaochatongjisi/116219/116319/116357/116511/index.html,200,SUCCESS,2026-09-08T11:17:23.908618Z,7a432613861d3dac0cbb04aae924d6a34b6e972e78668c6ed22ccc7200534044,28789
pbc-get-972af3959eca2305dcec355c,PBC_M2,http://www.pbc.gov.cn/eportal/fileDir/defaultCurSite/resource/cms/2015/07/2011s07.htm,404,HTTP_ERROR,2026-09-08T11:17:25.009144Z,55f7d9e99b8e2d4e0e193b2f0275501e6d9c1ebd29cadbea6a0da48a8587e3e0,146
pbc-get-2b5c0d20a33634feacd30b4c,PBC_STATISTICS_INDEX,https://www.pbc.gov.cn/diaochatongjisi/116219/116319/116360/116537/index.html,200,SUCCESS,2026-09-08T11:17:27.209711Z,b39af7f9eacab9058cd1bf858403168d83ba74dc821a8d68d3123b2183c38a57,28789
pbc-get-b1d746ffc8098e6733e3cb4f,PBC_M2,https://www.pbc.gov.cn/diaochatongjisi/116219/116319/116360/116537/index.html,200,SUCCESS,2026-09-08T11:17:28.310226Z,b39af7f9eacab9058cd1bf858403168d83ba74dc821a8d68d3123b2183c38a57,28789
pbc-get-2ff0c7d7de62527611a24b3b,PBC_M2,http://www.pbc.gov.cn/eportal/fileDir/defaultCurSite/resource/cms/2015/07/2010s07.htm,200,CONTENT_REJECTED,2026-09-08T11:17:29.410464Z,9b5c3c72d075a6ea65c658a36e99380e32066d71d793faa27059ee73da88c128,39288
pbc-get-ab32299bc8febcd5b0109424,PBC_STATISTICS_INDEX,https://www.pbc.gov.cn/diaochatongjisi/116219/116319/116363/116563/index.html,200,SUCCESS,2026-09-08T11:17:31.611026Z,eb0fa9db02c902fda96acff938ca1d453ecec4961b9921839cef4794d7efff0f,28622
pbc-get-3a381d6b1738e480daf65271,PBC_M2,https://www.pbc.gov.cn/diaochatongjisi/116219/116319/116363/116563/index.html,200,SUCCESS,2026-09-08T11:17:32.711496Z,eb0fa9db02c902fda96acff938ca1d453ecec4961b9921839cef4794d7efff0f,28622
pbc-get-f1fac8d6c05b9348af981d20,PBC_M2,http://www.pbc.gov.cn/eportal/fileDir/defaultCurSite/resource/cms/2015/07/2009s07.htm,200,CONTENT_REJECTED,2026-09-08T11:17:33.811951Z,00a422c5c79d0267aed84778af1a073b38e4c7600c5f093e0e620efc216c71ee,26989
pbc-get-9fc40dd5b7fbda40d6fdfb84,PBC_STATISTICS_INDEX,https://www.pbc.gov.cn/diaochatongjisi/116219/116319/116366/116589/index.html,200,SUCCESS,2026-09-08T11:17:36.012498Z,7dfb486a4206c13a04916bc06bcf4a89546c2038127f1d9bbe7ac2f68193ca53,28616
pbc-get-455fdc312ec8fea184bd2517,PBC_M2,https://www.pbc.gov.cn/diaochatongjisi/116219/116319/116366/116589/index.html,200,SUCCESS,2026-09-08T11:17:37.113062Z,7dfb486a4206c13a04916bc06bcf4a89546c2038127f1d9bbe7ac2f68193ca53,28616
pbc-get-725f6c8d1f189181f0b36311,PBC_M2,http://www.pbc.gov.cn/eportal/fileDir/defaultCurSite/resource/cms/2015/07/2008S07.htm,404,HTTP_ERROR,2026-09-08T11:17:38.213274Z,55f7d9e99b8e2d4e0e193b2f0275501e6d9c1ebd29cadbea6a0da48a8587e3e0,146
pbc-get-0a57946284519f54742ced41,PBC_M2,https://www.pbc.gov.cn/diaochatongjisi/attachDir/2026/08/2026081416590597261.htm,200,SUCCESS,2026-09-08T11:17:40.413966Z,92ac1b565111460cd00ad9b18121238f053f5b55fcd30527f24e1b66eb832c5f,47155
pbc-get-bc4ea56c4360f0472532aac9,PBC_M2,https://www.pbc.gov.cn/diaochatongjisi/attachDir/2026/08/2026081417572655905.xlsx,200,SUCCESS,2026-09-08T11:17:41.514303Z,427c3eabc92ed93cda0e3d7358bc91872572ddf2a9e480b7a975f3c5a354a232,11995
pbc-get-a4701c61fd8711454927525d,PBC_M2,https://www.pbc.gov.cn/diaochatongjisi/attachDir/2026/08/2026081417573542978.pdf,200,SUCCESS,2026-09-08T11:17:42.614543Z,e8602aed94c2023a84d11721f79c380e79e6302175159c210a6de9d35bd2a99d,77691
pbc-get-2c54ab045d2d850a8a36d8bd,PBC_AFRE_STOCK,https://www.pbc.gov.cn/diaochatongjisi/attachDir/2026/08/2026081417011913181.htm,200,SUCCESS,2026-09-08T11:17:43.714746Z,aac9d093e8ff14aa3fcabe86d99f8a75f79a314773e87f46a0a3be039a7f7875,57268
pbc-get-25d3b5683715a76e25dbed2f,PBC_AFRE_STOCK,https://www.pbc.gov.cn/diaochatongjisi/attachDir/2026/08/2026081417334888842.xlsx,200,SUCCESS,2026-09-08T11:17:44.815139Z,b3d6357aab6910c9f1aadfa086413b200bc405fd3c6e2c6338cb4f9c9ea9b0ee,15835
pbc-get-8ea962c5724f2f4f6e94103c,PBC_AFRE_STOCK,https://www.pbc.gov.cn/diaochatongjisi/attachDir/2026/08/2026081417340046912.pdf,200,SUCCESS,2026-09-08T11:17:45.915344Z,910744af25c56d84d7ebc8729763223dc24e5758d5df271a296ad2de647e6b68,86479
pbc-get-7b5395f01f301b17fdf7a3b0,PBC_AFRE_STOCK,https://www.pbc.gov.cn/diaochatongjisi/fileDir/resource/cms/2016/02/2016022916041348863.htm,200,SUCCESS,2026-09-08T11:17:47.015740Z,98d0c3695e378ae734596b016a26ac9247ccd67560b8f6b537d7fab1faf8e536,478250
pbc-get-03d469749f2d843bcf2a7f55,PBC_AFRE_STOCK,https://www.pbc.gov.cn/diaochatongjisi/fileDir/resource/cms/2019/05/2019053116170320732.xls,200,SUCCESS,2026-09-08T11:17:48.116232Z,b4b6cbc2a2d83e89fa14c53b0cbddb86e33971565f4985cd747ea5750ef32f33,26112
pbc-get-596396ca557f67be8d336eb2,PBC_AFRE_STOCK,https://www.pbc.gov.cn/diaochatongjisi/fileDir/resource/cms/2019/05/2019053116184634287.pdf,200,SUCCESS,2026-09-08T11:17:49.216764Z,3eda7ba77680f9e056823c8bd71744e065d9a73818605a9c2d0497d97002d63e,82844
pbc-get-9ba473c3b9a48afad18cae22,PBC_M2,https://www.pbc.gov.cn/diaochatongjisi/fileDir/resource/cms/2016/01/2016011818584510775.htm,200,CONTENT_REJECTED,2026-09-08T11:17:50.316889Z,a81b634310d859629a6a4f51f396decf963560dc7c65acd3685451a6c61951ce,52631
pbc-get-894e1912e3a80c908b76b464,PBC_M2,https://www.pbc.gov.cn/diaochatongjisi/fileDir/resource/cms/2016/01/2016012017255038120.xls,200,SUCCESS,2026-09-08T11:17:51.417217Z,c051f9daa6b9ebcf905bbc133d81e7204a230667d114d4360f4103103c294be8,17920
pbc-get-952c79f0af949fa7fcd35c47,PBC_M2,https://www.pbc.gov.cn/diaochatongjisi/fileDir/resource/cms/2016/01/2016012017255041104.pdf,200,SUCCESS,2026-09-08T11:17:52.517627Z,a2faa8884c05ebb326ecfe6dd75270b350b6ccd079d63fe9ae20863b26592375,235059
pbc-get-7f3ef11234ec64e81d790eda,PBC_STATISTICS_INDEX,https://www.pbc.gov.cn/diaochatongjisi/116219/116319/3013637/3013639/index.html,200,SUCCESS,2026-09-08T11:17:53.618146Z,732632f4e76a35afeabf06f873885065046de4bc8248548fb3e54a0ca8eec97a,26042
pbc-get-7f64448407b9299b1bf76280,PBC_AFRE_STOCK,https://www.pbc.gov.cn/diaochatongjisi/fileDir/resource/cms/2018/04/2018041118085441632.htm,200,SUCCESS,2026-09-08T11:17:54.718672Z,eaaae74fb3bb003fbd515b917bbbacf7a7d7eb30f183bbc669963b95f64c6b63,69781
pbc-get-b1abbbe86042c630556abbce,PBC_AFRE_STOCK,https://www.pbc.gov.cn/diaochatongjisi/fileDir/resource/cms/2018/04/2018041810585987735.xls,200,SUCCESS,2026-09-08T11:17:55.818929Z,b04a81c5eff4e3ff0022227891a5dd676716e098a954368130e8b3c2cf9a42b6,31744
pbc-get-16cf967ded0ad6ffe6197bd0,PBC_AFRE_STOCK,https://www.pbc.gov.cn/diaochatongjisi/fileDir/resource/cms/2018/04/2018041810585945643.pdf,200,SUCCESS,2026-09-08T11:17:56.919028Z,42111df1288cb6283467a807b27421a21b63e385036ef820808444e56258b1af,59138
pbc-get-6965c5852d33a6bb024e5ad4,PBC_STATISTICS_INDEX,https://www.pbc.gov.cn/diaochatongjisi/116219/116319/3013637/3013641/index.html,200,SUCCESS,2026-09-08T11:17:58.019331Z,9a01fbd67546418993d0326c5ed337795163386baed94bee0ba0e85f3ceb5b63,32138
pbc-get-57a982d0decc3086a98c625a,PBC_M2,https://www.pbc.gov.cn/diaochatongjisi/fileDir/resource/cms/2017/01/2017011618241733781.htm,200,CONTENT_REJECTED,2026-09-08T11:17:59.119506Z,4a4848482dba096951e33546a793280564a8c614baf217a19a315f937377aca2,43659
pbc-get-c1105e85d9b04cc4c8df7967,PBC_M2,https://www.pbc.gov.cn/diaochatongjisi/fileDir/resource/cms/2017/01/2017011815321433867.xls,200,SUCCESS,2026-09-08T11:18:00.220079Z,c53f6e7d338c3fb969f02e63006b785b3ff4ed00b6903ae77e14b0d3670bab87,25600
pbc-get-0ceca7f9324f7ca5e27cff79,PBC_M2,https://www.pbc.gov.cn/diaochatongjisi/fileDir/resource/cms/2017/01/2017011815321483353.pdf,200,SUCCESS,2026-09-08T11:18:01.320412Z,93dfa3208313a867ee0222ebe9d16d593c45e430cb48ef8480cfbe53960b7cea,96574
pbc-get-e9cbdbb4a4a7b1a2a6901ded,PBC_STATISTICS_INDEX,https://www.pbc.gov.cn/diaochatongjisi/116219/116319/3245697/3245811/index.html,200,SUCCESS,2026-09-08T11:18:02.420544Z,8e3ba99f75a93a46a0038d9538746ae4c09d0a2757d00f24905431c06d60067b,26022
pbc-get-5326159dc86ed277a0bd9f5c,PBC_AFRE_STOCK,https://www.pbc.gov.cn/diaochatongjisi/fileDir/resource/cms/2018/04/2018041118111916933.htm,200,SUCCESS,2026-09-08T11:18:03.520956Z,252d0639f9a5f8a33242040848f83096d9eb0289fa55cb81d0e4a225069ce421,63524
pbc-get-3a12004b8f889e71a3231f67,PBC_AFRE_STOCK,https://www.pbc.gov.cn/diaochatongjisi/fileDir/resource/cms/2018/04/2018041811054734868.xls,200,SUCCESS,2026-09-08T11:18:04.621441Z,488ff5553971ad9c84860786215a0e487028dce53c3b6d3eb7308acd91a34a47,32256
pbc-get-46b9350264b0758a95b4d75d,PBC_AFRE_STOCK,https://www.pbc.gov.cn/diaochatongjisi/fileDir/resource/cms/2018/04/2018041811054710600.pdf,200,SUCCESS,2026-09-08T11:18:05.721870Z,c256f9c19d0028f8b3a1efde2c477fe6c590cb84c813b973e540a936802a4e6e,59537
pbc-get-94bab66be335900986e3273e,PBC_STATISTICS_INDEX,https://www.pbc.gov.cn/diaochatongjisi/116219/116319/3245697/3245856/index.html,200,SUCCESS,2026-09-08T11:18:06.821985Z,71d4e784c0ce60f2f95d823e9d231d9ef0f3bbab60021993e7569366d87cc669,32188
pbc-get-ada3556c54c224592b1a9132,PBC_M2,https://www.pbc.gov.cn/diaochatongjisi/fileDir/resource/cms/2018/04/2018041812261055101.htm,200,CONTENT_REJECTED,2026-09-08T11:18:07.922508Z,7ec852b496b88980354773b7d3acbcf63c6dc84aebe5d136860871a6bc496c34,51997
pbc-get-2e965559581779e184f26a51,PBC_M2,https://www.pbc.gov.cn/diaochatongjisi/fileDir/resource/cms/2019/03/2019032816071149486.xls,200,SUCCESS,2026-09-08T11:18:09.023082Z,27042c8873b1b2262b38571bb05f752777d3a76527fd73a661e85556800c29c8,25600
pbc-get-c1e6933c17a48b90b42bdced,PBC_M2,https://www.pbc.gov.cn/diaochatongjisi/fileDir/resource/cms/2019/03/2019032816082219734.pdf,200,SUCCESS,2026-09-08T11:18:10.123552Z,70712893ab56935965959b0976bcd414636c4cba2416c3c09466c3327b3ffca6,105057
pbc-get-f55cb4763675fd261c6e14d3,PBC_STATISTICS_INDEX,https://www.pbc.gov.cn/diaochatongjisi/116219/116319/3471721/3471757/index.html,200,SUCCESS,2026-09-08T11:18:11.223846Z,a4d6b66cf7f4bf51232a5ee13b1ed9859f6a6fc290180737e1d4b7f0ff11648e,26082
pbc-get-1c37d5e09543602ebd5dc0c6,PBC_AFRE_STOCK,https://www.pbc.gov.cn/diaochatongjisi/fileDir/resource/cms/2019/01/2019011618550978711.htm,200,SUCCESS,2026-09-08T11:18:12.324190Z,c678e0ff853742dc70d6818c57e4067ed5f37ec1b6796852bcf6d1b9402a2599,116224
pbc-get-c048293445ce7bc28e8b28fe,PBC_AFRE_STOCK,https://www.pbc.gov.cn/diaochatongjisi/fileDir/resource/cms/2019/05/2019050709591895742.xls,200,SUCCESS,2026-09-08T11:18:13.424602Z,a41616d46b173dda6eeff1cf3c17b0fb900efd6571046f489a480f4e713c1d93,49152
pbc-get-9972a9f54a407f978d38a446,PBC_AFRE_STOCK,https://www.pbc.gov.cn/diaochatongjisi/fileDir/resource/cms/2019/05/2019050709591828755.pdf,200,SUCCESS,2026-09-08T11:18:14.524952Z,34d0fb61e00b58a0d41a663e5aff50e30515be979e8df2554b851e229371d5ff,70724
pbc-get-cf498bc231234b9d42c1957d,PBC_STATISTICS_INDEX,https://www.pbc.gov.cn/diaochatongjisi/116219/116319/3471721/3471760/index.html,200,SUCCESS,2026-09-08T11:18:15.625274Z,6e029741e7362f4671fc9fe1931b0e0ec1da742380ce152ad4fad160cf62be5b,32205
pbc-get-eac1f7b15f19fd93e3293a85,PBC_M2,https://www.pbc.gov.cn/diaochatongjisi/fileDir/resource/cms/2019/01/2019011619032875652.htm,200,CONTENT_REJECTED,2026-09-08T11:18:16.725523Z,74e26598230b046e136f08d81a7bcd86dbde7b9d850085e7e4b79a831510066b,143604
pbc-get-65685a7b90b3679c63bfcef3,PBC_M2,https://www.pbc.gov.cn/diaochatongjisi/fileDir/resource/cms/2019/02/2019020115394298232.xls,200,SUCCESS,2026-09-08T11:18:17.825973Z,0209e3c0e937eef37e21936690e4507ecb737065912a17dc39e50f4a104a9fd2,28672
pbc-get-8828042b9ed87991eb4bd121,PBC_M2,https://www.pbc.gov.cn/diaochatongjisi/fileDir/resource/cms/2019/02/2019020115394257982.pdf,200,SUCCESS,2026-09-08T11:18:18.926332Z,1826bee0d079cce178a35276a76ce9e0b692fe03d1facd2d24291e9b4787c2d8,129443
pbc-get-a6cc6f91d8756777d8e60350,PBC_STATISTICS_INDEX,https://www.pbc.gov.cn/diaochatongjisi/116219/116319/3750274/3750282/index.html,200,SUCCESS,2026-09-08T11:18:20.026540Z,bb4d77675e48866ac42e131f738439a403b92c08ccdb15db11f46c4c044a7184,25974
pbc-get-9b1934bc388d5820134cecc8,PBC_AFRE_STOCK,https://www.pbc.gov.cn/diaochatongjisi/attachDir/2025/11/2025110511314310358.htm,200,SUCCESS,2026-09-08T11:18:21.127052Z,4b2b5061d452be24ea5e8bec4643b142db4a80f0aeca2b7162c09761a4a848b3,333227
pbc-get-349490eb4e72e54cfe32cb70,PBC_AFRE_STOCK,https://www.pbc.gov.cn/diaochatongjisi/attachDir/2025/11/2025110511314352412.xls,200,SUCCESS,2026-09-08T11:18:22.227179Z,1666ccae608092a8544be44be3f849e4c8825506d2a4afe4048d7723e7749cd1,39424
pbc-get-ffdc1d909c401702fae6e162,PBC_STATISTICS_INDEX,https://www.pbc.gov.cn/diaochatongjisi/116219/116319/3750274/3750284/index.html,200,SUCCESS,2026-09-08T11:18:23.327341Z,444dbb47081167f4c378e571c7b11bb0162806fd3ad2c1021c00a13c8ff52cc8,31676
pbc-get-2cfd2de2c9f57c19961d5980,PBC_M2,https://www.pbc.gov.cn/diaochatongjisi/fileDir/resource/cms/2020/01/2020011716393273983.htm,200,CONTENT_REJECTED,2026-09-08T11:18:24.427901Z,b75af050672a935f1dd908c1dc99b739605c95cd13c89b5e2697a3f68752b5a5,51527
pbc-get-c1465e0547e79441212bebf3,PBC_M2,https://www.pbc.gov.cn/diaochatongjisi/fileDir/resource/cms/2020/01/2020011915353816215.xls,200,SUCCESS,2026-09-08T11:18:25.528230Z,ae1733b3bc790380806bbc3d376851ffb8b1ca89e27a92de6a209592e6fa650f,15360
pbc-get-2b6035743fd742d25e8ce790,PBC_M2,https://www.pbc.gov.cn/diaochatongjisi/fileDir/resource/cms/2020/01/2020011915353830823.pdf,200,SUCCESS,2026-09-08T11:18:26.628512Z,fe969a404bd80630c06915845deb98c7ed06c67f09ba3e8ff61be9e86b43a0cb,113971
pbc-get-4ad21b42d83861211a3d0ed9,PBC_STATISTICS_INDEX,https://www.pbc.gov.cn/diaochatongjisi/116219/116319/3959050/3959051/index.html,200,SUCCESS,2026-09-08T11:18:27.728723Z,ea9a8d0b5189c7c822ac5ae6294ea8c39bfeebf2b3590329543ab1586ab2a675,25974
pbc-get-780c26ec3d51654c1e507859,PBC_AFRE_STOCK,https://www.pbc.gov.cn/diaochatongjisi/attachDir/2025/11/2025110510124316581.htm,200,SUCCESS,2026-09-08T11:18:28.828955Z,b876e8db08c0a33a607cd7f3fa88a5f88143a2ed41dfa071b21a2fff2cd4e6f7,93573
pbc-get-ef6f5310afeaef5b013b093d,PBC_AFRE_STOCK,https://www.pbc.gov.cn/diaochatongjisi/attachDir/2025/11/2025110510125962568.xls,200,SUCCESS,2026-09-08T11:18:29.929094Z,00803c99b28ebd6d78183b87fe09868f8907946e8315b8b348a4a4a3e39400be,24064
pbc-get-08eeb65b6dcdb477099af770,PBC_AFRE_STOCK,https://www.pbc.gov.cn/diaochatongjisi/attachDir/2025/11/2025110510125195208.pdf,200,SUCCESS,2026-09-08T11:18:31.029454Z,a9eaf7a0f6b6fa97b7015aee32263a22159439182352c112e1f78fdeaa1dcd26,126105
pbc-get-8dd707f1face8aeb46e09ab7,PBC_STATISTICS_INDEX,https://www.pbc.gov.cn/diaochatongjisi/116219/116319/3959050/3959052/index.html,200,SUCCESS,2026-09-08T11:18:32.129662Z,40f5d6113f9dc154b7475ea12dc843ccb36d3c38e8af0187e482a27c5eaf85db,31401
pbc-get-00270ab1618fa953d51c924c,PBC_M2,https://www.pbc.gov.cn/diaochatongjisi/attachDir/2025/11/2025110510340673173.htm,200,CONTENT_REJECTED,2026-09-08T11:18:33.230009Z,13a528b400927e6d21d7ddfc0d91e7f4131fba25e34870c56aef3ebb1f104ab1,49999
pbc-get-d38a1b9bf0b4cd06feeffc06,PBC_M2,https://www.pbc.gov.cn/diaochatongjisi/attachDir/2025/11/2025110510364377981.xls,200,SUCCESS,2026-09-08T11:18:34.330121Z,8a96ba84a4374e68fe7c939e73a3e3c2295d35de5f68234550cb35700443410f,12288
pbc-get-30ce9b0ac04506b802406626,PBC_M2,https://www.pbc.gov.cn/diaochatongjisi/attachDir/2025/11/2025110510383317027.pdf,200,SUCCESS,2026-09-08T11:18:35.430581Z,b55ae10fe225d1f18309b0d36f2a686b2961c7f99d9b90964c286ae859ff9ca3,120924
pbc-get-931809ba7bc4611cb4e0223a,PBC_STATISTICS_INDEX,https://www.pbc.gov.cn/diaochatongjisi/116219/116319/4184109/4184110/index.html,200,SUCCESS,2026-09-08T11:18:36.530686Z,1c2382c89b7bc19b901bcc4d5fb79bcd3239fff861f6fe566f784d0b9a8f1988,25974
pbc-get-1d90b8e4e975d908f0271a36,PBC_AFRE_STOCK,https://www.pbc.gov.cn/diaochatongjisi/attachDir/2025/11/2025110510031398134.htm,200,SUCCESS,2026-09-08T11:18:37.631445Z,d1bef133592ec4ae872a91976382d127a18da0014fe6b6b5e28cbb49d53b4e6b,84952
pbc-get-99a780f431fd78604d910303,PBC_AFRE_STOCK,https://www.pbc.gov.cn/diaochatongjisi/attachDir/2025/11/2025110510030348458.xls,200,SUCCESS,2026-09-08T11:18:38.731996Z,566587a17c4a3b8b2ae1a992ef4eeab09543f976fa5f30cfb3fc075943a89e74,38400
pbc-get-b83163c1e71ea61cbf0b792f,PBC_AFRE_STOCK,https://www.pbc.gov.cn/diaochatongjisi/attachDir/2025/11/2025110510032295825.pdf,200,SUCCESS,2026-09-08T11:18:39.832126Z,d7f65ffe7cf97c269980aba8b7124e1b3ffe4ef0fb78ff1d48e30ba744ba93d2,132478
pbc-get-73f31aed63365017907b8111,PBC_STATISTICS_INDEX,https://www.pbc.gov.cn/diaochatongjisi/116219/116319/4184109/4184111/index.html,200,SUCCESS,2026-09-08T11:18:40.932547Z,aaeab6f73b1b0522df1c4b8e4a9ef47a57c01f9466e84e3a4fdd4dbecebaef33,31403
pbc-get-8b7e2e77c607ea7696d609e8,PBC_M2,https://www.pbc.gov.cn/diaochatongjisi/attachDir/2025/11/2025110510401872306.htm,200,CONTENT_REJECTED,2026-09-08T11:18:42.032889Z,1da24f849ade6c1102296c6d9dd298db840193e5f237d76e0c6b41f234d46bad,50001
pbc-get-8f3da7d892bb64024901ba2c,PBC_M2,https://www.pbc.gov.cn/diaochatongjisi/attachDir/2025/11/2025110510393123006.xlsx,200,SUCCESS,2026-09-08T11:18:43.132977Z,35c56bbca4969ca41cce7840c6f31f0ff315dd246cb37bf467b06ede2fe8c10c,13588
pbc-get-7e0a6171b13c105a85819188,PBC_M2,https://www.pbc.gov.cn/diaochatongjisi/attachDir/2025/11/2025110510402820066.pdf,200,SUCCESS,2026-09-08T11:18:44.233174Z,16ada59c98686b9aa39dacdf11828ac6f99cb430ecffee59ae6844847597d0e0,115247
pbc-get-35f4567ad283429df26a3aa5,PBC_STATISTICS_INDEX,https://www.pbc.gov.cn/diaochatongjisi/116219/116319/4458449/4458450/index.html,200,SUCCESS,2026-09-08T11:18:45.333629Z,1ca184f34ced7bc2e78fc32ae1884b258ba4abb50979f89dfe620e9795f1c485,25976
pbc-get-6e492a3d5038ec5830faab99,PBC_AFRE_STOCK,https://www.pbc.gov.cn/diaochatongjisi/attachDir/2025/11/2025110417020995044.htm,200,SUCCESS,2026-09-08T11:18:46.434034Z,45661912146270937cc80a946892c58018ac6b098d98a49e571418d85dff8eaf,84567
pbc-get-bf6550faf55d7177fb32e38a,PBC_AFRE_STOCK,https://www.pbc.gov.cn/diaochatongjisi/attachDir/2025/11/2025110417010166853.xlsx,200,SUCCESS,2026-09-08T11:18:47.534344Z,ec039caad4d1533041f19d5e2648a861e4f4035b6b059c43e5c88074d648d972,17541
pbc-get-101c392ed4517a64219251c4,PBC_AFRE_STOCK,https://www.pbc.gov.cn/diaochatongjisi/attachDir/2025/11/2025110417014517836.pdf,200,SUCCESS,2026-09-08T11:18:48.634861Z,c3d51549c7d6e447b3903845a1168efbfb85077c2e18b6fe8469d61e58f58337,82048
pbc-get-4569052836ca304939a43eee,PBC_STATISTICS_INDEX,https://www.pbc.gov.cn/diaochatongjisi/116219/116319/4458449/4458451/index.html,200,SUCCESS,2026-09-08T11:18:49.735342Z,b9841827639410128f798ee2cfe21ce3be571368997d26c03d1dd7da63378da9,31386
pbc-get-fe5aa496625fa9890ff9162c,PBC_M2,https://www.pbc.gov.cn/diaochatongjisi/attachDir/2025/11/2025110417121192339.htm,200,CONTENT_REJECTED,2026-09-08T11:18:50.835797Z,9bde06b38b2f573a9455428458bc8302a3fe9447d3e24f9f8fd7fdb86d55e5f1,48530
pbc-get-5acdf176d3532c24b0951ae7,PBC_M2,https://www.pbc.gov.cn/diaochatongjisi/attachDir/2025/11/2025110417122028124.xls,200,SUCCESS,2026-09-08T11:18:51.936013Z,debab55e6e18cff6570c7dcb8e5aa29342b993a22ecd66925da38c9567974192,27648
pbc-get-309d14764f4df043f6b2b522,PBC_M2,https://www.pbc.gov.cn/diaochatongjisi/attachDir/2025/11/2025110417122994319.pdf,200,SUCCESS,2026-09-08T11:18:53.036169Z,45bbf41ed9939fdde911fbcb6a9d7d814985cf3ae1340b9d99bf326d9a9dcfd2,109774
pbc-get-7c1f23c2f89794973f3f0282,PBC_STATISTICS_INDEX,https://www.pbc.gov.cn/diaochatongjisi/116219/116319/4780803/4780804/index.html,200,SUCCESS,2026-09-08T11:18:54.136503Z,92e4599861b9d68e78280ba2cce00227db34b1d6d8abd2bc3e056ec7c4b4e1c8,25965
pbc-get-14b0c2cf55af62ee91717332,PBC_AFRE_STOCK,https://www.pbc.gov.cn/diaochatongjisi/attachDir/2025/11/2025110416000696359.htm,200,SUCCESS,2026-09-08T11:18:55.236927Z,76dcbb21e3724efcf1d330c836ffedbd9a61a6a2d72756dcd29acb90ad0c7ae6,92955
pbc-get-e9404d5b5d386f8db47c0743,PBC_AFRE_STOCK,https://www.pbc.gov.cn/diaochatongjisi/attachDir/2025/11/2025110416000632854.xlsx,200,SUCCESS,2026-09-08T11:18:56.337100Z,72c9b9f74cb9359d86e50b8f6f53fcc3df9cf35602ecf4acf2de4375cd799877,18652
pbc-get-96db7db81c5e9a709c8033a9,PBC_AFRE_STOCK,https://www.pbc.gov.cn/diaochatongjisi/attachDir/2025/11/2025110416000670943.pdf,200,SUCCESS,2026-09-08T11:18:57.437501Z,aa0b049d8108f52991325bca204618b369ecd016f0013d5f96c7c481b12fd85a,132496
pbc-get-f3bafbf32581085018186355,PBC_STATISTICS_INDEX,https://www.pbc.gov.cn/diaochatongjisi/116219/116319/4780803/4780805/index.html,200,SUCCESS,2026-09-08T11:18:58.537843Z,5fc674d99820193c824afafe2709495a48cebbae5822dfe9ad65eb5ef403b501,31408
pbc-get-212cfb45eca80baefdbe2f1c,PBC_M2,https://www.pbc.gov.cn/diaochatongjisi/attachDir/2025/11/2025110416484155591.htm,200,CONTENT_REJECTED,2026-09-08T11:18:59.638052Z,bc87327d98d569f6af3f4d931ef8c5b2fea7758efa2465cc0a3411fdb5140052,49358
pbc-get-9e7aa6751dd70b1e720ec8a7,PBC_M2,https://www.pbc.gov.cn/diaochatongjisi/attachDir/2025/11/2025110416473774723.xlsx,200,SUCCESS,2026-09-08T11:19:00.738492Z,9c2bb355045314b69255dab92825e96135c430d3d69de8ecabb26ef68a151a24,13265
pbc-get-b4f8aafed909bc0e492921a0,PBC_M2,https://www.pbc.gov.cn/diaochatongjisi/attachDir/2025/11/2025110416490190973.pdf,200,SUCCESS,2026-09-08T11:19:01.838776Z,2e1017273b47248f3cc1244537a8054b93f933887848b928adf60b44edf17bf2,110145
pbc-get-a46f2e1222a2e2e24d6f22d4,PBC_STATISTICS_INDEX,https://www.pbc.gov.cn/diaochatongjisi/116219/116319/5225358/5225359/index.html,200,SUCCESS,2026-09-08T11:19:02.938998Z,9c2fa135744f7fd0227ef3aa8ee4cf67ff8b6aad2c658cbd641ff304c7011299,25932
pbc-get-96a8128c72e91d7778f79d01,PBC_AFRE_STOCK,https://www.pbc.gov.cn/diaochatongjisi/attachDir/2025/11/2025111416272086731.htm,200,SUCCESS,2026-09-08T11:19:04.039516Z,7ac519ac2c6840f0c8add9a5f5609330adc3ed3bf107bb0c53bea245027bd0bb,60421
pbc-get-6110f3d2be2c68587f9e406e,PBC_AFRE_STOCK,https://www.pbc.gov.cn/diaochatongjisi/attachDir/2025/11/2025111416273097092.xlsx,200,SUCCESS,2026-09-08T11:19:05.139646Z,0414fe39da90c493e96cc2c92f1a21fa114b5a299408f3a5a3bfb4530732e631,17122
pbc-get-a009835cb7aac1e26ee9706a,PBC_AFRE_STOCK,https://www.pbc.gov.cn/diaochatongjisi/attachDir/2025/11/2025111416274070278.pdf,200,SUCCESS,2026-09-08T11:19:06.240102Z,6a693ca804b5229403a6bd7ef67393ff4fe335a30d000ff465334f2aa6060d5b,118580
pbc-get-5eeaba03eb65b93368559e76,PBC_STATISTICS_INDEX,https://www.pbc.gov.cn/diaochatongjisi/116219/116319/5225358/5225360/index.html,200,SUCCESS,2026-09-08T11:19:07.340268Z,d3165a44e952ebdc1d723f172a34c12d40f193e7f324406ff95383cf09d7f1c2,31392
pbc-get-a6f450327ffd8704ff943170,PBC_M2,https://www.pbc.gov.cn/diaochatongjisi/attachDir/2025/11/2025111416483339795.htm,200,CONTENT_REJECTED,2026-09-08T11:19:08.440775Z,70837f4f2cc1332216104bae93cbfc11d7fde60d094a6da4758283b0a0f3a9c9,49643
pbc-get-9653b82c63b69942badb3558,PBC_M2,https://www.pbc.gov.cn/diaochatongjisi/attachDir/2025/11/2025111416485162540.xlsx,200,SUCCESS,2026-09-08T11:19:09.540940Z,fe6f0d475033716aabf3f93a734c94768f901b065574ba3e5d6237bcb4f09465,12349
pbc-get-e05b461f05b043bc80dccef1,PBC_M2,https://www.pbc.gov.cn/diaochatongjisi/attachDir/2025/11/2025111416484293445.pdf,200,SUCCESS,2026-09-08T11:19:10.641165Z,4a8b1c25fdd02d5f4f56fd3f8ad2960dd05cdbe5c736fe64cf45de1f0a3dd6a4,96517
pbc-get-94058c4e4a63f089d029c577,PBC_STATISTICS_INDEX,https://www.pbc.gov.cn/diaochatongjisi/116219/116319/5570903/5570885/index.html,200,SUCCESS,2026-09-08T11:19:11.741409Z,042a1b55fcd67245047a336d6e3d688a691df9edbd12f10400806984994f4ede,25944
pbc-get-3693326920759f8acf61908d,PBC_AFRE_STOCK,https://www.pbc.gov.cn/diaochatongjisi/attachDir/2026/02/2026021416101539242.htm,200,SUCCESS,2026-09-08T11:19:12.841922Z,a34395206d1b0c2aaa292df1a3e0e2d17c37e1c497563962e43fba8732a71a86,57555
pbc-get-7a2f12cbb2c9a82112d3c315,PBC_AFRE_STOCK,https://www.pbc.gov.cn/diaochatongjisi/attachDir/2026/02/2026021616264071771.xlsx,200,SUCCESS,2026-09-08T11:19:13.942071Z,c782c995690dee13d0199417d05e43e845c00d145cf42a244169721e248079cb,16605
pbc-get-ed90cd17e168dd7064b00d72,PBC_AFRE_STOCK,https://www.pbc.gov.cn/diaochatongjisi/attachDir/2026/02/2026021616264076998.pdf,200,SUCCESS,2026-09-08T11:19:15.042446Z,717cd7b10a18a0e7794cde0064d6b3a5f3c15ceb908b47e4c77348a80178c1c4,237683
pbc-get-37c392f7b30c6e777a1fcf08,PBC_STATISTICS_INDEX,https://www.pbc.gov.cn/diaochatongjisi/116219/116319/5570903/5570886/index.html,200,SUCCESS,2026-09-08T11:19:16.142654Z,3b9b610b6520b7e18e11d19f7c9e5647e385cbfb57eba1c6444dea1da8b9eb96,31447
pbc-get-a9ebaa6db83ba966cf547abb,PBC_M2,https://www.pbc.gov.cn/diaochatongjisi/attachDir/2026/01/2026011515582640595.htm,200,SUCCESS,2026-09-08T11:19:17.243175Z,c94755c94d4000b9b81f99f02d78cdcf8ee27068547f8e0ed142985667228bfa,57355
pbc-get-5e67d2ce3006c39ceed05bd8,PBC_M2,https://www.pbc.gov.cn/diaochatongjisi/attachDir/2026/01/2026011517191991857.xlsx,200,SUCCESS,2026-09-08T11:19:18.343564Z,e1f7edbfb8f9a8616027c061c942f8c180ac0d0a20637551e5a5ee704a08422d,13233
pbc-get-a1dc2a43b0020fd3def7e32e,PBC_M2,https://www.pbc.gov.cn/diaochatongjisi/attachDir/2026/01/2026011517191958393.pdf,200,SUCCESS,2026-09-08T11:19:19.443873Z,ac13de97e9283de1889c41ea46687d9a766d7ddba973c1341a49f2b80e8beff8,104338
pbc-get-58e3f74c82284d3099290c89,PBC_STATISTICS_INDEX,https://www.pbc.gov.cn/diaochatongjisi/116219/116319/116357/index.html,200,SUCCESS,2026-09-08T11:20:22.092294Z,a2e4991ec43ed6c36538c2bae1e084e096e4e2ef9b6c71b503fcced60fb88751,35699
pbc-get-603d219851d821dd9301a383,PBC_STATISTICS_INDEX,https://www.pbc.gov.cn/diaochatongjisi/116219/116319/116360/index.html,200,SUCCESS,2026-09-08T11:20:23.192435Z,2b4906efdf14c1eb1d3b9ba9c0a682e8cfa9168f266c97e7a4e10b84009a4165,35406
pbc-get-a973b7c9725b1e78862b4123,PBC_STATISTICS_INDEX,https://www.pbc.gov.cn/diaochatongjisi/116219/116319/116363/index.html,200,SUCCESS,2026-09-08T11:20:24.292961Z,2b0436d7b9a8fca91b53e08416f6bba07421772aa65a499d2572424bce0c6447,35049
pbc-get-d4e40b509f63ee8519e8a06b,PBC_STATISTICS_INDEX,https://www.pbc.gov.cn/diaochatongjisi/116219/116319/116366/index.html,200,SUCCESS,2026-09-08T11:20:25.393550Z,9e4eb0f8cd7ee37c5ba03037bdc80b9744f64c0bf8d2d3835458d288e2c0be59,35050
pbc-get-113ec6ba5b56fae87cdab2d7,PBC_STATISTICS_INDEX,https://www.pbc.gov.cn/diaochatongjisi/116219/116319/116369/index.html,200,SUCCESS,2026-09-08T11:20:26.493969Z,4641758e004c88a64a4f33268c1d799be39f5ff28444593360526a901f0c0a8e,46573
pbc-get-e345fe307e054594dcfb1a35,PBC_STATISTICS_INDEX,https://www.pbc.gov.cn/diaochatongjisi/116219/116319/116372/index.html,200,SUCCESS,2026-09-08T11:20:27.594258Z,6c53dbe7c044adca5bab07eb1edba7fcfd22ab44dae4b319e9b385a73bd9cf37,41654
pbc-get-8dda6716137873c007b42f44,PBC_STATISTICS_INDEX,https://www.pbc.gov.cn/diaochatongjisi/116219/116319/116375/index.html,200,SUCCESS,2026-09-08T11:20:28.694567Z,d56ed7c2747bf51ba14647f7f559021ff9003f599d294cdeed429b8421179568,32033
pbc-get-1362cb3ed95455673ad66c3f,PBC_STATISTICS_INDEX,https://www.pbc.gov.cn/diaochatongjisi/116219/116319/116378/index.html,200,SUCCESS,2026-09-08T11:20:29.795099Z,5b417a1364616afbaab11f7d3868b3a01d4bf6f386af5258911e3a96250c887c,32033
pbc-get-f4d717285f3e3bc2334a3564,PBC_STATISTICS_INDEX,https://www.pbc.gov.cn/diaochatongjisi/116219/116319/116381/index.html,200,SUCCESS,2026-09-08T11:20:30.895230Z,e5c50c0d6f38acfce6a4fb42b1678ac9fad1c56ecb505091c8aee4871624f3f2,31779
pbc-get-d14aba44a4f82aa2b7a4dd2a,PBC_STATISTICS_INDEX,https://www.pbc.gov.cn/diaochatongjisi/116219/116319/116384/index.html,200,SUCCESS,2026-09-08T11:20:31.995625Z,bee729121bc5d3fdbb927aefaa12dc6977bacebbe9381890eac12dd388bb86f0,31779
pbc-get-3296faec727cd75a13f18c2e,PBC_M2,http://www.pbc.gov.cn/eportal/fileDir/defaultCurSite/resource/cms/2015/07/2014s07.htm,404,HTTP_ERROR,2026-09-08T11:20:33.095777Z,55f7d9e99b8e2d4e0e193b2f0275501e6d9c1ebd29cadbea6a0da48a8587e3e0,146
pbc-get-4ee380a0ad099b364f63f636,PBC_M2,http://www.pbc.gov.cn/eportal/fileDir/defaultCurSite/resource/cms/2015/07/2013s07.htm,200,SUCCESS,2026-09-08T11:20:35.296353Z,eefc866aa6411b20a8ed683bd15db7423b02199bb3b78ebdb81df9c5012965e3,25845
pbc-get-8175e52e0c6748b3534ef5fc,PBC_M2,http://www.pbc.gov.cn/eportal/fileDir/defaultCurSite/resource/cms/2015/07/2012s07.htm,404,HTTP_ERROR,2026-09-08T11:20:37.496873Z,55f7d9e99b8e2d4e0e193b2f0275501e6d9c1ebd29cadbea6a0da48a8587e3e0,146
pbc-get-1885a9c6a4d2d7195f0e12d0,PBC_M2,http://www.pbc.gov.cn/eportal/fileDir/defaultCurSite/resource/cms/2015/07/2011s07.htm,200,SUCCESS,2026-09-08T11:20:39.697723Z,c08919dc08a06f6aeedfb51d5f2565190b6250ac7ae2462ed73f1d74bd9f03af,41821
pbc-get-541ab9086a6b4476d557fb97,PBC_M2,http://www.pbc.gov.cn/eportal/fileDir/defaultCurSite/resource/cms/2015/07/2010s07.htm,200,SUCCESS,2026-09-08T11:20:41.898157Z,9b5c3c72d075a6ea65c658a36e99380e32066d71d793faa27059ee73da88c128,39288
pbc-get-ec58f65ccd66da9c2660747f,PBC_M2,http://www.pbc.gov.cn/eportal/fileDir/defaultCurSite/resource/cms/2015/07/2009s07.htm,200,SUCCESS,2026-09-08T11:20:44.099190Z,00a422c5c79d0267aed84778af1a073b38e4c7600c5f093e0e620efc216c71ee,26989
pbc-get-e4f282d2e126304417cb3055,PBC_M2,http://www.pbc.gov.cn/eportal/fileDir/defaultCurSite/resource/cms/2015/07/2008S07.htm,404,HTTP_ERROR,2026-09-08T11:20:46.299868Z,55f7d9e99b8e2d4e0e193b2f0275501e6d9c1ebd29cadbea6a0da48a8587e3e0,146
pbc-get-84e38ab1b240fbd1d1213bab,PBC_M2,https://www.pbc.gov.cn/diaochatongjisi/116219/116319/116369/index.html,200,SUCCESS,2026-09-08T11:20:48.500872Z,4641758e004c88a64a4f33268c1d799be39f5ff28444593360526a901f0c0a8e,46573
pbc-get-1cb6487b95328104f89b507a,PBC_M2,http://www.pbc.gov.cn/eportal/fileDir/defaultCurSite/resource/cms/2015/07/2007S07.htm,200,SUCCESS,2026-09-08T11:20:49.601408Z,209decd0109391f26282ead93f9a71b9ce12575f5524563a716d60993f09f5f0,41723
pbc-get-3b7243eee58c9ad9c7e54f28,PBC_M2,https://www.pbc.gov.cn/diaochatongjisi/116219/116319/116372/index.html,200,SUCCESS,2026-09-08T11:20:51.801962Z,6c53dbe7c044adca5bab07eb1edba7fcfd22ab44dae4b319e9b385a73bd9cf37,41654
pbc-get-4b01843821caf36afe587d4d,PBC_M2,http://www.pbc.gov.cn/eportal/fileDir/defaultCurSite/resource/cms/2015/07/2006S07.htm,200,SUCCESS,2026-09-08T11:20:52.902449Z,1be603166372ea614822adda2bf5317316d1c9104cf2fa4b5ef3c6b0366069b7,43373
pbc-get-7339af10f400c0223857c68f,PBC_M2,https://www.pbc.gov.cn/diaochatongjisi/fileDir/resource/cms/2016/01/2016011818584510775.htm,200,SUCCESS,2026-09-08T11:20:55.102971Z,a81b634310d859629a6a4f51f396decf963560dc7c65acd3685451a6c61951ce,52631
pbc-get-15ecf0b3fef7c23e7b613553,PBC_M2,https://www.pbc.gov.cn/diaochatongjisi/fileDir/resource/cms/2017/01/2017011618241733781.htm,200,SUCCESS,2026-09-08T11:20:56.203368Z,4a4848482dba096951e33546a793280564a8c614baf217a19a315f937377aca2,43659
pbc-get-61b5a5cdb575a556217a48a3,PBC_M2,https://www.pbc.gov.cn/diaochatongjisi/fileDir/resource/cms/2018/04/2018041812261055101.htm,200,SUCCESS,2026-09-08T11:20:57.304262Z,7ec852b496b88980354773b7d3acbcf63c6dc84aebe5d136860871a6bc496c34,51997
pbc-get-bb9f671966ae30e60c6291d5,PBC_M2,https://www.pbc.gov.cn/diaochatongjisi/fileDir/resource/cms/2019/01/2019011619032875652.htm,200,SUCCESS,2026-09-08T11:20:58.404507Z,74e26598230b046e136f08d81a7bcd86dbde7b9d850085e7e4b79a831510066b,143604
pbc-get-91212b8c8aa67b7543af4c45,PBC_M2,https://www.pbc.gov.cn/diaochatongjisi/fileDir/resource/cms/2020/01/2020011716393273983.htm,200,SUCCESS,2026-09-08T11:20:59.504921Z,b75af050672a935f1dd908c1dc99b739605c95cd13c89b5e2697a3f68752b5a5,51527
pbc-get-6f1c5c3cb3b761e1d5731014,PBC_M2,https://www.pbc.gov.cn/diaochatongjisi/attachDir/2025/11/2025110510340673173.htm,200,SUCCESS,2026-09-08T11:21:00.605330Z,13a528b400927e6d21d7ddfc0d91e7f4131fba25e34870c56aef3ebb1f104ab1,49999
pbc-get-66c322d7872d7b12ddd63da7,PBC_M2,https://www.pbc.gov.cn/diaochatongjisi/attachDir/2025/11/2025110510401872306.htm,200,SUCCESS,2026-09-08T11:21:01.705825Z,1da24f849ade6c1102296c6d9dd298db840193e5f237d76e0c6b41f234d46bad,50001
pbc-get-6a8fdd72a2e2a6e99d34c076,PBC_M2,https://www.pbc.gov.cn/diaochatongjisi/attachDir/2025/11/2025110417121192339.htm,200,SUCCESS,2026-09-08T11:21:02.806232Z,9bde06b38b2f573a9455428458bc8302a3fe9447d3e24f9f8fd7fdb86d55e5f1,48530
pbc-get-a32b3b95e04d97c38740d32f,PBC_M2,https://www.pbc.gov.cn/diaochatongjisi/attachDir/2025/11/2025110416484155591.htm,200,SUCCESS,2026-09-08T11:21:03.906522Z,bc87327d98d569f6af3f4d931ef8c5b2fea7758efa2465cc0a3411fdb5140052,49358
pbc-get-0c7664fc37479802a4f53609,PBC_M2,https://www.pbc.gov.cn/diaochatongjisi/attachDir/2025/11/2025111416483339795.htm,200,SUCCESS,2026-09-08T11:21:05.006848Z,70837f4f2cc1332216104bae93cbfc11d7fde60d094a6da4758283b0a0f3a9c9,49643
pbc-get-06f55af32656e68bd09b0413,PBC_AFRE_STOCK,https://xining.pbc.gov.cn/eportal/fileDir/image_public/UserFiles/chubanwu/upload/File/%E4%B8%AD%E5%9B%BD%E4%BA%BA%E6%B0%91%E9%93%B6%E8%A1%8C%E5%B9%B4%E6%8A%A52014%EF%BC%8D%E6%9C%80%E7%BB%88%E5%AE%9A%E7%A8%BF.pdf,200,SUCCESS,2026-09-08T11:21:45.610953Z,d7c4c7024a740da10d921cc6b7a03fdfc0dd6bc2659ff46e9a6dd7ae5564882b,4864182
pbc-get-59ab06e33a1c478d5869d049,PBC_M2,http://www.pbc.gov.cn/eportal/fileDir/defaultCurSite/resource/cms/2015/07/2014s07.htm,200,SUCCESS,2026-09-08T11:22:15.928335Z,01b95b6bd769a2af2161cc6c2c55086c98c9d4e12cef45cb028bba661d73f77a,28049
pbc-get-281b0e5856db2dfddd80f961,PBC_M2,http://www.pbc.gov.cn/eportal/fileDir/defaultCurSite/resource/cms/2015/07/2012s07.htm,200,SUCCESS,2026-09-08T11:22:18.128971Z,ee8e74c65d6f64908ae7880cc170a2197ee7075f4d6f81f387f92e4f266a7e65,38678
pbc-get-a3719f535d0f7e5a5a14e0c0,PBC_M2,http://www.pbc.gov.cn/eportal/fileDir/defaultCurSite/resource/cms/2015/07/2008S07.htm,200,SUCCESS,2026-09-08T11:22:20.329353Z,f9da8db6bb0ce07d8e326e3580dbe13f0b73b030cd5c5ca4689b69c5d51fe702,29809
pbc-get-1d413de4fc4f9ecb0aee89a3,PBC_M2,http://www.pbc.gov.cn/eportal/fileDir/defaultCurSite/resource/cms/2015/07/2005S14.htm,200,SUCCESS,2026-09-08T11:22:22.530198Z,88fe6c49fa8452337683623fed8e04ead30ea5335526e37a72547d18c91419b0,40695
pbc-get-de2f763efbcb45bcbdab0081,PBC_M2,https://www.pbc.gov.cn/eportal/fileDir/defaultCurSite/resource/cms/2015/07/2005S14.htm,200,SUCCESS,2026-09-08T11:29:43.134234Z,88fe6c49fa8452337683623fed8e04ead30ea5335526e37a72547d18c91419b0,40695
pbc-get-2c1a6e89409c2f825cb28e17,PBC_M2,https://www.pbc.gov.cn/eportal/fileDir/defaultCurSite/resource/cms/2015/07/2006S07.htm,200,SUCCESS,2026-09-08T11:29:44.234609Z,1be603166372ea614822adda2bf5317316d1c9104cf2fa4b5ef3c6b0366069b7,43373
pbc-get-4a50a8a4d8b32e53db2ae78e,PBC_M2,https://www.pbc.gov.cn/eportal/fileDir/defaultCurSite/resource/cms/2015/07/2007S07.htm,404,HTTP_ERROR,2026-09-08T11:29:45.335148Z,55f7d9e99b8e2d4e0e193b2f0275501e6d9c1ebd29cadbea6a0da48a8587e3e0,146
pbc-get-f957498837b3865382c0e672,PBC_M2,https://www.pbc.gov.cn/eportal/fileDir/defaultCurSite/resource/cms/2015/07/2008S07.htm,404,HTTP_ERROR,2026-09-08T11:29:46.435281Z,55f7d9e99b8e2d4e0e193b2f0275501e6d9c1ebd29cadbea6a0da48a8587e3e0,146
pbc-get-53e2f6e284fc5424562e3e52,PBC_M2,https://www.pbc.gov.cn/eportal/fileDir/defaultCurSite/resource/cms/2015/07/2009s07.htm,404,HTTP_ERROR,2026-09-08T11:29:47.535480Z,55f7d9e99b8e2d4e0e193b2f0275501e6d9c1ebd29cadbea6a0da48a8587e3e0,146
pbc-get-fca7c02083dc43d553b287ed,PBC_M2,https://www.pbc.gov.cn/eportal/fileDir/defaultCurSite/resource/cms/2015/07/2010s07.htm,200,SUCCESS,2026-09-08T11:29:48.635750Z,9b5c3c72d075a6ea65c658a36e99380e32066d71d793faa27059ee73da88c128,39288
pbc-get-dbc74228a7a0cd5971b37719,PBC_M2,https://www.pbc.gov.cn/eportal/fileDir/defaultCurSite/resource/cms/2015/07/2011s07.htm,200,SUCCESS,2026-09-08T11:29:49.735923Z,c08919dc08a06f6aeedfb51d5f2565190b6250ac7ae2462ed73f1d74bd9f03af,41821
pbc-get-61e84e8196a03b7b30d411c0,PBC_M2,https://www.pbc.gov.cn/eportal/fileDir/defaultCurSite/resource/cms/2015/07/2012s07.htm,404,HTTP_ERROR,2026-09-08T11:29:50.836238Z,55f7d9e99b8e2d4e0e193b2f0275501e6d9c1ebd29cadbea6a0da48a8587e3e0,146
pbc-get-0de94b76d4787a301dc4e4f5,PBC_M2,https://www.pbc.gov.cn/eportal/fileDir/defaultCurSite/resource/cms/2015/07/2013s07.htm,200,SUCCESS,2026-09-08T11:29:51.936387Z,eefc866aa6411b20a8ed683bd15db7423b02199bb3b78ebdb81df9c5012965e3,25845
pbc-get-9b37d3e480e174953f247306,PBC_M2,https://www.pbc.gov.cn/eportal/fileDir/defaultCurSite/resource/cms/2015/07/2014s07.htm,200,SUCCESS,2026-09-08T11:29:53.036818Z,01b95b6bd769a2af2161cc6c2c55086c98c9d4e12cef45cb028bba661d73f77a,28049
pbc-get-50f38a2cc22cbc64b42614a8,PBC_M2,https://www.pbc.gov.cn/diaochatongjisi/116219/116225/2875474/index.html,200,SUCCESS,2026-09-08T11:32:00.604395Z,1cd321b7afdab963f50b2ff870c24219a9c72b7330b1cd2ec1f4ad36e241d3e9,31907
pbc-get-5788de07815e6d08f97a43ca,PBC_M2,https://www.pbc.gov.cn/diaochatongjisi/116219/116225/2824950/index.html,200,SUCCESS,2026-09-08T11:32:01.704540Z,2e792808fa7aecc7b0e6326dfd2c05e6e63ef681ba82c97c69ee7a1593d8a45f,33314
pbc-get-e9c11045362cf42bb03e2238,PBC_M2,https://www.pbc.gov.cn/diaochatongjisi/116219/116225/2896312/index.html,200,SUCCESS,2026-09-08T11:32:02.804663Z,8467d018731977b2fe2b4fda6484ef32f43cd15a3d72768e9ef0a4cfc5e372d9,29076
pbc-get-729b9c0ea1762b274f523fee,PBC_M2,https://www.pbc.gov.cn/diaochatongjisi/116219/116225/2827035/index.html,200,SUCCESS,2026-09-08T11:32:03.904776Z,0a0490d45c2c9dc1955a6dc24b08cacd5ccc774c38f433f9184cc54d1376fbfd,29061
pbc-get-ced6a9b7ee496a72b1c00474,PBC_M2,https://www.pbc.gov.cn/diaochatongjisi/116219/116225/2882662/index.html,200,SUCCESS,2026-09-08T11:32:05.005092Z,3e6dc2eaf03c52ebb54003acad43ab8388938c504974e90d808bb2c21ae4f744,28617
pbc-get-3e6dc63a0f777c8d7214934a,PBC_STATISTICS_INDEX,https://nanjing.pbc.gov.cn/goutongjiaoliu/113456/113469/11040-19.html,200,SUCCESS,2026-09-08T11:32:43.289335Z,32eca54f272328a351511c5efd8cb667b4eb58bd9c7c0dd63c5aa00183938dc6,38041
pbc-get-277d92324d01ac77422ce899,PBC_STATISTICS_INDEX,https://wzdig.pbc.gov.cn/search/pcRender?sr=score%2Bdesc&pageId=c177a85bd02b4114bebebd210809f691&ext=&pNo=1&q=2025%E5%B9%B41%E6%9C%88%E9%87%91%E8%9E%8D%E7%BB%9F%E8%AE%A1%E6%95%B0%E6%8D%AE%E6%8A%A5%E5%91%8A,200,CONTENT_REJECTED,2026-09-08T11:34:21.000906Z,f8fb8dc1de4686b333402daefe462693d9ec1afe0d8281cb4bbfb4893bf60847,748
pbc-get-55b39eb0ff8db490ee410491,PBC_STATISTICS_INDEX,https://wzdig.pbc.gov.cn/search/pcRender?sr=score%2Bdesc&pageId=c177a85bd02b4114bebebd210809f691&ext=&pNo=1&q=2016%E5%B9%B42%E6%9C%88%E7%A4%BE%E4%BC%9A%E8%9E%8D%E8%B5%84%E8%A7%84%E6%A8%A1%E5%AD%98%E9%87%8F,200,CONTENT_REJECTED,2026-09-08T11:34:23.201658Z,f8fb8dc1de4686b333402daefe462693d9ec1afe0d8281cb4bbfb4893bf60847,748
pbc-get-c18e8fd3ad57aaac8d9bff16,PBC_STATISTICS_INDEX,https://wzdig.pbc.gov.cn/search/pcRender?sr=score%2Bdesc&pageId=c177a85bd02b4114bebebd210809f691&ext=&pNo=1&q=2006%E5%B9%B4%E9%87%91%E8%9E%8D,200,CONTENT_REJECTED,2026-09-08T11:34:25.402166Z,f8fb8dc1de4686b333402daefe462693d9ec1afe0d8281cb4bbfb4893bf60847,748
